info: downloading https://releases.lean-lang.org/lean4/v4.33.1/lean-4.33.1-linux.tar.zst
info: installing /home/runner/.elan/toolchains/leanprover--lean4---v4.33.1
warning: manifest out of date: git revision of dependency 'mathlib' changed; use `lake update mathlib` to update it
info: mathlib: cloning https://github.com/leanprover-community/mathlib4.git
info: mathlib: checking out revision '0df444a360eaa60ab8c11dca51a86af692955474'
info: plausible: cloning https://github.com/leanprover-community/plausible
info: plausible: checking out revision 'b7eb3304aeae834b12dda98993a37f6a41f6f0bb'
info: LeanSearchClient: cloning https://github.com/leanprover-community/LeanSearchClient
info: LeanSearchClient: checking out revision '5f4d51b81cbd3f6b32b156bfad9056621a040404'
info: importGraph: cloning https://github.com/leanprover-community/import-graph
info: importGraph: checking out revision '16f02aa7642864af59f1ff0e384a015994db9118'
info: proofwidgets: cloning https://github.com/leanprover-community/ProofWidgets4
info: proofwidgets: checking out revision '4be2e3d5087eeb272cf5a8853b8f9dd025ef5957'
info: aesop: cloning https://github.com/leanprover-community/aesop
info: aesop: checking out revision '3448c0bcc5ce01b2d1546e483ec3620e32df3d0e'
info: Qq: cloning https://github.com/leanprover-community/quote4
info: Qq: checking out revision '92c15be17b7caf78c2ad767ec40f89052d908d81'
info: batteries: cloning https://github.com/leanprover-community/batteries
info: batteries: checking out revision '4488d40d070b9700d4d5a6aa342f0d40c31b2a2d'
info: Cli: cloning https://github.com/leanprover/lean4-cli
info: Cli: checking out revision '6130a47896ce867c6a4a55373441e59e565bad0f'
✔ [4/31] Built Mathlib.Tactic.Linter.DirectoryDependency (806ms)
✔ [5/31] Built Batteries.Lean.Position (371ms)
✔ [6/33] Built Batteries.Tactic.Lint.Basic (774ms)
✔ [7/35] Built Mathlib.Tactic.Linter.Header (1.1s)
✔ [8/35] Built Batteries.Tactic.Lint.Misc (782ms)
✔ [9/35] Built Mathlib.Tactic.Linter.UnusedTacticExtension (571ms)
✔ [10/35] Built Mathlib.Tactic.Linter.TacticDocumentation (395ms)
✔ [11/35] Built Mathlib.Tactic.Linter.PrivateModule (450ms)
✔ [12/35] Built Mathlib.Lean.Environment (368ms)
✔ [13/35] Built Mathlib.Lean.Elab.Tactic.Meta (547ms)
✔ [14/35] Built Mathlib.Lean.Expr.Basic (1.1s)
✔ [15/35] Built Mathlib.Tactic.Linter.OldObtain (419ms)
✔ [16/35] Built Mathlib.Tactic.Linter.Multigoal (642ms)
✔ [17/35] Built Mathlib.Tactic.Linter.HaveILetI (624ms)
✔ [18/35] Built Mathlib.Tactic.Linter.FlexibleLinter (1.7s)
✔ [19/35] Built Mathlib.Tactic.Linter.HashCommandLinter (662ms)
✔ [20/35] Built Mathlib.Tactic.Linter.GlobalAttributeIn (547ms)
✔ [21/35] Built Mathlib.Tactic.Linter.EmptyLine (789ms)
✔ [22/35] Built Mathlib.Tactic.Linter.DocString (1.0s)
✔ [23/35] Built Mathlib.Tactic.Linter.DocPrime (989ms)
✔ [24/35] Built Mathlib.Tactic.Linter.AuxLemma (528ms)
✔ [25/35] Built Mathlib.Tactic.Linter.DeprecatedSyntaxLinter (976ms)
✔ [26/35] Built Mathlib.Tactic.Lemma (381ms)
✔ [27/35] Built Mathlib.Tactic.AdaptationNote (588ms)
✔ [28/35] Built Mathlib.Lean.Linter (380ms)
✔ [29/37] Built Batteries.Tactic.Unreachable (402ms)
✔ [30/38] Built Mathlib.Lean.Elab.InfoTree (532ms)
✔ [31/38] Built Mathlib.Lean.ContextInfo (602ms)
✔ [32/38] Built Mathlib.Tactic.Linter.UnusedTactic (806ms)
✔ [33/38] Built Mathlib.Tactic.DeclarationNames (453ms)
✔ [34/39] Built Mathlib.Tactic.Linter.UnusedInstancesInType (1.0s)
✔ [35/39] Built Mathlib.Tactic.Linter.Whitespace (1.1s)
✔ [36/39] Built Mathlib.Tactic.Linter.OverlappingInstances (1.6s)
✔ [37/42] Built Mathlib.Tactic.Linter.Style (1.9s)
✔ [38/42] Built Batteries.Lean.Meta.Inaccessible (382ms)
✔ [39/50] Built Mathlib.Tactic.TacticAnalysis (865ms)
✔ [42/51] Built ImportGraph.Lean.Environment (291ms)
✔ [43/51] Built ImportGraph.Imports.ImportGraph (346ms)
✔ [44/51] Built Mathlib.Util.ParseCommand (456ms)
✔ [45/53] Built ImportGraph.Imports.RequiredModules (660ms)
✔ [46/53] Built Mathlib.Tactic.TypeStar (394ms)
✔ [47/55] Built ImportGraph.Imports.Redundant (319ms)
✔ [48/55] Built Batteries.Util.LibraryNote (452ms)
✔ [49/55] Built Batteries.Lean.Syntax (263ms)
✔ [50/57] Built Mathlib.Tactic.MinImports (962ms)
✔ [51/58] Built Batteries.Tactic.HelpCmd (1.7s)
✔ [52/58] Built Mathlib.Tactic.ExtractGoal (1.0s)
✔ [53/59] Built ImportGraph.Graph.TransitiveClosure (274ms)
✔ [54/61] Built Batteries.Util.ProofWanted (2.7s)
✔ [55/61] Built ImportGraph.Tools.ImportDiff (503ms)
✔ [56/61] Built ImportGraph.Tools.FindHome (705ms)
✔ [57/61] Built ImportGraph.Tools.MinImports (485ms)
✔ [58/61] Built ImportGraph.Tools.RedundantImports (417ms)
✔ [59/64] Built Mathlib.Tactic.TacticAnalysis.Declarations (2.2s)
✔ [60/67] Built ImportGraph.Tools (361ms)
✔ [61/67] Built Batteries.Tactic.Lint.TypeClass (445ms)
✔ [62/71] Built Batteries.Tactic.OpenPrivate (847ms)
✔ [63/72] Built Batteries.Tactic.Lint.Simp (1.0s)
✔ [64/72] Built Batteries.Tactic.Lint.Frontend (1.6s)
✔ [65/72] Built Mathlib.Util.CodeActions.BinderPlicity (489ms)
✔ [66/75] Built Batteries.Tactic.Lint (349ms)
✔ [67/75] Built Mathlib.Util.CodeActions (378ms)
✔ [68/75] Built Mathlib.Tactic.Linter.Lint (602ms)
✔ [69/76] Built Batteries.CodeAction.Deprecated (634ms)
✔ [70/77] Built Batteries.Util.ExtendedBinder (590ms)
✔ [71/77] Built Mathlib.Init (569ms)
✔ [72/79] Built Batteries.Lean.NameMapAttribute (401ms)
✔ [73/79] Built Batteries.Tactic.Alias (1.4s)
✔ [74/79] Built Mathlib.Lean.PrettyPrinter.Delaborator (656ms)
✔ [75/81] Built Mathlib.Control.Combinators (426ms)
✔ [76/81] Built Mathlib.Data.Option.Defs (514ms)
✔ [77/81] Built Mathlib.Data.String.Defs (495ms)
✔ [78/83] Built Mathlib.Util.AddRelatedDecl (1.2s)
✔ [79/84] Built Mathlib.Tactic.Translate.GuessName (1.1s)
✔ [80/84] Built Mathlib.Lean.Meta.Simp (1.0s)
✔ [81/85] Built Batteries.Tactic.Trans (1.6s)
✔ [82/86] Built Mathlib.Tactic.Eqns (531ms)
✔ [83/92] Built Mathlib.Tactic.SetNotationForOrder (1.6s)
✔ [84/92] Built Mathlib.Tactic.Translate.Attributes (478ms)
✔ [85/95] Built Mathlib.Tactic.Translate.UnfoldBoundary (1.7s)
✔ [86/96] Built Batteries.Logic (474ms)
✔ [87/98] Built Mathlib.Tactic.Translate.Reorder (2.4s)
✔ [88/98] Built Mathlib.Tactic.Attr.Register (969ms)
✔ [89/98] Built Mathlib.Logic.ExistsUnique (1.2s)
✔ [90/100] Built Mathlib.Logic.Nonempty (719ms)
✔ [91/100] Built Mathlib.Logic.Function.Defs (1.2s)
✔ [92/101] Built Mathlib.Tactic.Translate.Core (7.4s)
✔ [93/101] Built Mathlib.Logic.Basic (3.6s)
✔ [94/101] Built Mathlib.Tactic.Push.Attr (881ms)
✔ [95/101] Built Mathlib.Tactic.Translate.TagUnfoldBoundary (855ms)
✔ [96/105] Built Mathlib.Logic.Nontrivial.Defs (656ms)
✔ [97/105] Built Batteries.Tactic.Init (814ms)
✔ [98/105] Built Mathlib.Tactic.ExtendDoc (515ms)
✔ [99/110] Built Mathlib.Tactic.Translate.ToDual (1.2s)
✔ [100/110] Built Mathlib.Logic.IsEmpty.Defs (668ms)
✔ [102/110] Built Mathlib.Logic.Relator (636ms)
✔ [103/110] Built Mathlib.Tactic.ToDual (620ms)
✔ [105/111] Built Mathlib.Util.CompileInductive (1.5s)
✔ [106/112] Built Mathlib.Data.Set.Defs (1.5s)
✔ [107/114] Built Aesop.Script.Tactic (308ms)
✔ [108/114] Built Batteries.Lean.Meta.Basic (495ms)
✔ [109/115] Built Aesop.Script.GoalWithMVars (325ms)
✔ [110/115] Built Aesop.Script.TacticState (503ms)
✔ [111/120] Built Mathlib.Order.Defs.Unbundled (1.6s)
✔ [112/120] Built Aesop.Nanos (347ms)
✔ [113/121] Built Batteries.Data.Array.Merge (1.2s)
✔ [114/121] Built Aesop.Index.DiscrTreeConfig (297ms)
✔ [115/121] Built Aesop.Util.UnorderedArraySet (482ms)
✔ [116/123] Built Batteries.Tactic.PermuteGoals (456ms)
✔ [117/123] Built Mathlib.Logic.Function.Basic (4.1s)
✔ [118/129] Built Batteries.Lean.MonadBacktrack (282ms)
✔ [119/129] Built Aesop.Util.Basic (1.0s)
✔ [120/129] Built Batteries.Lean.Meta.SavedState (312ms)
✔ [121/129] Built Mathlib.Logic.IsEmpty.Basic (743ms)
✔ [122/130] Built Aesop.Check (442ms)
✔ [123/132] Built Aesop.Tracing (864ms)
✔ [124/134] Built Aesop.Util.EqualUpToIds (2.1s)
✔ [125/134] Built Aesop.Rule.Name (598ms)
✔ [126/134] Built Aesop.Script.Util (414ms)
✔ [127/135] Built Aesop.Options.Public (485ms)
✔ [128/137] Built Aesop.Script.OptimizeSyntax (533ms)
✔ [129/137] Built Aesop.Script.Step (865ms)
✔ [130/139] Built Aesop.Options.Internal (286ms)
✔ [131/139] Built Aesop.Stats.Basic (1.1s)
✔ [132/143] Built Aesop.Script.SScript (440ms)
✔ [133/144] Built Aesop.Script.UScript (375ms)
✔ [134/144] Built Aesop.Forward.LevelIndex (284ms)
✔ [135/144] Built Aesop.Forward.PremiseIndex (295ms)
✔ [136/144] Built Aesop.Percent (310ms)
✔ [137/144] Built Aesop.Script.Check (424ms)
✔ [138/148] Built Aesop.Script.UScriptToSScript (943ms)
✔ [139/148] Built Aesop.Forward.Substitution (890ms)
✔ [140/148] Built Aesop.Script.StructureDynamic (1.3s)
✔ [141/148] Built Aesop.Script.StructureStatic (752ms)
✔ [142/148] Built Aesop.RulePattern.Cache (335ms)
✔ [143/148] Built Aesop.Index.Basic (473ms)
✔ [144/151] Built Aesop.Script.Main (567ms)
✔ [145/151] Built Aesop.BaseM (381ms)
✔ [146/151] Built Aesop.Forward.SlotIndex (289ms)
✔ [147/151] Built Aesop.RuleTac.GoalDiff (924ms)
✔ [148/151] Built Aesop.RulePattern (1.2s)
✔ [149/152] Built Aesop.Util.UnionFind (450ms)
✔ [150/162] Built Aesop.RuleTac.Basic (520ms)
✔ [151/165] Built Batteries.Lean.TagAttribute (282ms)
✔ [152/169] Built Batteries.Linter.UnreachableTactic (640ms)
✔ [153/169] Built Batteries.Tactic.SeqFocus (551ms)
✔ [154/169] Built Batteries.Lean.AttributeExtra (382ms)
✔ [155/169] Built Aesop.RuleTac.RuleTerm (359ms)
✔ [156/171] Built Aesop.Script.CtorNames (587ms)
✔ [157/173] Built Aesop.ElabM (416ms)
✔ [158/173] Built Batteries.Linter.UnnecessarySeqFocus (997ms)
✔ [159/174] Built Aesop.RuleTac.ElabRuleTerm (633ms)
✔ [160/174] Built Aesop.Util.Tactic.Ext (623ms)
✔ [161/174] Built Aesop.Script.ScriptM (413ms)
✔ [162/178] Built Batteries.Linter (346ms)
✔ [163/178] Built Aesop.Util.Tactic (305ms)
✔ [164/181] Built Batteries.Tactic.Basic (379ms)
✔ [165/181] Built Aesop.Util.Unfold (578ms)
✔ [166/181] Built Aesop.RuleTac.Forward.Basic (541ms)
✔ [167/183] Built Batteries.Lean.Meta.UnusedNames (406ms)
✔ [168/183] Built Batteries.Classes.Order (780ms)
✔ [169/187] Built Aesop.Constants (234ms)
✔ [170/187] Built Aesop.Util.Tactic.Unfold (563ms)
✔ [171/187] Built Batteries.Data.UInt (853ms)
✔ [172/187] Built Aesop.EMap (737ms)
✔ [173/188] Built Aesop.Script.SpecificTactics (2.2s)
✔ [174/192] Built Aesop.Util.OrderedHashSet (495ms)
✔ [175/193] Built Batteries.Lean.Meta.Expr (291ms)
✔ [176/195] Built Batteries.Data.Array.Basic (3.1s)
✔ [177/196] Built Batteries.Lean.PersistentHashMap (275ms)
✔ [178/196] Built Batteries.Lean.Meta.InstantiateMVars (318ms)
✔ [179/196] Built Batteries.Lean.PersistentHashSet (332ms)
✔ [180/198] Built Batteries.Lean.Meta.DiscrTree (322ms)
✔ [181/200] Built Aesop.Forward.RuleInfo (950ms)
✔ [182/200] Built Aesop.RuleSet.Name (226ms)
✔ [183/204] Built Aesop.Index.RulePattern (699ms)
✔ [184/204] Built Aesop.Rule.Forward (462ms)
✔ [185/208] Built Aesop.RuleSet.Filter (336ms)
✔ [186/209] Built Aesop.Forward.Match.Types (460ms)
✔ [187/209] Built Batteries.Lean.HashSet (280ms)
✔ [188/210] Built Aesop.RuleTac.Descr (383ms)
✔ [189/211] Built Aesop.Index.Forward (619ms)
✔ [190/214] Built Aesop.Rule.Basic (406ms)
✔ [191/214] Built Aesop.RuleTac.Apply (589ms)
✔ [192/214] Built Aesop.RuleTac.Cases (751ms)
✔ [193/214] Built Aesop.Index (960ms)
✔ [194/216] Built Aesop.Rule (576ms)
✔ [195/216] Built Aesop.RuleTac.Preprocess (369ms)
✔ [196/216] Built Aesop.RuleTac.Tactic (685ms)
✔ [197/216] Built Aesop.RuleSet.Member (461ms)
✔ [198/216] Built Aesop.Forward.Match (1.3s)
✔ [199/218] Built Aesop.Tree.UnsafeQueue (467ms)
✔ [200/219] Built Aesop.Search.Expansion.Basic (421ms)
✔ [201/219] Built Aesop.Search.Expansion.Simp (480ms)
✔ [202/219] Built Aesop.Tree.Data.ForwardRuleMatches (478ms)
✔ [203/223] Built Aesop.RuleTac.Forward (1.5s)
✔ [204/223] Built Aesop.RuleSet (2.7s)
✔ [205/224] Built Aesop.RuleTac (392ms)
✔ [206/229] Built Aesop.Exception (342ms)
✔ [207/229] Built Aesop.Forward.State (5.1s)
✔ [208/232] Built Aesop.Frontend.Extension.Init (364ms)
✔ [209/232] Built Aesop.Forward.State.ApplyGoalDiff (515ms)
✔ [210/233] Built Aesop.Forward.State.Initial (499ms)
✔ [211/233] Built Aesop.Tree.Data (1.6s)
✔ [212/235] Built Aesop.Frontend.Extension (629ms)
✔ [213/235] Built Batteries.Control.ForInStep.Basic (279ms)
✔ [214/235] Built Aesop.Tree.Traversal (452ms)
✔ [215/235] Built Aesop.Tree.TreeM (697ms)
✔ [216/235] Built Aesop.Search.Queue.Class (340ms)
✔ [217/235] Built Aesop.Tree.RunMetaM (486ms)
✔ [218/235] Built Aesop.Tree.State (660ms)
✔ [219/235] Built Aesop.Tree.Stats (497ms)
✔ [220/235] Built Aesop.Tree.Free (488ms)
✔ [221/235] Built Aesop.Tree.ExtractScript (1.6s)
✔ [222/235] Built Aesop.Tree.ExtractProof (940ms)
✔ [223/235] Built Batteries.Data.BinomialHeap.Basic (4.9s)
✔ [224/236] Built Aesop.Search.SearchM (709ms)
✔ [225/236] Built Aesop.Tree.AddRapp (1.5s)
✔ [226/236] Built Aesop.Forward.State.UpdateGoal (540ms)
✔ [227/238] Built Aesop.Tree.Tracing (1.2s)
✔ [228/238] Built Aesop.Tree.Check (1.2s)
✔ [229/238] Built Aesop.Search.Queue (506ms)
✔ [230/238] Built Aesop.Builder.Basic (474ms)
✔ [231/239] Built Aesop.Search.RuleSelection (564ms)
✔ [232/240] Built Batteries.Lean.Expr (492ms)
✔ [233/240] Built Aesop.Builder.Constructors (411ms)
✔ [234/241] Built Aesop.Builder.Cases (527ms)
✔ [235/243] Built Aesop.Builder.NormSimp (449ms)
✔ [236/244] Built Aesop.Builder.Tactic (498ms)
✔ [237/247] Built Aesop.Builder.Apply (434ms)
✔ [238/248] Built Aesop.Search.Expansion.Norm (2.8s)
✔ [239/248] Built Aesop.Builder.Default (398ms)
✔ [240/250] Built Aesop.Builder.Unfold (457ms)
✔ [241/250] Built Aesop.Builder.Forward (1.2s)
✔ [242/250] Built Aesop.Stats.Extension (451ms)
✔ [243/250] Built Aesop.Stats.File (442ms)
✔ [244/251] Built Aesop.Search.Expansion (1.7s)
✔ [245/252] Built Aesop.Search.ExpandSafePrefix (764ms)
✔ [246/254] Built Aesop.Frontend.RuleExpr (2.4s)
✔ [247/254] Built Aesop.Frontend.Basic (313ms)
✔ [248/254] Built Aesop.Search.Main (2.1s)
✔ [249/254] Built Aesop.Frontend.Attribute (636ms)
✔ [250/257] Built Aesop.Stats.Report (675ms)
✔ [251/257] Built Aesop.Frontend.Tactic (961ms)
✔ [252/259] Built Aesop.Frontend.Command (1.2s)
✔ [253/259] Built Aesop.Main (854ms)
✔ [254/260] Built Aesop.BuiltinRules.Assumption (652ms)
✔ [255/262] Built Aesop.Saturate (3.0s)
✔ [256/262] Built Aesop.BuiltinRules.ApplyHyps (557ms)
✔ [257/263] Built Aesop.BuiltinRules.Ext (531ms)
✔ [258/263] Built Aesop.BuiltinRules.DestructProducts (709ms)
✔ [259/264] Built Aesop.BuiltinRules.Intros (492ms)
✔ [260/268] Built Aesop.Frontend.Saturate (999ms)
✔ [261/268] Built Aesop.BuiltinRules.Rfl (443ms)
✔ [262/271] Built Aesop.Frontend (416ms)
✔ [263/271] Built Aesop.BuiltinRules.Split (552ms)
✔ [264/273] Built Aesop.BuiltinRules.Subst (724ms)
✔ [265/273] Built Mathlib.Logic.Function.Conjugate (795ms)
✔ [266/274] Built Aesop.BuiltinRules (424ms)
✔ [267/274] Built Mathlib.Data.Nat.Notation (496ms)
✔ [268/274] Built Mathlib.Tactic.Inhabit (590ms)
✔ [269/275] Built Mathlib.Logic.Function.Iterate (1.1s)
✔ [270/275] Built Mathlib.Data.Prod.PProd (531ms)
✔ [271/278] Built Aesop (424ms)
✔ [272/278] Built Mathlib.Lean.Meta (824ms)
✔ [273/278] Built Mathlib.Data.Prod.Basic (1.4s)
✔ [274/278] Built Mathlib.Lean.Name (653ms)
✔ [275/279] Built Mathlib.Data.Option.Basic (1.3s)
✔ [276/280] Built Mathlib.Logic.Unique (1.1s)
✔ [277/285] Built Mathlib.Tactic.MkIffOfInductiveProp (1.9s)
✔ [278/285] Built Mathlib.Tactic.Simps.NotationClass (954ms)
✔ [279/287] Built Mathlib.Data.Sum.Basic (1.5s)
✔ [280/289] Built Mathlib.Tactic.Core (1.3s)
✔ [281/289] Built Mathlib.Tactic.Use (1.3s)
✔ [282/289] Built Mathlib.Tactic.SimpRw (820ms)
✔ [283/290] Built Mathlib.Order.Defs.Prop (466ms)
✔ [284/290] Built Mathlib.Tactic.SplitIfs (971ms)
✔ [285/294] Built Mathlib.Lean.Elab.Term (509ms)
✔ [286/294] Built Mathlib.Data.FunLike.Basic (749ms)
✔ [287/294] Built Mathlib.Util.WithWeakNamespace (571ms)
✔ [288/298] Built Mathlib.Data.FunLike.Embedding (582ms)
✔ [289/298] Built Mathlib.Logic.Relation (2.0s)
✔ [290/298] Built Mathlib.Tactic.ScopedNS (1.7s)
✔ [291/298] Built Mathlib.Data.FunLike.Equiv (848ms)
✔ [292/298] Built Mathlib.Tactic.Substs (729ms)
✔ [293/303] Built Mathlib.Tactic.Simps.Basic (4.8s)
✔ [294/303] Built Mathlib.Data.Subtype (1.0s)
✔ [295/304] Built Mathlib.Lean.Meta.CongrTheorems (1.7s)
✔ [296/304] Built Mathlib.Util.Notation3 (6.4s)
✔ [297/304] Built Mathlib.Tactic.CongrExclamation (2.8s)
✔ [298/304] Built Mathlib.Data.Sigma.Basic (1.2s)
✔ [299/309] Built Mathlib.Data.Quot (2.4s)
✔ [300/309] Built Mathlib.Tactic.Convert (2.2s)
✔ [301/311] Built Mathlib.Tactic.Conv (1.4s)
✔ [302/312] Built Mathlib.Util.AtLocation (904ms)
✔ [303/315] Built Mathlib.Tactic.Coe (745ms)
✔ [304/315] Built Mathlib.Logic.Equiv.Defs (4.4s)
✔ [305/315] Built Mathlib.Tactic.Lift (974ms)
✔ [306/315] Built Mathlib.Tactic.Push (2.4s)
✔ [307/315] Built Mathlib.Data.Int.Notation (488ms)
✔ [308/315] Built Mathlib.Control.EquivFunctor (761ms)
✔ [309/318] Built Mathlib.Tactic.Contrapose (898ms)
✔ [310/318] Built Mathlib.Logic.Equiv.Option (1.6s)
✔ [311/319] Built Batteries.Data.Nat.Basic (460ms)
✔ [312/321] Built Batteries.Data.Nat.Lemmas (797ms)
✔ [313/321] Built Mathlib.Data.Ordering.Basic (504ms)
✔ [314/321] Built Mathlib.Data.Nat.Init (2.0s)
✔ [315/323] Built Mathlib.Order.Defs.PartialOrder (1.2s)
✔ [316/323] Built Mathlib.Order.Defs.LinearOrder (1.5s)
✔ [317/328] Built Mathlib.Logic.Equiv.Prod (8.1s)
✔ [318/328] Built Batteries.Lean.Except (378ms)
✔ [319/328] Built Batteries.Tactic.Exact (412ms)
✔ [320/328] Built Mathlib.Tactic.GCongr.ForwardAttr (523ms)
✔ [322/328] Built Mathlib.Logic.Equiv.Sum (1.6s)
✔ [324/329] Built Mathlib.Tactic.GCongr.Core (4.6s)
✔ [325/330] Built Mathlib.Data.Nat.Basic (1.1s)
✔ [326/332] Built Qq.ForLean.ReduceEval (613ms)
✔ [327/333] Built Mathlib.Logic.Equiv.Basic (5.2s)
✔ [328/334] Built Qq.ForLean.ToExpr (371ms)
✔ [329/335] Built Qq.Typ (369ms)
✔ [330/336] Built Mathlib.Logic.Embedding.Basic (2.2s)
✔ [331/339] Built Qq.ForLean.Do (418ms)
✔ [332/344] Built Qq.SortLocalDecls (417ms)
✔ [335/347] Built Plausible.Random (583ms)
✔ [336/347] Built Qq.Macro (4.3s)
✔ [337/349] Built Plausible.Gen (757ms)
✔ [338/350] Built Qq.Commands (803ms)
✔ [339/351] Built Plausible.Shrinkable (415ms)
✔ [340/353] Built Qq.Delab (1.1s)
✔ [341/353] Built Plausible.Arbitrary (578ms)
✔ [342/355] Built Qq.MetaM (547ms)
✔ [343/355] Built Plausible.Attr (317ms)
✔ [344/355] Built Plausible.Sampleable (572ms)
✔ [345/355] Built Qq.MatchImpl (432ms)
✔ [346/357] Built Qq.AssertInstancesCommute (855ms)
✔ [347/358] Built Plausible.ArbitraryFueled (239ms)
✔ [348/358] Built Qq.Simp (358ms)
✔ [349/358] Built Plausible.Functions (513ms)
✔ [350/358] Built Plausible.Testable (1.6s)
✔ [351/359] Built Plausible.DeriveShrinkable (1.6s)
✔ [352/359] Built Qq.Match (3.7s)
✔ [353/359] Built Plausible.DeriveArbitrary (1.4s)
✔ [354/359] Built Plausible.Tactic (654ms)
✔ [355/360] Built Batteries.Tactic.Case (1.3s)
✔ [356/360] Built Qq (383ms)
✔ [357/361] Built Plausible (543ms)
✔ [358/362] Built Batteries.CodeAction.Attr (746ms)
✔ [359/362] Built Batteries.CodeAction.Basic (719ms)
✔ [360/367] Built Batteries.Tactic.GeneralizeProofs (2.7s)
✔ [362/369] Built Batteries.CodeAction.Misc (1.9s)
✔ [364/372] Built LeanSearchClient.Basic (332ms)
✔ [365/372] Built LeanSearchClient.Syntax (1.7s)
✔ [366/372] Built Batteries.Data.List.Basic (3.9s)
✔ [367/375] Built Mathlib.Tactic.ApplyCongr (608ms)
✔ [368/375] Built Batteries.CodeAction.Match (908ms)
✔ [369/375] Built LeanSearchClient.LoogleSyntax (1.1s)
✔ [370/377] Built Mathlib.Lean.Meta.Basic (708ms)
✔ [371/377] Built Mathlib.Tactic.ApplyWith (663ms)
✔ [372/378] Built Batteries.CodeAction (341ms)
✔ [373/378] Built LeanSearchClient (363ms)
✔ [374/379] Built Mathlib.Tactic.ApplyAt (561ms)
✔ [375/380] Built Mathlib.Tactic.PPWithUniv (652ms)
✔ [376/380] Built Mathlib.Tactic.ByCases (575ms)
✔ [377/381] Built Mathlib.Tactic.ByContra (619ms)
✔ [378/382] Built Mathlib.Tactic.Basic (938ms)
✔ [379/383] Built Mathlib.Tactic.CasesM (940ms)
✔ [380/384] Built Mathlib.Tactic.Check (977ms)
✔ [381/385] Built Mathlib.Tactic.Choose (1.3s)
✔ [382/385] Built Mathlib.Tactic.ClearExclamation (486ms)
✔ [383/393] Built Mathlib.Tactic.ClearExcept (564ms)
✔ [384/393] Built Mathlib.Tactic.Clear_ (542ms)
✔ [393/403] Built ProofWidgets.Compat (417ms)
✔ [394/404] Built ProofWidgets.Util (500ms)
✔ [395/406] Built ProofWidgets.Component.Basic (719ms)
✔ [396/408] Built Mathlib.Tactic.NthRewrite (743ms)
✔ [397/408] Built Mathlib.Tactic.GRewrite.Core (3.2s)
✔ [398/408] Built ProofWidgets.Component.Panel.Basic (561ms)
✔ [399/408] Built ProofWidgets.Data.Html (2.3s)
✔ [400/408] Built ProofWidgets.Component.MakeEditLink (530ms)
✔ [401/411] Built Mathlib.Tactic.GRewrite.Elab (1.0s)
✔ [402/411] Built ProofWidgets.Component.FilterDetails (532ms)
✔ [403/412] Built ProofWidgets.Component.RefreshComponent (794ms)
✔ [404/412] Built Mathlib.Tactic.DepRewrite (3.8s)
✔ [405/415] Built Mathlib.Tactic.GRewrite (434ms)
✔ [406/415] Built Mathlib.Tactic.Attr.Core (402ms)
✔ [407/415] Built Mathlib.Control.Basic (1.0s)
✔ [408/422] Built Mathlib.Lean.FoldEnvironment (784ms)
✔ [409/422] Built Mathlib.Tactic.ClickSuggestions.Util (2.8s)
✔ [410/422] Built Mathlib.Lean.Meta.RefinedDiscrTree.Basic (1.2s)
✔ [411/422] Built Mathlib.Tactic.ClickSuggestions.SectionState (974ms)
✔ [412/425] Built Mathlib.Lean.Meta.RefinedDiscrTree.Initialize (1.6s)
✔ [413/425] Built Mathlib.Lean.Meta.RefinedDiscrTree.Encode (1.3s)
✔ [414/425] Built Mathlib.Tactic.ClickSuggestions.ApplyAt (1.0s)
✔ [415/425] Built Mathlib.Tactic.ClickSuggestions.Apply (951ms)
✔ [416/426] Built Mathlib.Tactic.ClickSuggestions.Rewrite (1.2s)
✔ [417/426] Built Mathlib.Tactic.ClickSuggestions.GRewrite (1.7s)
✔ [418/426] Built Mathlib.Lean.GoalsLocation (510ms)
✔ [419/426] Built Mathlib.Tactic.Widget.SelectInsertParamsClass (594ms)
✔ [420/429] Built Mathlib.Lean.Meta.KAbstractPositions (627ms)
✔ [421/431] Built Mathlib.Lean.Meta.RefinedDiscrTree.Lookup (1.5s)
✔ [422/431] Built Mathlib.Tactic.Widget.SelectPanelUtils (921ms)
✔ [423/434] Built Mathlib.Lean.Meta.RefinedDiscrTree (589ms)
✔ [424/434] Built ProofWidgets.Cancellable (700ms)
✔ [425/434] Built Mathlib.Tactic.ClickSuggestions.FindPremises (1.6s)
✔ [426/434] Built ProofWidgets.Component.OfRpcMethod (643ms)
✔ [427/436] Built Mathlib.Tactic.TermCongr (2.7s)
✔ [428/436] Built Mathlib.Tactic.Constructor (543ms)
✔ [429/437] Built Mathlib.Tactic.ClickSuggestions.Unfold (938ms)
✔ [430/437] Built Mathlib.Tactic.ClickSuggestions.TryPremises (1.8s)
✔ [431/437] Built Mathlib.Tactic.CongrM (646ms)
✔ [432/438] Built Mathlib.Tactic.Widget.Conv (2.0s)
✔ [433/438] Built Mathlib.Lean.MessageData.Trace (543ms)
✔ [434/439] Built Mathlib.Tactic.ClickSuggestions (1.2s)
✔ [435/440] Built Mathlib.Tactic.DefEqTransformations (1.6s)
✔ [436/440] Built Mathlib.Tactic.DeprecateTo (1.1s)
✔ [437/441] Built Mathlib.Tactic.DSimpPercent (608ms)
✔ [438/442] Built Mathlib.Tactic.DefEqAbuse (1.7s)
✔ [439/442] Built Mathlib.Tactic.ExistsI (522ms)
✔ [440/444] Built Mathlib.Tactic.ErwQuestion (1.1s)
✔ [441/445] Built Batteries.Util.Cache (467ms)
✔ [442/445] Built Mathlib.Tactic.FailIfNoProgress (959ms)
✔ [443/448] Built Mathlib.Tactic.Find (811ms)
✔ [444/448] Built Mathlib.Tactic.FunProp.Decl (1.0s)
✔ [445/455] Built Mathlib.Tactic.FunProp.Mor (830ms)
✔ [446/456] Built Mathlib.Tactic.GCongr.CoreAttrs (629ms)
✔ [447/463] Built Mathlib.Tactic.FunProp.ToBatteries (1.2s)
✔ [448/464] Built Batteries.Control.Lemmas (328ms)
✔ [449/465] Built Batteries.Control.LawfulMonadState (1.1s)
✔ [450/466] Built Mathlib.Tactic.FunProp.FunctionData (1.4s)
✔ [451/466] Built Batteries.Control.OptionT (389ms)
✔ [452/467] Built Mathlib.Tactic.GrindAttrs (634ms)
✔ [453/467] Built Mathlib.Tactic.GuardGoalNums (479ms)
✔ [454/468] Built Mathlib.Tactic.FunProp.Types (857ms)
✔ [455/468] Built Mathlib.Tactic.GuardHypNums (502ms)
✔ [456/468] Built Batteries.Control.AlternativeMonad (655ms)
✔ [457/468] Built Mathlib.Tactic.HigherOrder (839ms)
✔ [458/468] Built Mathlib.Tactic.InferParam (537ms)
✔ [459/470] Built Mathlib.Tactic.FunProp.Theorems (1.6s)
✔ [460/470] Built Batteries.Data.MLList.Basic (1.0s)
✔ [461/470] Built Mathlib.Tactic.FunProp.Attr (584ms)
✔ [462/471] Built Mathlib.Util.TermReduce (941ms)
✔ [463/472] Built Batteries.Control.Nondet.Basic (637ms)
✔ [464/472] Built Mathlib.Tactic.IrreducibleDef (1.3s)
✔ [465/473] Built Mathlib.Tactic.FunProp.Core (4.2s)
✔ [466/473] Built Mathlib.Tactic.Linter.HaveLetLinter (743ms)
✔ [467/475] Built Mathlib.Tactic.Hint (863ms)
✔ [468/475] Built Mathlib.Tactic.Linter.MinImports (856ms)
✔ [469/476] Built Mathlib.Tactic.Linter.PPRoundtrip (825ms)
✔ [470/476] Built Mathlib.Tactic.FunProp.Elab (1.2s)
✔ [471/477] Built Mathlib.Tactic.GCongr (478ms)
✔ [472/477] Built Mathlib.Tactic.Linter.UpstreamableDecl (650ms)
✔ [473/478] Built Mathlib.Tactic.Observe (778ms)
✔ [474/479] Built Mathlib.Tactic.FunProp (464ms)
✔ [475/480] Built Mathlib.Tactic.Linter (410ms)
✔ [476/480] Built Mathlib.Tactic.OfNat (475ms)
✔ [477/481] Built Mathlib.Tactic.RSuffices (538ms)
✔ [478/481] Built Mathlib.Tactic.Recover (737ms)
✔ [479/484] Built Mathlib.Tactic.Relation.Rfl (585ms)
✔ [480/485] Built Mathlib.Tactic.Rename (631ms)
✔ [481/486] Built Mathlib.Util.Tactic (497ms)
✔ [482/487] Built Mathlib.Tactic.Says (882ms)
✔ [483/487] Built Mathlib.Tactic.Set (889ms)
✔ [484/488] Built Mathlib.Tactic.RenameBVar (601ms)
✔ [485/489] Built Mathlib.Tactic.SimpIntro (814ms)
✔ [486/490] Built Mathlib.Tactic.Spread (1.1s)
✔ [487/491] Built Mathlib.Tactic.Simproc.ExistsAndEq (1.9s)
✔ [488/492] Built Mathlib.Tactic.SuccessIfFailWithMsg (672ms)
✔ [489/493] Built Mathlib.Tactic.Subsingleton (1.1s)
✔ [490/495] Built Mathlib.Tactic.SudoSetOption (618ms)
✔ [491/495] Built Mathlib.Tactic.SwapVar (546ms)
✔ [492/496] Built Mathlib.Tactic.ToFun (748ms)
✔ [493/497] Built Mathlib.Tactic.ToExpr (799ms)
✔ [494/498] Built Mathlib.Tactic.Tauto (2.0s)
✔ [495/499] Built Mathlib.Tactic.ToLevel (476ms)
✔ [496/500] Built Mathlib.Tactic.UnsetOption (488ms)
✔ [497/501] Built Mathlib.Tactic.Trace (557ms)
✔ [498/502] Built Mathlib.Tactic.Widget.Calc (1.8s)
✔ [499/503] Built Mathlib.Tactic.Variable (1.9s)
✔ [500/504] Built Mathlib.Tactic.Widget.CongrM (648ms)
✔ [501/505] Built Mathlib.Tactic.WLOG (1.1s)
✔ [502/505] Built Mathlib.Util.CountHeartbeats (1.4s)
✔ [503/508] Built Mathlib.Tactic.Widget.LibraryRewrite (3.0s)
✔ [504/509] Built Mathlib.Util.TransImports (534ms)
✔ [505/511] Built Mathlib.Util.PrintSorries (780ms)
✔ [506/511] Built Mathlib.Util.WhatsNew (922ms)
✔ [507/511] Built Mathlib.Tactic.Monotonicity.Attr (480ms)
✔ [508/515] Built Mathlib.Tactic.CrossRefAttribute (1.4s)
✔ [509/517] Built Mathlib.Tactic.Common (830ms)
✔ [510/520] Built Mathlib.Tactic.Translate.ToAdditive (958ms)
✔ [511/520] Built Mathlib.Data.Nat.BinaryRec (1.2s)
✔ [512/520] Built Mathlib.Tactic.ToAdditive (579ms)
✔ [513/524] Built Mathlib.Algebra.Notation.Defs (1.1s)
✔ [514/524] Built Mathlib.Data.Nat.Factorial.Basic (3.3s)
✔ [515/524] Built Mathlib.Algebra.Regular.Defs (511ms)
✔ [516/526] Built Mathlib.Algebra.Notation.Pi.Defs (998ms)
✔ [517/533] Built Mathlib.Data.Int.Init (2.3s)
✔ [518/536] Built Mathlib.Algebra.Notation.Pi.Basic (944ms)
✔ [519/536] Built Batteries.Control.ForInStep.Lemmas (383ms)
✔ [520/536] Built Mathlib.Algebra.Group.Defs (5.6s)
✔ [521/536] Built Mathlib.Algebra.Opposites (1.9s)
✔ [522/536] Built Mathlib.Algebra.Group.InjSurj (3.2s)
✔ [523/536] Built Mathlib.Algebra.Group.Semiconj.Defs (981ms)
✔ [524/536] Built Batteries.Data.List.Lemmas (11s)
✔ [525/538] Built Mathlib.Algebra.Group.Basic (6.9s)
✔ [526/538] Built Mathlib.Algebra.Group.Commute.Defs (1.1s)
✔ [527/538] Built Mathlib.Algebra.Group.Hom.Defs (5.4s)
✔ [528/538] Built Mathlib.Algebra.BigOperators.Group.List.Defs (777ms)
✔ [529/539] Built Mathlib.Algebra.Group.Torsion (942ms)
✔ [530/539] Built Batteries.Data.List.Count (1.0s)
✔ [531/539] Built Mathlib.Algebra.Group.Hom.Basic (2.1s)
✔ [532/539] Built Mathlib.Algebra.Group.Equiv.Defs (3.2s)
✔ [533/539] Built Mathlib.Algebra.Group.Opposite (1.9s)
✔ [534/542] Built Mathlib.Control.Functor (1.1s)
✔ [535/542] Built Mathlib.Algebra.Group.TypeTags.Basic (2.6s)
✔ [536/543] Built Batteries.Data.List.Perm (2.2s)
✔ [537/545] Built Mathlib.Algebra.Group.Equiv.Basic (2.2s)
✔ [538/545] Built Mathlib.Tactic.FBinop (1.6s)
✔ [539/545] Built Mathlib.Data.List.Monad (546ms)
✔ [540/546] Built Mathlib.Logic.OpClass (521ms)
✔ [541/549] Built Mathlib.Data.SProd (556ms)
✔ [542/549] Built Mathlib.Algebra.Group.Equiv.Opposite (1.9s)
✔ [543/550] Built Mathlib.Data.List.Defs (1.7s)
✔ [544/552] Built Mathlib.Data.List.InsertIdx (1.3s)
✔ [545/552] Built Mathlib.Data.Set.CoeSort (511ms)
✔ [546/555] Built Mathlib.Order.Notation (1.4s)
✔ [547/555] Built Mathlib.Data.Set.Operations (1.0s)
✔ [548/558] Built Mathlib.Tactic.FastInstance (1.4s)
✔ [549/559] Built Mathlib.Data.List.Basic (7.2s)
✔ [550/565] Built Mathlib.Data.List.Forall2 (2.9s)
✔ [551/565] Built Mathlib.Order.Basic (4.7s)
✔ [552/565] Built Mathlib.Logic.Function.ULift (495ms)
✔ [553/565] Built Mathlib.Tactic.Finiteness.Attr (517ms)
✔ [554/565] Built Mathlib.Data.List.Perm.Basic (1.7s)
✔ [555/565] Built Mathlib.Order.OrderDual (1.4s)
✔ [556/565] Built Mathlib.Order.ULift (908ms)
✔ [557/565] Built Mathlib.Order.Monotone.Defs (2.3s)
✔ [558/565] Built Mathlib.Data.List.Perm.Subperm (900ms)
✔ [559/567] Built Mathlib.Order.Max (1.4s)
✔ [560/570] Built Mathlib.Order.RelClasses (2.3s)
✔ [561/570] Built Mathlib.Order.BoundedOrder.Basic (2.2s)
✔ [562/570] Built Mathlib.Data.Multiset.Defs (2.0s)
✔ [563/571] Built Mathlib.Data.List.Nodup (4.1s)
✔ [564/571] Built Mathlib.Data.List.Count (1.1s)
✔ [565/573] Built Batteries.Tactic.Congr (767ms)
✔ [566/573] Built Mathlib.Data.Bool.Basic (1.4s)
✔ [567/584] Built Mathlib.Logic.Pairwise (771ms)
✔ [568/584] Built Mathlib.Data.Multiset.ZeroCons (3.1s)
✔ [569/584] Built Mathlib.Data.Int.Order.Basic (800ms)
✔ [570/584] Built Mathlib.Order.Compare (1.2s)
✔ [571/584] Built Mathlib.Data.Multiset.Count (1.6s)
✔ [572/584] Built Mathlib.Data.Multiset.Basic (1.2s)
✔ [573/584] Built Mathlib.Data.Multiset.AddSub (2.6s)
✔ [574/591] Built Mathlib.Order.Monotone.Basic (3.3s)
✔ [575/591] Built Mathlib.Data.Multiset.Replicate (1.3s)
✔ [576/595] Built Mathlib.Order.GaloisConnection.Defs (1.8s)
✔ [577/602] Built Mathlib.Order.Lattice (5.4s)
✔ [578/602] Built Mathlib.Order.BoundedOrder.Lattice (1.1s)
✔ [579/607] Built Mathlib.Order.RelIso.Basic (4.7s)
✔ [580/608] Built Mathlib.Tactic.SetLike (514ms)
✔ [581/611] Built Mathlib.Data.Finset.Attr (537ms)
✔ [582/611] Built Mathlib.Order.Disjoint (2.9s)
✔ [583/611] Built Batteries.Data.List.Pairwise (579ms)
✔ [584/611] Built Mathlib.Data.List.Lattice (2.3s)
✔ [585/613] Built Mathlib.Order.PropInstances (924ms)
✔ [586/613] Built Mathlib.Data.List.Dedup (1.4s)
✔ [587/613] Built Mathlib.Order.Hom.Basic (6.7s)
✔ [588/617] Built Mathlib.Order.Heyting.Basic (6.1s)
✔ [589/618] Built Mathlib.Data.Set.Basic (4.2s)
✔ [590/618] Built Mathlib.Order.BooleanAlgebra.Defs (974ms)
✔ [591/618] Built Mathlib.Data.List.TakeDrop (3.2s)
✔ [592/618] Built Mathlib.Order.MinMax (1.4s)
✔ [593/618] Built Mathlib.Data.SetLike.Basic (1.4s)
✔ [594/618] Built Mathlib.Data.Set.Inclusion (723ms)
✔ [595/618] Built Mathlib.Data.Set.Disjoint (995ms)
✔ [596/621] Built Mathlib.Data.List.Perm.Lattice (1.4s)
✔ [597/621] Built Mathlib.Order.BooleanAlgebra.Basic (4.5s)
✔ [598/626] Built Mathlib.Data.Set.Insert (3.2s)
✔ [599/626] Built Mathlib.Data.List.Induction (1.9s)
✔ [600/626] Built Mathlib.Order.SymmDiff (3.4s)
✔ [601/626] Built Mathlib.Order.BooleanAlgebra.Set (3.3s)
✔ [602/627] Built Mathlib.Util.PPOptions (492ms)
✔ [603/627] Built Mathlib.Data.Set.Subsingleton (1.7s)
✔ [604/627] Built Mathlib.Data.Set.SymmDiff (841ms)
✔ [605/630] Built Mathlib.Data.List.Infix (1.9s)
✔ [606/630] Built Mathlib.Util.Delaborators (2.9s)
✔ [607/637] Built Mathlib.Order.Interval.Set.Defs (878ms)
✔ [608/642] Built Mathlib.Algebra.NeZero (723ms)
✔ [609/643] Built Mathlib.Data.Finite.Defs (970ms)
✔ [610/647] Built Mathlib.Order.Lex (1.1s)
✔ [611/649] Built Mathlib.Algebra.Divisibility.Basic (1.9s)
✔ [612/649] Built Mathlib.Data.Set.Image (7.9s)
✔ [613/649] Built Mathlib.Algebra.Group.Nat.Defs (593ms)
✔ [614/649] Built Mathlib.Algebra.Group.Int.Defs (692ms)
✔ [615/649] Built Mathlib.Order.Directed (1.0s)
✔ [616/649] Built Mathlib.Data.Set.Restrict (1.8s)
✔ [617/652] Built Mathlib.Data.Set.List (882ms)
✔ [618/653] Built Mathlib.Algebra.BigOperators.Group.List.Basic (4.2s)
✔ [619/653] Built Mathlib.Data.Set.Prod (7.6s)
✔ [620/654] Built Mathlib.Data.Multiset.MapFold (2.6s)
✔ [621/654] Built Mathlib.Data.List.Flatten (1.2s)
✔ [622/654] Built Mathlib.Algebra.Group.Units.Defs (3.4s)
✔ [623/657] Built Mathlib.Data.List.Pairwise (2.1s)
✔ [624/658] Built Mathlib.Algebra.Group.Nat.Units (766ms)
✔ [625/658] Built Mathlib.Data.List.Lex (1.6s)
✔ [626/660] Built Mathlib.Data.Set.Function (6.7s)
✔ [627/660] Built Mathlib.Algebra.Group.Int.Units (954ms)
✔ [628/660] Built Mathlib.Data.List.Rotate (2.0s)
✔ [629/660] Built Mathlib.Data.List.Chain (4.1s)
✔ [630/660] Built Mathlib.Data.Multiset.Filter (2.5s)
✔ [631/660] Built Mathlib.Logic.Equiv.Set (3.5s)
✔ [632/662] Built Mathlib.Data.Set.Pairwise.Basic (2.8s)
✔ [633/662] Built Mathlib.Data.List.Range (880ms)
✔ [634/662] Built Mathlib.Data.List.ProdSigma (916ms)
✔ [635/662] Built Mathlib.Algebra.BigOperators.Group.Multiset.Defs (1.3s)
✔ [636/664] Built Mathlib.Data.Multiset.UnionInter (2.7s)
✔ [637/664] Built Mathlib.Data.Finset.Defs (1.8s)
✔ [638/664] Built Mathlib.Algebra.BigOperators.Group.List.Lemmas (1.7s)
✔ [639/664] Built Mathlib.Algebra.Group.Units.Basic (2.7s)
✔ [640/664] Built Mathlib.Data.Multiset.Range (929ms)
✔ [641/664] Built Mathlib.Data.Multiset.Dedup (1.2s)
✔ [642/664] Built Mathlib.Algebra.Notation.Prod (1.1s)
✔ [643/664] Built Mathlib.Data.Finset.Erase (1.1s)
✔ [644/664] Built Mathlib.Data.Finset.Empty (1.3s)
✔ [645/664] Built Mathlib.Data.Finset.Attach (868ms)
✔ [646/664] Built Mathlib.Data.Finset.Dedup (1.3s)
✔ [647/665] Built Mathlib.Algebra.Group.Units.Hom (1.0s)
✔ [648/665] Built Mathlib.Data.Finset.Filter (1.7s)
✔ [649/665] Built Mathlib.Data.Multiset.FinsetOps (1.8s)
✔ [650/669] Built Mathlib.Algebra.Order.Monoid.Unbundled.Defs (1.8s)
✔ [651/670] Built Mathlib.Data.Fintype.Defs (2.1s)
✔ [652/670] Built Mathlib.Algebra.Group.Prod (4.2s)
✔ [653/670] Built Mathlib.Data.Finset.Lattice.Basic (2.3s)
✔ [654/676] Built Mathlib.Algebra.Order.ZeroLEOne (714ms)
✔ [655/676] Built Mathlib.Data.Finset.Insert (3.7s)
✔ [656/677] Built Mathlib.Algebra.Order.IsBotOne (1.1s)
✔ [657/677] Built Mathlib.Data.Multiset.Fold (1.1s)
✔ [658/677] Built Mathlib.Data.Finset.Lattice.Lemmas (1.4s)
✔ [659/677] Built Mathlib.Data.Finset.SDiff (2.0s)
✔ [660/677] Built Mathlib.Data.Finset.Range (1.4s)
✔ [661/678] Built Mathlib.Data.Finset.Disjoint (1.5s)
✔ [662/678] Built Mathlib.Algebra.Order.Monoid.Unbundled.Basic (5.3s)
✔ [663/680] Built Mathlib.Data.Finset.Basic (4.9s)
✔ [664/680] Built Mathlib.Algebra.Order.Sub.Defs (2.0s)
✔ [665/680] Built Mathlib.Algebra.Order.Monoid.Unbundled.ExistsOfLE (997ms)
✔ [666/684] Built Mathlib.Data.Finset.Image (4.7s)
✔ [667/684] Built Mathlib.Algebra.Order.Sub.Unbundled.Basic (1.6s)
✔ [668/684] Built Mathlib.Order.SetNotation (3.3s)
✔ [669/684] Built Mathlib.Algebra.Order.Group.Multiset (1.4s)
✔ [670/684] Built Mathlib.Data.Finset.BooleanAlgebra (1.9s)
✔ [671/684] Built Mathlib.Data.Finset.Fold (1.9s)
✔ [672/684] Built Mathlib.Data.Fintype.OfMap (1.5s)
✔ [673/684] Built Mathlib.Data.Finset.SymmDiff (1.1s)
✔ [674/684] Built Mathlib.Data.List.Enum (910ms)
✔ [675/687] Built Mathlib.Data.Finset.Card (8.7s)
✔ [676/687] Built Mathlib.Data.Nat.Choose.Basic (2.9s)
✔ [677/687] Built Mathlib.Algebra.BigOperators.Group.Multiset.Basic (2.1s)
✔ [678/687] Built Mathlib.Data.Fintype.Sets (1.9s)
✔ [679/688] Built Mathlib.Data.List.OffDiag (1.7s)
✔ [680/688] Built Mathlib.Data.Multiset.Sum (1.2s)
✔ [681/691] Built Mathlib.Data.Set.Piecewise (1.4s)
✔ [682/691] Built Mathlib.Data.Multiset.Bind (2.7s)
✔ [683/691] Built Mathlib.Data.Finset.Sum (2.6s)
✔ [684/691] Built Mathlib.Order.Interval.Set.Basic (5.1s)
✔ [685/692] Built Mathlib.Algebra.BigOperators.Group.Finset.Defs (5.8s)
✔ [686/692] Built Mathlib.Data.Finset.Union (3.3s)
✔ [687/692] Built Mathlib.Data.Finset.Piecewise (1.5s)
✔ [688/694] Built Mathlib.Data.Multiset.Lattice (1.2s)
✔ [689/694] Built Mathlib.Data.Bool.Set (880ms)
✔ [690/695] Built Mathlib.Data.Nat.Set (924ms)
✔ [691/697] Built Mathlib.Data.Finset.Prod (3.3s)
✔ [692/697] Built Mathlib.Data.Set.NAry (2.7s)
✔ [693/698] Built Mathlib.Control.ULift (781ms)
✔ [694/699] Built Mathlib.Data.ULift (885ms)
✔ [695/702] Built Mathlib.Order.Antisymmetrization (2.2s)
✔ [696/703] Built Mathlib.Order.Bounds.Defs (548ms)
✔ [697/703] Built Mathlib.Order.BoundedOrder.Monotone (913ms)
✔ [698/707] Built Mathlib.Algebra.BigOperators.Group.Finset.Basic (8.7s)
✔ [699/707] Built Mathlib.Algebra.BigOperators.Group.Finset.Piecewise (3.0s)
✔ [700/708] Built Mathlib.Order.Bounds.Basic (4.0s)
✔ [701/708] Built Mathlib.Order.WellFounded (1.8s)
✔ [702/709] Built Mathlib.Order.CompleteLattice.Defs (2.0s)
✔ [703/714] Built Mathlib.Logic.Nontrivial.Basic (704ms)
✔ [704/714] Built Mathlib.Order.Bounds.Image (2.6s)
✔ [705/714] Built Mathlib.Order.TypeTags (873ms)
✔ [706/717] Built Mathlib.Order.Hom.Set (2.8s)
✔ [707/717] Built Mathlib.Data.Option.NAry (1.1s)
✔ [708/717] Built Mathlib.Order.Hom.Bounded (3.2s)
✔ [709/720] Built Mathlib.Order.CompleteLattice.Basic (6.2s)
✔ [710/721] Built Mathlib.Order.Hom.Lattice (3.4s)
✔ [711/721] Built Mathlib.Order.CompleteLattice.Lemmas (1.7s)
✔ [712/721] Built Mathlib.Data.Nat.Find (1.4s)
✔ [713/722] Built Mathlib.Order.Hom.BoundedLattice (4.1s)
✔ [714/722] Built Mathlib.Order.Nat (712ms)
✔ [715/728] Built Mathlib.Order.WithBot (9.4s)
✔ [716/728] Built Mathlib.Data.Finset.Option (1.4s)
✔ [717/733] Built Mathlib.Algebra.BigOperators.Option (1.0s)
✔ [718/733] Built Mathlib.Data.Int.DivMod (601ms)
✔ [719/741] Built Mathlib.Order.GaloisConnection.Basic (2.6s)
✔ [720/742] Built Batteries.Data.Fin.Basic (847ms)
✔ [721/742] Built Batteries.Data.Fin.Lemmas (2.2s)
✔ [722/746] Built Mathlib.Data.Fin.Basic (3.2s)
✔ [723/747] Built Mathlib.Order.CompleteBooleanAlgebra (6.4s)
✔ [724/748] Built Mathlib.Data.List.Duplicate (1.1s)
✔ [725/748] Built Mathlib.Data.Set.BooleanAlgebra (822ms)
✔ [726/748] Built Mathlib.Data.Fin.SuccPred (6.1s)
✔ [727/748] Built Mathlib.Data.Set.Lattice (8.2s)
✔ [728/748] Built Mathlib.Data.Set.Sigma (3.6s)
✔ [729/748] Built Mathlib.Data.Fin.Embedding (1.2s)
✔ [730/748] Built Mathlib.Data.Fin.Rev (1.1s)
✔ [731/752] Built Mathlib.Data.Finset.Lattice.Fold (7.0s)
✔ [732/752] Built Mathlib.Data.Set.Lattice.Image (5.8s)
✔ [733/752] Built Mathlib.Lean.Expr.ExtraRecognizers (561ms)
✔ [734/752] Built Mathlib.Order.Fin.Basic (2.3s)
✔ [735/752] Built Mathlib.Data.Set.Notation (750ms)
✔ [736/755] Built Mathlib.Order.CompleteLattice.Finset (2.1s)
✔ [737/755] Built Mathlib.Logic.Embedding.Set (1.9s)
✔ [738/755] Built Mathlib.Data.Finset.Sigma (2.2s)
✔ [739/756] Built Mathlib.Tactic.Nontriviality.Core (1.2s)
✔ [740/756] Built Mathlib.Data.Fin.Tuple.Basic (6.6s)
✔ [741/756] Built Mathlib.Data.Fintype.Sigma (2.1s)
✔ [742/760] Built Mathlib.Algebra.BigOperators.Group.Finset.Sigma (1.7s)
✔ [743/760] Built Mathlib.Tactic.Nontriviality (505ms)
✔ [744/760] Built Mathlib.Data.Multiset.Pi (1.4s)
✔ [745/761] Built Mathlib.Data.List.OfFn (1.6s)
✔ [746/761] Built Mathlib.Logic.Function.DependsOn (891ms)
✔ [747/761] Built Mathlib.Data.List.FinRange (1.2s)
✔ [748/763] Built Mathlib.Data.Setoid.Basic (2.5s)
✔ [749/763] Built Mathlib.Data.List.Sort (5.4s)
✔ [750/763] Built Mathlib.Data.Finset.Pi (1.0s)
✔ [751/765] Built Mathlib.Data.Fintype.Basic (2.0s)
✔ [752/769] Built Mathlib.Data.Vector.Defs (1.5s)
✔ [753/769] Built Mathlib.Control.Applicative (988ms)
✔ [754/769] Built Mathlib.Data.List.NodupEquivFin (1.8s)
✔ [755/770] Built Mathlib.Control.Traversable.Basic (1.1s)
✔ [756/772] Built Mathlib.Data.Fintype.Card (2.4s)
✔ [757/772] Built Mathlib.Tactic.ApplyFun (1.6s)
✔ [758/772] Built Mathlib.Data.Fintype.EquivFin (2.3s)
✔ [759/772] Built Mathlib.Data.Vector.Basic (3.8s)
✔ [760/772] Built Mathlib.Logic.Equiv.Embedding (953ms)
✔ [761/772] Built Mathlib.Data.Set.Finite.Range (1.3s)
✔ [762/772] Built Mathlib.Data.Fintype.Sum (1.7s)
✔ [763/772] Built Mathlib.Data.Fintype.Prod (1.2s)
✔ [764/772] Built Mathlib.Data.Set.Finite.Basic (4.0s)
✔ [765/774] Built Mathlib.Data.Fintype.Option (1.0s)
✔ [766/774] Built Mathlib.Data.Fintype.Pi (2.4s)
✔ [767/774] Built Mathlib.Data.Sym.Basic (3.2s)
✔ [768/774] Built Mathlib.Algebra.Group.Pointwise.Set.Scalar (2.2s)
✔ [769/775] Built Mathlib.Algebra.Group.Action.Defs (3.2s)
✔ [770/778] Built Mathlib.Data.Finite.Prod (1.6s)
✔ [771/778] Built Mathlib.Algebra.GroupWithZero.Defs (1.6s)
✔ [772/781] Built Mathlib.Data.Fintype.Vector (1.0s)
✔ [773/781] Built Mathlib.Data.Nat.Cast.Defs (1.1s)
✔ [774/783] Built Batteries.Classes.RatCast (275ms)
✔ [775/783] Built Mathlib.Data.Int.Cast.Defs (680ms)
✔ [776/784] Built Mathlib.Data.Fintype.BigOperators (2.3s)
✔ [777/784] Built Mathlib.Data.Rat.Init (686ms)
✔ [778/784] Built Mathlib.Data.Int.Cast.Basic (959ms)
✔ [779/787] Built Mathlib.Data.Fintype.CardEmbedding (1.2s)
✔ [780/789] Built Mathlib.Algebra.Ring.Defs (2.5s)
✔ [781/789] Built Mathlib.Algebra.GroupWithZero.NeZero (641ms)
✔ [782/789] Built Mathlib.Algebra.Ring.Semiconj (725ms)
✔ [783/789] Built Mathlib.Algebra.Ring.GrindInstances (961ms)
✔ [784/789] Built Mathlib.Algebra.Field.Defs (1.0s)
✔ [785/791] Built Mathlib.Algebra.GroupWithZero.InjSurj (1.3s)
✔ [786/791] Built Mathlib.Algebra.GroupWithZero.Basic (2.5s)
✔ [787/797] Built Mathlib.Algebra.Group.Pi.Basic (1.9s)
✔ [788/797] Built Mathlib.Algebra.Ring.InjSurj (4.1s)
✔ [789/797] Built Mathlib.Algebra.GroupWithZero.Hom (1.8s)
✔ [790/799] Built Mathlib.Util.AtomM (804ms)
✔ [791/799] Built Mathlib.Data.List.TFAE (779ms)
✔ [792/799] Built Mathlib.Data.Bracket (532ms)
✔ [793/803] Built Mathlib.Algebra.Group.Hom.Instances (2.9s)
✔ [794/806] Built Mathlib.Algebra.Group.Semiconj.Units (988ms)
✔ [795/806] Built Mathlib.Tactic.TFAE (2.5s)
✔ [796/806] Built Mathlib.Algebra.Group.Invertible.Defs (1.1s)
✔ [797/808] Built Mathlib.Algebra.Group.Commute.Units (1.4s)
✔ [798/810] Built Mathlib.Algebra.Ring.Basic (1.0s)
✔ [799/810] Built Mathlib.Algebra.GroupWithZero.Units.Basic (3.0s)
✔ [800/810] Built Mathlib.Algebra.Group.Invertible.Basic (1.1s)
✔ [801/810] Built Mathlib.Algebra.Order.Group.Synonym (3.3s)
✔ [802/813] Built Mathlib.Algebra.Ring.Hom.Defs (2.0s)
✔ [803/813] Built Mathlib.Algebra.GroupWithZero.Invertible (861ms)
✔ [804/813] Built Mathlib.Algebra.Order.GroupWithZero.Synonym (812ms)
✔ [805/813] Built Mathlib.Algebra.Order.Ring.Synonym (1.2s)
✔ [806/814] Built Mathlib.Algebra.Ring.Units (1.2s)
✔ [807/814] Built Mathlib.Algebra.GroupWithZero.Semiconj (825ms)
✔ [808/814] Built Mathlib.Algebra.Ring.Invertible (1.5s)
✔ [809/817] Built Mathlib.Algebra.Ring.Commute (1.6s)
✔ [810/817] Built Mathlib.Algebra.GroupWithZero.Commute (830ms)
✔ [811/817] Built Mathlib.Algebra.Order.GroupWithZero.Defs (2.1s)
✔ [812/817] Built Mathlib.Tactic.Bound.Init (510ms)
✔ [813/820] Built Mathlib.Algebra.GroupWithZero.Units.Lemmas (1.1s)
✔ [814/820] Built Mathlib.Algebra.Field.Basic (3.4s)
✔ [815/820] Built Mathlib.Tactic.Bound.Attribute (1.3s)
✔ [816/823] Built Mathlib.Algebra.Group.Units.Equiv (1.5s)
✔ [817/823] Built Mathlib.Algebra.GroupWithZero.Units.Equiv (831ms)
✔ [818/823] Built Mathlib.Algebra.Order.Group.Unbundled.Basic (4.1s)
✔ [819/824] Built Mathlib.Algebra.Order.Monoid.Defs (1.4s)
✔ [820/824] Built Mathlib.Algebra.Order.GroupWithZero.Basic (8.2s)
✔ [821/827] Built Mathlib.Algebra.Order.Group.Defs (1.2s)
✔ [822/827] Built Mathlib.Algebra.Order.GroupWithZero.OrderIso (964ms)
✔ [823/830] Built Mathlib.Algebra.Group.Even (1.6s)
✔ [824/833] Built Mathlib.Algebra.Order.Group.OrderIso (1.2s)
✔ [825/833] Built Mathlib.Algebra.Order.Monoid.Unbundled.OrderDual (781ms)
✔ [826/833] Built Mathlib.Algebra.Order.Group.Lattice (1.2s)
✔ [827/835] Built Mathlib.Algebra.Order.Monoid.Unbundled.Pow (2.1s)
✔ [828/835] Built Mathlib.Algebra.Order.Monoid.NatCast (1000ms)
✔ [829/835] Built Mathlib.Algebra.Order.Monoid.Unbundled.MinMax (1.2s)
✔ [830/835] Built Mathlib.Algebra.CharZero.Defs (785ms)
✔ [831/837] Built Mathlib.Algebra.Order.Group.Unbundled.Abs (2.0s)
✔ [832/839] Built Mathlib.Algebra.Order.Group.Abs (2.9s)
✔ [833/840] Built Mathlib.Algebra.Order.Ring.Unbundled.Basic (5.2s)
✔ [834/840] Built Mathlib.Data.Nat.Sqrt (1.1s)
✔ [835/840] Built Mathlib.Data.Int.Sqrt (796ms)
✔ [836/840] Built Mathlib.Algebra.Group.Nat.Even (1.5s)
✔ [837/842] Built Mathlib.Algebra.Divisibility.Hom (825ms)
✔ [838/842] Built Mathlib.Algebra.Order.Ring.Defs (1.4s)
✔ [839/848] Built Mathlib.Algebra.Group.Int.Even (1.6s)
✔ [840/848] Built Mathlib.Algebra.GroupWithZero.Nat (557ms)
✔ [841/849] Built Mathlib.Algebra.Group.TypeTags.Hom (1.3s)
✔ [842/849] Built Mathlib.Data.Nat.Cast.Commute (941ms)
✔ [843/849] Built Mathlib.Algebra.Ring.Nat (608ms)
✔ [844/851] Built Mathlib.Algebra.Order.Group.Int (576ms)
✔ [845/854] Built Mathlib.Algebra.Group.Nat.Hom (955ms)
✔ [846/854] Built Mathlib.Data.Int.Basic (791ms)
✔ [847/857] Built Mathlib.Data.Nat.Cast.Basic (1.5s)
✔ [848/857] Built Mathlib.Algebra.Ring.Int.Defs (981ms)
✔ [849/858] Built Mathlib.Data.Int.GCD (2.1s)
✔ [850/858] Built Mathlib.Algebra.Order.Group.Unbundled.Int (1.2s)
✔ [851/859] Built Mathlib.Data.Nat.Cast.NeZero (537ms)
✔ [852/859] Built Mathlib.Algebra.Ring.Divisibility.Basic (1.5s)
✔ [853/859] Built Mathlib.Algebra.Ring.Parity (4.1s)
✔ [854/859] Built Mathlib.Data.Nat.Cast.Order.Basic (1.5s)
✔ [855/859] Built Mathlib.Algebra.Ring.Int.Units (634ms)
✔ [856/861] Built Mathlib.Algebra.Order.Ring.Basic (2.1s)
✔ [857/863] Built Mathlib.Algebra.Ring.Int.Parity (2.6s)
✔ [858/864] Built Mathlib.Algebra.Order.Monoid.Canonical.Defs (1.4s)
✔ [859/864] Built Mathlib.Algebra.Order.Ring.Int (1.5s)
✔ [860/864] Built Mathlib.Algebra.Order.Group.Nat (749ms)
✔ [861/866] Built Mathlib.Algebra.Group.WithOne.Defs (1.7s)
✔ [862/866] Built Mathlib.Algebra.GroupWithZero.Regular (802ms)
✔ [863/870] Built Mathlib.Algebra.Group.WithOne.Map (967ms)
✔ [864/870] Built Mathlib.Algebra.GroupWithZero.Equiv (763ms)
✔ [865/872] Built Mathlib.Algebra.Regular.Basic (1.4s)
✔ [866/873] Built Mathlib.Algebra.GroupWithZero.WithZero (3.5s)
✔ [867/873] Built Mathlib.Algebra.Order.Monoid.Unbundled.WithTop (5.6s)
✔ [868/877] Built Mathlib.Algebra.Order.Monoid.Units (968ms)
✔ [869/880] Built Mathlib.Algebra.Order.Monoid.OrderDual (753ms)
✔ [870/880] Built Mathlib.Algebra.Order.Monoid.WithTop (867ms)
✔ [871/881] Built Mathlib.Algebra.Order.Group.Units (639ms)
✔ [872/881] Built Mathlib.Algebra.Order.Monoid.Unbundled.TypeTags (1.2s)
✔ [873/882] Built Mathlib.Algebra.Order.Sub.Basic (1.4s)
✔ [874/882] Built Mathlib.Data.Set.Monotone (1.4s)
✔ [875/882] Built Mathlib.Algebra.Order.AddGroupWithTop (1.0s)
✔ [876/884] Built Mathlib.Algebra.Order.Monoid.TypeTags (775ms)
✔ [877/885] Built Mathlib.Order.Bounds.OrderIso (861ms)
✔ [878/887] Built Mathlib.Tactic.HaveI (593ms)
✔ [879/891] Built Mathlib.Lean.Expr.Rat (480ms)
✔ [880/892] Built Mathlib.Tactic.NormNum.Result (2.0s)
✔ [881/893] Built Mathlib.Util.Qq (707ms)
✔ [882/893] Built Mathlib.Algebra.Order.Group.MinMax (1.2s)
✔ [883/894] Built Mathlib.Algebra.Order.GroupWithZero.Canonical (6.2s)
✔ [884/894] Built Mathlib.Algebra.Order.Interval.Set.Monoid (1.2s)
✔ [885/896] Built Mathlib.Algebra.Order.Ring.Nat (869ms)
✔ [886/896] Built Mathlib.Tactic.NormNum.Core (2.1s)
✔ [887/896] Built Mathlib.Order.Interval.Set.OrderIso (1.1s)
✔ [888/898] Built Mathlib.Data.Nat.Cast.Order.Ring (1.2s)
✔ [889/900] Built Mathlib.Data.Set.Order (1.6s)
✔ [890/900] Built Mathlib.Order.Interval.Set.Image (2.2s)
✔ [891/900] Built Mathlib.Algebra.Order.Ring.Cast (1.6s)
✔ [892/900] Built Mathlib.Algebra.Order.Invertible (1.1s)
✔ [893/900] Built Mathlib.Algebra.Order.Ring.Abs (3.1s)
✔ [894/900] Built Mathlib.Order.Interval.Set.LinearOrder (5.4s)
✔ [895/900] Built Mathlib.Tactic.Positivity.Core (5.2s)
✔ [896/900] Built Mathlib.Algebra.Group.Pointwise.Set.Basic (8.6s)
✔ [897/901] Built Mathlib.Order.Interval.Set.UnorderedInterval (3.8s)
✔ [898/904] Built Mathlib.Order.Filter.Defs (2.8s)
✔ [899/905] Built Mathlib.Algebra.Order.Field.Basic (9.2s)
✔ [900/910] Built Mathlib.Order.Filter.Basic (5.8s)
✔ [901/910] Built Mathlib.Order.Filter.AtTopBot.Defs (1.3s)
✔ [902/910] Built Mathlib.Order.Filter.Map (5.3s)
✔ [903/911] Built Mathlib.Algebra.Order.Group.Pointwise.Interval (10s)
✔ [904/911] Built Mathlib.Order.Interval.Set.Disjoint (2.8s)
✔ [905/915] Built Mathlib.Order.Filter.Tendsto (1.8s)
✔ [906/915] Built Mathlib.Order.Filter.AtTopBot.Disjoint (838ms)
✔ [907/915] Built Mathlib.Order.Filter.AtTopBot.Map (899ms)
✔ [908/915] Built Mathlib.Order.Filter.AtTopBot.Tendsto (1.4s)
✔ [909/919] Built Mathlib.Order.Filter.Bases.Basic (3.9s)
✔ [910/919] Built Mathlib.Order.Filter.AtTopBot.Monoid (1.4s)
✔ [911/922] Built Mathlib.Order.Filter.AtTopBot.Basic (2.5s)
✔ [912/925] Built Mathlib.Algebra.Group.Subsemigroup.Defs (1.9s)
✔ [913/925] Built Mathlib.Order.Filter.AtTopBot.Group (1.5s)
✔ [914/927] Built Mathlib.Data.Rat.Defs (1.6s)
✔ [915/927] Built Mathlib.Algebra.Group.Submonoid.Defs (2.7s)
✔ [916/927] Built Mathlib.Order.Filter.AtTopBot.Ring (1.2s)
✔ [917/928] Built Mathlib.Algebra.Order.Ring.Unbundled.Rat (2.4s)
✔ [918/928] Built Mathlib.Algebra.Divisibility.Units (1.5s)
✔ [919/928] Built Mathlib.RingTheory.NonUnitalSubsemiring.Defs (1.0s)
✔ [920/928] Built Mathlib.Order.Filter.AtTopBot.Field (2.3s)
✔ [921/928] Built Mathlib.Algebra.Group.Subgroup.Defs (4.3s)
✔ [922/928] Built Mathlib.Algebra.GroupWithZero.Divisibility (1.2s)
✔ [923/928] Built Mathlib.Algebra.Ring.Subsemiring.Defs (2.6s)
✔ [924/930] Built Mathlib.Algebra.Group.Pi.Lemmas (3.0s)
✔ [925/932] Built Mathlib.Algebra.Notation.Support (1.9s)
✔ [926/932] Built Mathlib.RingTheory.NonUnitalSubring.Defs (2.0s)
✔ [927/934] Built Mathlib.Algebra.BigOperators.Group.Finset.Lemmas (1.0s)
✔ [928/934] Built Mathlib.Algebra.Notation.Indicator (1.8s)
✔ [929/935] Built Mathlib.Algebra.Group.Action.Faithful (953ms)
✔ [930/935] Built Mathlib.Algebra.Ring.Subring.Defs (2.9s)
✔ [931/935] Built Mathlib.Algebra.BigOperators.GroupWithZero.Finset (1.3s)
✔ [932/938] Built Mathlib.Algebra.GroupWithZero.Pi (721ms)
✔ [933/940] Built Mathlib.Algebra.Group.Action.Pi (1.2s)
✔ [934/941] Built Mathlib.Algebra.Field.Subfield.Defs (2.8s)
✔ [935/942] Built Mathlib.Data.FunLike.IsApply (1.3s)
✔ [936/943] Built Mathlib.Algebra.FiniteSupport.Defs (854ms)
✔ [937/943] Built Mathlib.Algebra.Ring.Equiv (5.3s)
✔ [938/943] Built Mathlib.Algebra.Group.Support (824ms)
✔ [939/947] Built Mathlib.Algebra.Group.Indicator (1.8s)
✔ [940/949] Built Mathlib.Algebra.Ring.CompTypeclasses (1.1s)
✔ [941/949] Built Mathlib.Algebra.Group.Action.Opposite (1.5s)
✔ [942/949] Built Mathlib.Algebra.GroupWithZero.Opposite (877ms)
✔ [943/950] Built Mathlib.Algebra.Ring.Pi (2.4s)
✔ [944/952] Built Mathlib.Data.Int.Cast.Lemmas (2.4s)
✔ [945/953] Built Mathlib.Algebra.GroupWithZero.Action.Defs (2.5s)
✔ [946/955] Built Mathlib.Algebra.BigOperators.Pi (2.9s)
✔ [947/955] Built Mathlib.Algebra.GroupWithZero.Action.Opposite (790ms)
✔ [948/955] Built Mathlib.Algebra.Ring.Opposite (2.7s)
✔ [949/956] Built Mathlib.Algebra.Module.Defs (1.5s)
✔ [950/956] Built Mathlib.Algebra.Regular.Opposite (651ms)
✔ [951/956] Built Mathlib.Algebra.Module.Opposite (734ms)
✔ [952/956] Built Mathlib.Algebra.Regular.SMul (1.4s)
✔ [953/957] Built Mathlib.Algebra.Notation.FiniteSupport (823ms)
✔ [954/960] Built Mathlib.Algebra.Module.NatInt (1.7s)
✔ [955/960] Built Mathlib.Data.Finset.Lattice.Union (1.2s)
✔ [956/964] Built Mathlib.Algebra.Module.Torsion.Free (1.8s)
✔ [957/964] Built Mathlib.Data.List.Sublists (2.3s)
✔ [958/964] Built Mathlib.Data.List.Zip (1.1s)
✔ [959/965] Built Mathlib.Data.Set.Pairwise.Lattice (1.8s)
✔ [960/968] Built Mathlib.Data.Multiset.Powerset (2.0s)
✔ [961/971] Built Mathlib.Order.ConditionallyCompleteLattice.Defs (1.0s)
✔ [962/971] Built Mathlib.Order.ConditionallyCompletePartialOrder.Defs (839ms)
✔ [963/972] Built Mathlib.Order.ConditionallyCompletePartialOrder.Basic (1.3s)
✔ [964/972] Built Mathlib.Data.Finset.Powerset (3.1s)
✔ [965/972] Built Mathlib.Algebra.GroupWithZero.Indicator (1.2s)
✔ [966/976] Built Mathlib.Order.ConditionallyCompletePartialOrder.Indexed (1.8s)
✔ [967/976] Built Mathlib.Data.Set.Finite.Powerset (956ms)
✔ [968/976] Built Mathlib.Algebra.Group.Action.Units (1.3s)
✔ [969/978] Built Mathlib.Order.ConditionallyCompleteLattice.Basic (4.8s)
✔ [970/978] Built Mathlib.Algebra.GroupWithZero.Action.Units (1.1s)
✔ [971/978] Built Mathlib.Data.Set.Finite.Lattice (3.6s)
✔ [972/979] Built Mathlib.Algebra.Group.Hom.End (985ms)
✔ [973/979] Built Mathlib.Algebra.Module.Basic (1.7s)
✔ [974/979] Built Mathlib.Algebra.Module.End (1.0s)
✔ [975/981] Built Mathlib.Order.ConditionallyCompleteLattice.Indexed (5.0s)
✔ [976/981] Built Mathlib.Algebra.BigOperators.Group.Finset.Pi (970ms)
✔ [977/983] Built Mathlib.Algebra.Order.Group.Indicator (1.7s)
✔ [978/983] Built Mathlib.Algebra.BigOperators.Ring.List (1.1s)
✔ [979/984] Built Mathlib.Data.Multiset.Antidiagonal (1.3s)
✔ [980/986] Built Mathlib.Algebra.FiniteSupport.Basic (1.7s)
✔ [981/986] Built Mathlib.Data.Multiset.Sections (1.1s)
✔ [982/988] Built Mathlib.Data.Fintype.Powerset (1.1s)
✔ [983/988] Built Mathlib.Algebra.BigOperators.Ring.Multiset (1.6s)
✔ [984/989] Built Mathlib.Data.Finset.Max (4.1s)
✔ [985/991] Built Mathlib.Algebra.Order.Hom.Basic (1.7s)
✔ [986/993] Built Mathlib.Algebra.Order.BigOperators.Group.List (2.3s)
✔ [987/993] Built Mathlib.Algebra.BigOperators.Ring.Finset (3.4s)
✔ [988/993] Built Mathlib.Algebra.Order.AbsoluteValue.Basic (3.2s)
✔ [989/993] Built Mathlib.Data.List.MinMax (3.1s)
✔ [990/997] Built Mathlib.Data.Multiset.OrderedMonoid (780ms)
✔ [991/997] Built Mathlib.Algebra.Order.BigOperators.Group.Multiset (1.6s)
✔ [992/999] Built Mathlib.Algebra.Order.Nonneg.Basic (2.1s)
✔ [993/999] Built Mathlib.Algebra.Ring.Rat (1.0s)
✔ [994/999] Built Mathlib.Algebra.Group.Semiconj.Basic (698ms)
✔ [995/1004] Built Mathlib.Data.NNRat.Defs (2.8s)
✔ [996/1006] Built Mathlib.Algebra.Group.Commute.Basic (1.1s)
✔ [997/1006] Built Mathlib.Algebra.Order.BigOperators.Group.Finset (5.3s)
✔ [998/1009] Built Mathlib.Algebra.Field.Rat (1.2s)
✔ [999/1009] Built Mathlib.Data.PNat.Notation (519ms)
✔ [1000/1013] Built Mathlib.Data.PNat.Defs (1.1s)
✔ [1001/1013] Built Mathlib.Data.Rat.Lemmas (2.3s)
✔ [1002/1013] Built Mathlib.Algebra.Order.Positive.Ring (1.5s)
✔ [1003/1014] Built Mathlib.Data.PNat.Equiv (570ms)
✔ [1004/1018] Built Mathlib.Tactic.NormNum.Basic (5.6s)
✔ [1005/1018] Built Mathlib.Data.PNat.Basic (2.2s)
✔ [1006/1018] Built Mathlib.Data.Rat.Cast.Defs (2.4s)
✔ [1007/1018] Built Mathlib.Tactic.TryThis (556ms)
✔ [1008/1018] Built Mathlib.Util.AtomM.Recurse (844ms)
✔ [1009/1020] Built Mathlib.Data.Rat.Cast.CharZero (1.5s)
✔ [1010/1020] Built Mathlib.Tactic.NormNum.Pow (2.9s)
✔ [1011/1025] Built Mathlib.Algebra.Order.BigOperators.GroupWithZero.List (1.0s)
✔ [1012/1025] Built Mathlib.Algebra.Order.BigOperators.GroupWithZero.Multiset (1.1s)
✔ [1013/1027] Built Mathlib.Tactic.NormNum.Inv (2.7s)
✔ [1014/1028] Built Mathlib.Algebra.Order.Ring.Canonical (1.5s)
✔ [1015/1028] Built Mathlib.Algebra.Group.Subsemigroup.Basic (1.0s)
✔ [1016/1028] Built Mathlib.Algebra.Order.BigOperators.Ring.List (1.1s)
✔ [1017/1028] Built Mathlib.Algebra.Group.ULift (1.5s)
✔ [1018/1030] Built Mathlib.Algebra.Group.Submonoid.Basic (2.5s)
✔ [1019/1030] Built Mathlib.Algebra.Order.BigOperators.Ring.Multiset (1.2s)
✔ [1020/1032] Built Mathlib.Tactic.Ring.Common (9.7s)
✔ [1021/1032] Built Mathlib.Algebra.Group.Action.Basic (1.4s)
✔ [1022/1032] Built Mathlib.Tactic.Ring.Basic (4.9s)
✔ [1023/1032] Built Mathlib.Order.Filter.Prod (4.1s)
✔ [1024/1032] Built Mathlib.Tactic.Ring.RingNF (2.4s)
✔ [1025/1034] Built Mathlib.Algebra.Group.Action.Pointwise.Set.Basic (2.9s)
✔ [1026/1036] Built Mathlib.Tactic.Ring.PNat (912ms)
✔ [1027/1036] Built Mathlib.Order.Filter.NAry (1.8s)
✔ [1028/1036] Built Mathlib.Tactic.Ring (848ms)
✔ [1029/1036] Built Mathlib.Order.Preorder.Chain (2.3s)
✔ [1030/1036] Built Mathlib.Algebra.Order.BigOperators.GroupWithZero.Finset (2.0s)
✔ [1031/1037] Built Mathlib.Order.CompleteLattice.Chain (1.0s)
✔ [1032/1037] Built Mathlib.Order.Minimal (3.7s)
✔ [1033/1038] Built Mathlib.Order.Hom.WithTopBot (3.0s)
✔ [1034/1040] Built Mathlib.Algebra.Order.BigOperators.Ring.Finset (3.9s)
✔ [1035/1042] Built Mathlib.Order.Zorn (1.3s)
✔ [1036/1042] Built Mathlib.Order.Interval.Set.OrderEmbedding (1.1s)
✔ [1037/1044] Built Mathlib.Order.Antichain (2.4s)
✔ [1038/1044] Built Mathlib.Order.Interval.Set.WithBotTop (1.7s)
✔ [1039/1044] Built Mathlib.Order.Interval.Set.OrdConnected (2.2s)
✔ [1040/1044] Built Mathlib.Order.LatticeIntervals (2.2s)
✔ [1041/1050] Built Mathlib.Algebra.BigOperators.Finprod (9.7s)
✔ [1042/1051] Built Mathlib.Order.Iterate (1.2s)
✔ [1043/1053] Built Mathlib.Algebra.Torsor.Defs (1.6s)
✔ [1044/1056] Built Mathlib.Order.Cover (5.1s)
✔ [1045/1056] Built Mathlib.Algebra.Group.Submonoid.MulAction (1.1s)
✔ [1046/1056] Built Mathlib.Algebra.Group.Submonoid.DistribMulAction (733ms)
✔ [1047/1056] Built Mathlib.Order.ModularLattice (3.0s)
✔ [1048/1056] Built Mathlib.Order.SuccPred.Basic (5.2s)
✔ [1049/1061] Built Mathlib.Algebra.Group.Equiv.TypeTags (1.7s)
✔ [1050/1061] Built Mathlib.Algebra.Group.End (4.5s)
✔ [1051/1061] Built Mathlib.Order.Atoms (7.1s)
✔ [1052/1066] Built Mathlib.Algebra.Group.Conj (1.0s)
✔ [1053/1067] Built Mathlib.Order.ZornAtoms (886ms)
✔ [1054/1067] Built Mathlib.Algebra.Group.Submonoid.Operations (8.4s)
✔ [1055/1067] Built Mathlib.Algebra.Group.Center (4.7s)
✔ [1056/1067] Built Mathlib.Order.Filter.Ultrafilter.Defs (2.2s)
✔ [1057/1067] Built Mathlib.GroupTheory.GroupAction.Defs (3.4s)
✔ [1058/1069] Built Mathlib.GroupTheory.Subsemigroup.Center (835ms)
✔ [1059/1069] Built Mathlib.Algebra.Group.Subgroup.Lattice (4.0s)
✔ [1060/1069] Built Mathlib.GroupTheory.Submonoid.Center (2.1s)
✔ [1061/1069] Built Mathlib.Logic.Function.CompTypeclasses (584ms)
✔ [1062/1069] Built Mathlib.Order.Filter.Pointwise (6.3s)
✔ [1063/1076] Built Mathlib.Algebra.Group.Hom.CompTypeclasses (765ms)
✔ [1064/1076] Built Mathlib.Algebra.Group.Action.TypeTags (736ms)
✔ [1065/1077] Built Mathlib.Algebra.Group.Subgroup.Map (4.6s)
✔ [1066/1077] Built Mathlib.Algebra.Group.Action.Pretransitive (855ms)
✔ [1067/1077] Built Mathlib.Algebra.Group.Action.Hom (1.1s)
✔ [1068/1078] Built Mathlib.Data.Set.Constructions (1.1s)
✔ [1069/1078] Built Mathlib.Algebra.GroupWithZero.Action.End (825ms)
✔ [1070/1081] Built Mathlib.Data.Set.Finite.Lemmas (1.1s)
✔ [1071/1082] Built Mathlib.Algebra.Ring.Action.Basic (1.1s)
✔ [1072/1082] Built Mathlib.Algebra.Group.Subgroup.Ker (4.0s)
✔ [1073/1082] Built Mathlib.Order.Filter.Finite (2.5s)
✔ [1074/1082] Built Mathlib.Order.Filter.AtTopBot.Prod (1.3s)
✔ [1075/1082] Built Mathlib.Algebra.Group.Subgroup.Basic (8.9s)
✔ [1076/1083] Built Mathlib.GroupTheory.GroupAction.Hom (11s)
✔ [1077/1084] Built Mathlib.Order.Filter.Bases.Finite (1.3s)
✔ [1078/1084] Built Mathlib.Data.Countable.Defs (828ms)
✔ [1079/1084] Built Mathlib.GroupTheory.Subgroup.Center (1.4s)
✔ [1080/1088] Built Mathlib.Data.ENat.Defs (573ms)
✔ [1081/1088] Built Mathlib.Order.Filter.AtTopBot.Finite (1.7s)
✔ [1082/1088] Built Mathlib.Algebra.Group.Subgroup.Actions (1.4s)
✔ [1083/1088] Built Mathlib.Data.Nat.Bits (1.4s)
✔ [1084/1092] Built Mathlib.Data.Nat.Pairing (1.4s)
✔ [1085/1092] Built Mathlib.Logic.Equiv.Nat (738ms)
✔ [1086/1096] Built Mathlib.Data.Nat.Order.Lemmas (755ms)
✔ [1087/1096] Built Mathlib.Logic.Encodable.Basic (2.5s)
✔ [1088/1096] Built Mathlib.Data.Countable.Basic (1.2s)
✔ [1089/1097] Built Mathlib.GroupTheory.GroupAction.SubMulAction (5.8s)
✔ [1090/1097] Built Mathlib.Order.Preorder.Finite (1.7s)
✔ [1091/1099] Built Mathlib.Logic.Denumerable (2.1s)
✔ [1092/1099] Built Mathlib.Logic.Equiv.List (1.5s)
✔ [1093/1101] Built Mathlib.Order.Filter.Ker (1.1s)
✔ [1094/1102] Built Mathlib.Data.Fin.VecNotation (3.3s)
✔ [1095/1102] Built Mathlib.Data.Set.Countable (1.8s)
✔ [1096/1102] Built Mathlib.Order.Filter.Pi (2.5s)
✔ [1097/1102] Built Mathlib.Order.Heyting.Boundary (1.3s)
✔ [1098/1104] Built Mathlib.Order.Filter.Curry (846ms)
✔ [1099/1107] Built Mathlib.Tactic.Continuity.Init (486ms)
✔ [1100/1107] Built Mathlib.Tactic.Continuity (695ms)
✔ [1101/1107] Built Mathlib.Order.Filter.CountablyGenerated (1.5s)
✔ [1102/1107] Built Mathlib.Util.DelabNonCanonical (573ms)
✔ [1103/1108] Built Mathlib.Order.Filter.AtTopBot.CountablyGenerated (1.5s)
✔ [1104/1108] Built Mathlib.Order.Filter.Cofinite (1.9s)
✔ [1105/1116] Built Mathlib.Topology.Defs.Basic (1.2s)
✔ [1106/1116] Built Mathlib.Topology.ContinuousMap.Defs (1.0s)
✔ [1107/1128] Built Mathlib.Order.Filter.Lift (2.4s)
✔ [1108/1129] Built Mathlib.Topology.Defs.Filter (1.8s)
✔ [1109/1129] Built Mathlib.Order.ConditionallyCompleteLattice.Finset (3.1s)
✔ [1110/1129] Built Mathlib.Topology.Basic (1.7s)
✔ [1111/1129] Built Mathlib.Algebra.Group.Embedding (688ms)
✔ [1112/1135] Built Mathlib.Topology.Defs.Induced (1.1s)
✔ [1113/1135] Built Mathlib.Topology.Closure (2.8s)
✔ [1114/1139] Built Mathlib.Topology.WithTopology (1.4s)
✔ [1115/1140] Built Mathlib.Data.Finset.Preimage (2.0s)
✔ [1116/1140] Built Mathlib.Topology.Neighborhoods (2.2s)
✔ [1117/1140] Built Mathlib.Data.Finset.Order (821ms)
✔ [1118/1142] Built Mathlib.Topology.Bornology.Basic (1.8s)
✔ [1119/1142] Built Mathlib.Topology.NhdsSet (1.7s)
✔ [1120/1145] Built Mathlib.Order.Interval.Finset.Defs (6.1s)
✔ [1121/1145] Built Mathlib.Topology.ClusterPt (2.3s)
✔ [1122/1145] Built Mathlib.Order.Filter.Ultrafilter.Basic (1.4s)
✔ [1123/1145] Built Mathlib.Data.Fintype.Order (1.9s)
✔ [1124/1145] Built Mathlib.Topology.Defs.Ultrafilter (816ms)
✔ [1125/1149] Built Mathlib.Topology.Continuous (1.0s)
✔ [1126/1149] Built Mathlib.Topology.Ultrafilter (1.4s)
✔ [1127/1149] Built Mathlib.Topology.Separation.SeparatedNhds (2.0s)
✔ [1128/1149] Built Mathlib.Order.Interval.Finset.Basic (9.0s)
✔ [1129/1150] Built Mathlib.Order.Filter.SmallSets (1.4s)
✔ [1130/1150] Built Mathlib.Topology.Order (4.6s)
✔ [1131/1152] Built Mathlib.Tactic.TautoSet (888ms)
✔ [1132/1152] Built Mathlib.Order.Interval.Multiset (1.8s)
✔ [1133/1152] Built Mathlib.Data.Set.Functor (1.6s)
✔ [1134/1152] Built Mathlib.Topology.Maps.Basic (3.9s)
✔ [1135/1152] Built Mathlib.Order.Interval.Finset.Nat (2.8s)
✔ [1136/1152] Built Mathlib.Data.Set.Subset (1.2s)
✔ [1137/1152] Built Mathlib.Topology.Maps.OpenQuotient (1.2s)
✔ [1138/1158] Built Mathlib.Order.PartialSups (2.1s)
✔ [1139/1158] Built Mathlib.Order.Lattice.Nat (1.0s)
✔ [1140/1163] Built Mathlib.Topology.Homeomorph.Defs (3.2s)
✔ [1141/1163] Built Mathlib.Order.UpperLower.Basic (3.3s)
✔ [1142/1164] Built Mathlib.Order.SetAccumulate (1.3s)
✔ [1143/1164] Built Mathlib.Order.UpperLower.Fibration (953ms)
✔ [1144/1164] Built Mathlib.Order.UpperLower.CompleteLattice (3.2s)
✔ [1145/1164] Built Mathlib.Topology.Constructions.SumProd (5.9s)
✔ [1146/1164] Built Mathlib.Logic.Equiv.Fin.Basic (2.3s)
✔ [1147/1166] Built Mathlib.Order.UpperLower.Principal (1.4s)
✔ [1148/1166] Built Mathlib.Order.UpperLower.Closure (2.6s)
✔ [1149/1166] Built Mathlib.Order.SuccPred.Archimedean (3.1s)
✔ [1150/1170] Built Mathlib.Topology.Constructions (7.1s)
✔ [1151/1170] Built Mathlib.Order.SuccPred.Relation (1.2s)
✔ [1152/1174] Built Mathlib.Data.Finite.Sigma (805ms)
✔ [1153/1179] Built Mathlib.Data.Set.BoolIndicator (936ms)
✔ [1154/1184] Built Mathlib.Topology.NhdsWithin (3.7s)
✔ [1155/1184] Built Mathlib.Order.Filter.CountableInter (1.9s)
✔ [1156/1184] Built Mathlib.Topology.GDelta.Basic (2.1s)
✔ [1157/1184] Built Mathlib.Algebra.Group.Pointwise.Set.Lattice (2.2s)
✔ [1158/1184] Built Mathlib.Topology.ContinuousOn (4.6s)
✔ [1159/1184] Built Mathlib.Topology.Clopen (1.4s)
✔ [1160/1184] Built Mathlib.Topology.Baire.Lemmas (1.0s)
✔ [1161/1184] Built Mathlib.Topology.Order.LeftRight (1.5s)
✔ [1162/1184] Built Mathlib.Topology.Inseparable (4.3s)
✔ [1163/1184] Built Mathlib.Topology.Bases (6.7s)
✔ [1164/1184] Built Mathlib.Topology.Piecewise (1.6s)
✔ [1165/1186] Built Mathlib.Topology.LocallyFinite (1.9s)
✔ [1166/1188] Built Mathlib.Algebra.Group.Action.End (1.6s)
✔ [1167/1190] Built Mathlib.Algebra.Group.Action.Prod (1.4s)
✔ [1168/1190] Built Mathlib.Topology.Compactness.Compact (7.6s)
✔ [1169/1190] Built Mathlib.Algebra.GroupWithZero.Prod (930ms)
✔ [1170/1191] Built Mathlib.Algebra.GroupWithZero.Pointwise.Set.Basic (1.0s)
✔ [1171/1192] Built Mathlib.Topology.Compactness.LocallyFinite (936ms)
✔ [1172/1192] Built Mathlib.Topology.Compactness.LocallyCompact (1.6s)
✔ [1173/1192] Built Mathlib.Algebra.GroupWithZero.Action.Basic (1.2s)
✔ [1174/1192] Built Mathlib.Algebra.GroupWithZero.ULift (657ms)
✔ [1175/1192] Built Mathlib.Algebra.Ring.ULift (2.4s)
✔ [1176/1192] Built Mathlib.Algebra.GroupWithZero.Action.Pointwise.Set (1.0s)
✔ [1177/1196] Built Mathlib.Topology.Compactness.SigmaCompact (2.4s)
✔ [1178/1196] Built Mathlib.Topology.Separation.Basic (5.3s)
✔ [1179/1196] Built Mathlib.Algebra.Module.RingHom (1.1s)
✔ [1180/1196] Built Mathlib.Topology.Compactness.Lindelof (3.9s)
✔ [1181/1201] Built Mathlib.Topology.DiscreteSubset (4.5s)
✔ [1182/1201] Built Mathlib.Topology.Irreducible (3.3s)
✔ [1183/1201] Built Mathlib.Algebra.Group.Commute.Hom (648ms)
✔ [1184/1204] Built Mathlib.Algebra.Module.LinearMap.Defs (9.4s)
✔ [1185/1204] Built Mathlib.Topology.Separation.Hausdorff (3.3s)
✔ [1186/1204] Built Mathlib.Data.Finset.NoncommProd (2.8s)
✔ [1187/1208] Built Mathlib.Topology.Algebra.Monoid.Defs (1.5s)
✔ [1188/1208] Built Mathlib.Topology.Order.OrderClosed (4.9s)
✔ [1189/1208] Built Mathlib.Algebra.Group.Submonoid.BigOperators (1.7s)
✔ [1190/1208] Built Mathlib.Algebra.Module.Equiv.Defs (9.1s)
✔ [1191/1208] Built Mathlib.Topology.Algebra.Group.Defs (1.4s)
✔ [1192/1208] Built Mathlib.Data.Set.UnionLift (1.2s)
✔ [1193/1208] Built Mathlib.Topology.Algebra.Support (3.4s)
✔ [1194/1208] Built Mathlib.Topology.Connected.Basic (4.0s)
✔ [1195/1211] Built Mathlib.Algebra.Module.ULift (1.6s)
✔ [1196/1211] Built Mathlib.Topology.ContinuousMap.Basic (3.1s)
✔ [1197/1211] Built Mathlib.Data.Nat.Cast.Prod (904ms)
✔ [1198/1212] Built Mathlib.Data.Int.Cast.Prod (944ms)
✔ [1199/1212] Built Mathlib.Topology.Connected.Clopen (4.5s)
✔ [1200/1214] Built Mathlib.Algebra.Ring.Action.Subobjects (852ms)
✔ [1201/1214] Built Mathlib.Algebra.Ring.Prod (2.8s)
✔ [1202/1214] Built Mathlib.Topology.Connected.LocallyConnected (1.7s)
✔ [1203/1214] Built Mathlib.Topology.Connected.TotallyDisconnected (2.1s)
✔ [1204/1216] Built Mathlib.Topology.Separation.Regular (3.6s)
✔ [1205/1216] Built Mathlib.GroupTheory.Subsemigroup.Centralizer (1.1s)
✔ [1206/1216] Built Mathlib.Topology.DenseEmbedding (2.4s)
✔ [1207/1216] Built Mathlib.Algebra.FreeMonoid.Basic (3.2s)
✔ [1208/1219] Built Mathlib.GroupTheory.Submonoid.Centralizer (995ms)
✔ [1209/1220] Built Mathlib.Algebra.Group.Idempotent (803ms)
✔ [1210/1221] Built Mathlib.Algebra.Group.Subsemigroup.MulOpposite (1.5s)
✔ [1211/1222] Built Mathlib.Algebra.Group.Subsemigroup.Membership (1.4s)
✔ [1212/1222] Built Mathlib.Topology.Homeomorph.Lemmas (3.8s)
✔ [1213/1223] Built Mathlib.Algebra.Group.Submonoid.MulOpposite (1.5s)
✔ [1214/1223] Built Mathlib.Algebra.GroupWithZero.Center (810ms)
✔ [1215/1224] Built Mathlib.Topology.Algebra.Constructions (1.0s)
✔ [1216/1224] Built Mathlib.Algebra.Group.Subsemigroup.Operations (4.1s)
✔ [1217/1227] Built Mathlib.Algebra.Ring.Center (1.1s)
✔ [1218/1227] Built Mathlib.Algebra.Group.Submonoid.Membership (4.2s)
✔ [1219/1229] Built Mathlib.Algebra.Ring.Centralizer (698ms)
✔ [1220/1230] Built Mathlib.Algebra.Ring.Submonoid.Basic (792ms)
✔ [1221/1230] Built Mathlib.Topology.Algebra.ConstMulAction (5.9s)
✔ [1222/1230] Built Mathlib.RingTheory.NonUnitalSubsemiring.Basic (4.6s)
✔ [1223/1230] Built Mathlib.Topology.Algebra.ContinuousMonoidHom (4.9s)
✔ [1224/1230] Built Mathlib.Topology.Algebra.MulAction (3.1s)
✔ [1225/1230] Built Mathlib.RingTheory.NonUnitalSubring.Basic (5.6s)
✔ [1226/1233] Built Mathlib.Algebra.Ring.Subsemiring.Basic (6.8s)
✔ [1227/1233] Built Mathlib.Topology.Algebra.Monoid (7.7s)
✔ [1228/1233] Built Mathlib.Algebra.Group.Subgroup.MulOpposite (1.6s)
✔ [1229/1233] Built Mathlib.Algebra.Group.Subgroup.ZPowers.Basic (1.5s)
✔ [1230/1233] Built Mathlib.Algebra.Ring.Subring.Basic (8.7s)
✔ [1231/1235] Built Mathlib.Algebra.Group.Subgroup.MulOppositeLemmas (1.6s)
✔ [1232/1236] Built Mathlib.Topology.Algebra.GroupWithZero (2.4s)
✔ [1233/1236] Built Mathlib.Data.Sigma.Lex (951ms)
✔ [1234/1240] Built Mathlib.Order.RelIso.Set (1.1s)
✔ [1235/1245] Built Mathlib.Data.Prod.Lex (2.4s)
✔ [1236/1246] Built Mathlib.Algebra.Group.Commutator (525ms)
✔ [1237/1246] Built Mathlib.Order.OrderIsoNat (1.9s)
✔ [1238/1246] Built Mathlib.GroupTheory.Subgroup.Centralizer (2.2s)
✔ [1239/1246] Built Mathlib.Algebra.Order.Archimedean.Defs (1.0s)
✔ [1240/1249] Built Mathlib.Order.WellQuasiOrder (1.4s)
✔ [1241/1249] Built Mathlib.GroupTheory.GroupAction.ConjAct (2.0s)
✔ [1242/1249] Built Mathlib.Data.Int.LeastGreatest (1.0s)
✔ [1243/1250] Built Mathlib.Order.WellFoundedSet (4.5s)
✔ [1244/1250] Built Mathlib.Algebra.Order.Floor.Defs (2.8s)
✔ [1245/1250] Built Mathlib.Algebra.Order.Floor.Semiring (3.6s)
✔ [1246/1252] Built Mathlib.Tactic.Abel (4.5s)
✔ [1247/1252] Built Mathlib.Data.Ineq (441ms)
✔ [1248/1255] Built Mathlib.Tactic.FieldSimp.Attr (473ms)
✔ [1249/1258] Built Mathlib.Util.DischargerAsTactic (630ms)
✔ [1250/1258] Built Mathlib.Algebra.Group.Submonoid.Pointwise (2.8s)
✔ [1251/1258] Built Mathlib.Tactic.FieldSimp.Discharger (1.6s)
✔ [1252/1258] Built Mathlib.Util.SynthesizeUsing (705ms)
✔ [1253/1258] Built Mathlib.Tactic.FieldSimp.Lemmas (3.3s)
✔ [1254/1258] Built Mathlib.Algebra.Group.Submonoid.Units (3.4s)
✔ [1255/1260] Built Mathlib.Algebra.Group.Subgroup.Pointwise (4.2s)
✔ [1256/1262] Built Mathlib.Tactic.Linarith.Lemmas (1.2s)
✔ [1257/1265] Built Mathlib.Tactic.Linarith.Datatypes (1.8s)
✔ [1258/1266] Built Mathlib.Tactic.Linarith.Oracle.SimplexAlgorithm.Datatypes (710ms)
✔ [1259/1266] Built Mathlib.Tactic.Linarith.Oracle.SimplexAlgorithm.SimplexAlgorithm (1.1s)
✔ [1260/1266] Built Mathlib.Tactic.Linarith.Oracle.SimplexAlgorithm.Gauss (738ms)
✔ [1261/1268] Built Mathlib.Lean.Meta.Tactic.Rewrite (644ms)
✔ [1262/1270] Built Mathlib.Tactic.Linarith.Oracle.SimplexAlgorithm.PositiveVector (688ms)
✔ [1263/1270] Built Mathlib.Data.Tree.Basic (1.1s)
✔ [1264/1270] Built Mathlib.Tactic.FieldSimp (10s)
✔ [1265/1272] Built Mathlib.Tactic.Linarith.Oracle.SimplexAlgorithm (1.3s)
✔ [1266/1272] Built Mathlib.Tactic.Zify (835ms)
✔ [1267/1274] Built Mathlib.Tactic.Field (1.1s)
✔ [1268/1274] Built Mathlib.Tactic.CancelDenoms.Core (2.8s)
✔ [1269/1274] Built Mathlib.Tactic.Linarith.Parsing (1.5s)
✔ [1270/1274] Built Mathlib.Util.ElabWithoutMVars (477ms)
✔ [1271/1275] Built Mathlib.Tactic.Linarith.Verification (1.9s)
✔ [1272/1275] Built Mathlib.Tactic.Linarith.Preprocessing (2.5s)
✔ [1273/1277] Built Mathlib.Algebra.Order.Field.Canonical (924ms)
✔ [1274/1284] Built Mathlib.Tactic.Linarith.Frontend (2.0s)
✔ [1275/1285] Built Mathlib.Order.CompleteLatticeIntervals (2.5s)
✔ [1276/1285] Built Mathlib.Algebra.Order.Monoid.Basic (857ms)
✔ [1277/1285] Built Mathlib.Algebra.Order.Ring.Rat (746ms)
✔ [1278/1285] Built Mathlib.Algebra.Order.Nonneg.Lattice (1.0s)
✔ [1279/1288] Built Mathlib.Tactic.NormNum.Abs (1.2s)
✔ [1280/1288] Built Mathlib.Algebra.Order.Ring.InjSurj (739ms)
✔ [1281/1290] Built Mathlib.Tactic.NormNum.Eq (1.6s)
✔ [1282/1290] Built Mathlib.Algebra.Order.Nonneg.Ring (1.3s)
✔ [1283/1291] Built Mathlib.Algebra.Notation (699ms)
✔ [1284/1301] Built Mathlib.Algebra.Order.Nonneg.Field (1.8s)
✔ [1285/1301] Built Mathlib.Tactic.NormNum.Ineq (3.8s)
✔ [1286/1302] Built Mathlib.Data.Int.Cast.Field (731ms)
✔ [1287/1302] Built Mathlib.Algebra.Order.Group.PosPart (2.5s)
✔ [1288/1307] Built Mathlib.Algebra.Order.Field.Rat (824ms)
✔ [1289/1307] Built Mathlib.Data.Int.Cast.Pi (483ms)
✔ [1290/1307] Built Mathlib.Algebra.Order.Group.Basic (1.2s)
✔ [1291/1307] Built Mathlib.Tactic.NormNum.DivMod (1.7s)
✔ [1292/1307] Built Mathlib.Algebra.Order.Ring.Pow (1.9s)
✔ [1293/1310] Built Mathlib.Data.Int.CharZero (1.0s)
✔ [1294/1310] Built Mathlib.Data.Rat.Cast.Order (3.6s)
✔ [1295/1310] Built Mathlib.Order.Filter.Extr (3.3s)
✔ [1296/1311] Built Mathlib.Topology.Order.LocalExtr (3.0s)
✔ [1297/1313] Built Mathlib.Order.Filter.AtTopBot.CompleteLattice (1.0s)
✔ [1298/1318] Built Mathlib.Tactic.Positivity.Basic (9.4s)
✔ [1299/1318] Built Mathlib.Order.Filter.Interval (2.8s)
✔ [1300/1318] Built Mathlib.Data.Rat.Cast.Lemmas (1.3s)
✔ [1301/1320] Built Mathlib.Order.Interval.Set.Pi (2.5s)
✔ [1302/1320] Built Mathlib.Tactic.NormNum.OfScientific (1.2s)
✔ [1303/1320] Built Mathlib.Order.OrdContinuous (1.2s)
✔ [1304/1321] Built Mathlib.Topology.Bornology.Hom (1.2s)
✔ [1305/1321] Built Mathlib.Tactic.NormNum (808ms)
✔ [1306/1321] Built Mathlib.Order.Interval.Set.ProjIcc (2.0s)
✔ [1307/1321] Built Mathlib.Tactic.Finiteness (1.1s)
✔ [1308/1321] Built Mathlib.Tactic.Linarith (955ms)
✔ [1309/1324] Built Mathlib.Topology.Order.Basic (7.2s)
✔ [1310/1324] Built Mathlib.Algebra.Order.Floor.Ring (9.2s)
✔ [1311/1324] Built Mathlib.Topology.Order.LeftRightNhds (5.8s)
✔ [1312/1327] Built Mathlib.Order.SuccPred.WithBot (1.2s)
✔ [1313/1327] Built Mathlib.Order.SuccPred.Limit (4.2s)
✔ [1314/1328] Built Mathlib.Algebra.Order.Round (3.1s)
✔ [1315/1328] Built Mathlib.Topology.Algebra.Order.Group (2.4s)
✔ [1316/1328] Built Mathlib.Order.Interval.Set.SuccPred (1.8s)
✔ [1317/1328] Built Mathlib.Algebra.Order.SuccPred (5.5s)
✔ [1318/1328] Built Mathlib.Data.Rat.Floor (4.9s)
✔ [1319/1328] Built Mathlib.Data.Nat.SuccPred (1.2s)
✔ [1320/1329] Built Mathlib.Order.Interval.Finset.SuccPred (2.0s)
✔ [1321/1330] Built Mathlib.Algebra.Order.Interval.Finset.SuccPred (2.3s)
✔ [1322/1330] Built Mathlib.Algebra.Order.Archimedean.Basic (5.6s)
✔ [1323/1331] Built Mathlib.Algebra.Order.Sub.WithTop (1.0s)
✔ [1324/1331] Built Mathlib.Algebra.Order.Ring.WithTop (4.4s)
✔ [1325/1336] Built Mathlib.Algebra.Algebra.Defs (2.5s)
✔ [1326/1336] Built Mathlib.GroupTheory.GroupAction.Ring (730ms)
✔ [1327/1339] Built Mathlib.Algebra.Ring.Action.Rat (731ms)
✔ [1328/1339] Built Mathlib.Topology.Algebra.Group.Basic (11s)
✔ [1329/1339] Built Mathlib.Algebra.Order.Group.Pointwise.Bounds (1.6s)
✔ [1330/1339] Built Mathlib.Algebra.Order.CauSeq.Basic (8.7s)
✔ [1331/1339] Built Mathlib.Topology.Algebra.Group.GroupTopology (1.9s)
✔ [1332/1348] Built Mathlib.Algebra.Order.Group.Pointwise.CompleteLattice (4.4s)
✔ [1333/1348] Built Mathlib.Algebra.Order.CauSeq.Completion (3.6s)
✔ [1334/1349] Built Mathlib.Algebra.Order.Group.Action.Synonym (835ms)
✔ [1335/1349] Built Mathlib.Topology.Algebra.Ring.Basic (3.4s)
✔ [1336/1349] Built Mathlib.Algebra.Order.GroupWithZero.Action.Synonym (1.1s)
✔ [1337/1349] Built Mathlib.Data.Real.Basic (3.0s)
✔ [1338/1353] Built Mathlib.Topology.Algebra.Field (2.0s)
✔ [1339/1353] Built Mathlib.Data.Rel (9.7s)
✔ [1340/1356] Built Mathlib.Algebra.Order.Archimedean.Real.Basic (3.6s)
✔ [1341/1356] Built Mathlib.Algebra.Order.Module.Defs (9.5s)
✔ [1342/1356] Built Mathlib.Data.Rel.Separated (835ms)
✔ [1343/1356] Built Mathlib.Algebra.Order.Nonneg.Module (1.5s)
✔ [1344/1356] Built Mathlib.Topology.Algebra.Order.Field (3.5s)
✔ [1345/1356] Built Mathlib.Data.Rel.Cover (1.2s)
✔ [1346/1360] Built Mathlib.Topology.UniformSpace.Defs (3.8s)
✔ [1347/1360] Built Mathlib.Topology.UniformSpace.OfFun (1.3s)
✔ [1348/1360] Built Mathlib.Data.NNReal.Defs (7.2s)
✔ [1349/1363] Built Mathlib.Topology.UniformSpace.Basic (6.3s)
✔ [1350/1367] Built Mathlib.Data.ENNReal.Basic (4.0s)
✔ [1351/1367] Built Mathlib.Topology.UniformSpace.DiscreteUniformity (1.2s)
✔ [1352/1368] Built Mathlib.Topology.UniformSpace.Compact (1.9s)
✔ [1353/1368] Built Mathlib.Topology.UniformSpace.Separation (2.1s)
✔ [1354/1368] Built Mathlib.Data.ENNReal.Real (2.8s)
✔ [1355/1369] Built Mathlib.Topology.Maps.Proper.Basic (1.0s)
✔ [1356/1371] Built Mathlib.Topology.UniformSpace.Cauchy (5.2s)
✔ [1357/1371] Built Mathlib.Data.ENNReal.Operations (5.3s)
✔ [1358/1373] Built Mathlib.Topology.UniformSpace.UniformEmbedding (4.3s)
✔ [1359/1373] Built Mathlib.Topology.UniformSpace.UniformConvergence (3.8s)
✔ [1360/1373] Built Mathlib.Topology.UniformSpace.Pi (1.5s)
✔ [1361/1376] Built Mathlib.Topology.Bornology.Constructions (1.8s)
✔ [1362/1376] Built Mathlib.Data.ENNReal.Inv (7.3s)
✔ [1363/1376] Built Mathlib.Topology.Metrizable.Basic (1.5s)
✔ [1364/1376] Built Mathlib.Topology.UniformSpace.LocallyUniformConvergence (2.6s)
✔ [1365/1380] Built Mathlib.Topology.Order.IsLUB (5.3s)
✔ [1366/1380] Built Mathlib.Topology.EMetricSpace.Defs (5.8s)
✔ [1367/1381] Built Mathlib.Data.ENNReal.Lemmas (1.1s)
✔ [1368/1381] Built Mathlib.Topology.Order.DenselyOrdered (3.1s)
✔ [1369/1381] Built Mathlib.Topology.EMetricSpace.Basic (4.0s)
✔ [1370/1381] Built Mathlib.Topology.Order.Bornology (1.8s)
✔ [1371/1381] Built Mathlib.Topology.MetricSpace.Pseudo.Defs (7.9s)
✔ [1372/1381] Built Mathlib.Topology.EMetricSpace.Pi (1.4s)
✔ [1373/1381] Built Mathlib.Topology.MetricSpace.Pseudo.Basic (2.6s)
✔ [1374/1383] Built Mathlib.Topology.MetricSpace.Defs (1.8s)
✔ [1375/1383] Built Mathlib.Topology.MetricSpace.Pseudo.Pi (2.3s)
✔ [1376/1383] Built Mathlib.Topology.MetricSpace.Pseudo.Constructions (2.9s)
✔ [1377/1385] Built Mathlib.Topology.EMetricSpace.Diam (2.3s)
✔ [1378/1385] Built Mathlib.Tactic.Order.CollectFacts (2.4s)
✔ [1379/1391] Built Mathlib.Topology.MetricSpace.Pseudo.Lemmas (1.9s)
✔ [1380/1391] Built Mathlib.Tactic.Order.Preprocessing (1.5s)
✔ [1381/1391] Built Mathlib.Tactic.Order.Graph.Basic (915ms)
✔ [1382/1391] Built Mathlib.Topology.EMetricSpace.Lipschitz (3.8s)
✔ [1383/1395] Built Mathlib.Tactic.Order.ToInt (1.7s)
✔ [1384/1395] Built Mathlib.Topology.MetricSpace.Basic (2.2s)
✔ [1385/1395] Built Mathlib.Tactic.Order.Graph.Tarjan (805ms)
✔ [1386/1395] Built Mathlib.Topology.MetricSpace.ProperSpace (1.4s)
✔ [1387/1396] Built Mathlib.Topology.MetricSpace.Cauchy (1.8s)
✔ [1388/1397] Built Mathlib.Tactic.Order (2.0s)
✔ [1389/1401] Built Mathlib.Algebra.Module.Submodule.Defs (3.0s)
✔ [1390/1401] Built Mathlib.Topology.Order.Monotone (4.2s)
✔ [1391/1401] Built Mathlib.Algebra.Module.Submodule.Basic (1.7s)
✔ [1392/1405] Built Mathlib.Algebra.Group.PUnit (657ms)
✔ [1393/1405] Built Mathlib.Algebra.Ring.PUnit (591ms)
✔ [1394/1409] Built Mathlib.Algebra.Module.Equiv.Opposite (1.1s)
✔ [1395/1411] Built Mathlib.Algebra.Module.PUnit (1.3s)
✔ [1396/1411] Built Mathlib.Topology.Order.IntermediateValue (7.9s)
✔ [1397/1411] Built Mathlib.Algebra.Module.LinearMap.End (4.6s)
✔ [1398/1412] Built Mathlib.Order.Hom.CompleteLattice (4.0s)
✔ [1399/1412] Built Mathlib.Algebra.Module.Submodule.Lattice (4.1s)
✔ [1400/1412] Built Mathlib.Algebra.Module.Submodule.LinearMap (3.3s)
✔ [1401/1412] Built Mathlib.Topology.Order.Compact (3.8s)
✔ [1402/1412] Built Mathlib.Algebra.Module.Submodule.RestrictScalars (2.5s)
✔ [1403/1413] Built Mathlib.LinearAlgebra.Span.Defs (6.8s)
✔ [1404/1415] Built Mathlib.Algebra.Module.Submodule.Map (7.1s)
✔ [1405/1415] Built Mathlib.Algebra.GroupWithZero.Action.Hom (1.2s)
✔ [1406/1415] Built Mathlib.Topology.MetricSpace.Bounded (4.4s)
✔ [1407/1417] Built Mathlib.GroupTheory.GroupAction.DomAct.Basic (2.4s)
✔ [1408/1419] Built Mathlib.Algebra.Module.Submodule.Ker (3.0s)
✔ [1409/1419] Built Mathlib.Algebra.Module.Hom (1.5s)
✔ [1410/1419] Built Mathlib.Topology.MetricSpace.Lipschitz (2.6s)
✔ [1411/1419] Built Mathlib.Algebra.GroupWithZero.Action.Pi (1.3s)
✔ [1412/1422] Built Mathlib.Algebra.Module.Submodule.EqLocus (1.3s)
✔ [1413/1422] Built Mathlib.Topology.Algebra.MetricSpace.Lipschitz (2.4s)
✔ [1414/1422] Built Mathlib.Algebra.Module.Submodule.Range (4.0s)
✔ [1415/1422] Built Mathlib.Algebra.Module.Pi (1000ms)
✔ [1416/1422] Built Mathlib.Algebra.Module.Torsion.Pi (859ms)
✔ [1417/1425] Built Mathlib.Algebra.GroupWithZero.Action.Prod (1.1s)
✔ [1418/1425] Built Mathlib.Algebra.Module.LinearMap.DivisionRing (1.1s)
✔ [1419/1425] Built Mathlib.Algebra.Module.Prod (733ms)
✔ [1420/1429] Built Mathlib.Algebra.Module.LinearMap.Basic (2.0s)
✔ [1421/1429] Built Mathlib.Algebra.Quotient (780ms)
✔ [1422/1430] Built Mathlib.GroupTheory.Congruence.Defs (4.2s)
✔ [1423/1431] Built Mathlib.GroupTheory.Coset.Defs (2.3s)
✔ [1424/1431] Built Mathlib.GroupTheory.Congruence.Hom (2.5s)
✔ [1425/1431] Built Mathlib.Algebra.Group.Fin.Tuple (1.5s)
✔ [1426/1431] Built Mathlib.Algebra.Module.Equiv.Basic (11s)
✔ [1427/1431] Built Mathlib.Algebra.BigOperators.GroupWithZero.Action (1.6s)
✔ [1428/1435] Built Mathlib.GroupTheory.Coset.Basic (4.6s)
✔ [1429/1435] Built Mathlib.Algebra.Ring.CharZero (1.2s)
✔ [1430/1439] Built Mathlib.Algebra.Ring.Hom.InjSurj (696ms)
✔ [1431/1440] Built Mathlib.GroupTheory.QuotientGroup.Defs (4.5s)
✔ [1432/1440] Built Mathlib.Algebra.Ring.Aut (1.1s)
✔ [1433/1440] Built Mathlib.Algebra.Algebra.Basic (4.8s)
✔ [1434/1440] Built Mathlib.Algebra.Group.Graph (2.9s)
✔ [1435/1440] Built Mathlib.GroupTheory.QuotientGroup.Basic (6.6s)
✔ [1436/1446] Built Mathlib.Algebra.Ring.Action.Group (958ms)
✔ [1437/1447] Built Mathlib.Algebra.Group.Irreducible.Defs (755ms)
✔ [1438/1447] Built Mathlib.Algebra.Prime.Defs (1.2s)
✔ [1439/1447] Built Mathlib.Algebra.Group.Irreducible.Lemmas (1.1s)
✔ [1440/1447] Built Mathlib.Algebra.Algebra.Hom (4.0s)
✔ [1441/1447] Built Mathlib.Algebra.Prime.Lemmas (1.8s)
✔ [1442/1449] Built Mathlib.Algebra.Module.Submodule.Equiv (3.7s)
✔ [1443/1451] Built Mathlib.Algebra.GroupWithZero.Associated (4.4s)
✔ [1444/1451] Built Mathlib.Algebra.GroupWithZero.Submonoid.Pointwise (1.9s)
✔ [1445/1451] Built Mathlib.Algebra.Algebra.Equiv (8.7s)
✔ [1446/1451] Built Mathlib.Algebra.Order.Group.Action (974ms)
✔ [1447/1452] Built Mathlib.Algebra.GroupWithZero.NonZeroDivisors (3.5s)
✔ [1448/1454] Built Mathlib.Algebra.GroupWithZero.Subgroup (1.8s)
✔ [1449/1454] Built Mathlib.Algebra.Algebra.Prod (1.8s)
✔ [1450/1454] Built Mathlib.Data.Finset.Lattice.Prod (1.7s)
✔ [1451/1458] Built Mathlib.Order.Closure (2.6s)
✔ [1452/1458] Built Mathlib.Algebra.Module.Submodule.Pointwise (3.7s)
✔ [1453/1458] Built Mathlib.Tactic.FinCases (1.2s)
✔ [1454/1458] Built Mathlib.Data.Finite.Set (942ms)
✔ [1455/1460] Built Mathlib.Order.SupClosed (4.2s)
✔ [1456/1461] Built Mathlib.Dynamics.FixedPoints.Defs (751ms)
✔ [1457/1461] Built Mathlib.Dynamics.FixedPoints.Basic (1.6s)
✔ [1458/1466] Built Mathlib.Control.Monad.Basic (839ms)
✔ [1459/1470] Built Mathlib.Order.SupIndep (5.0s)
✔ [1460/1470] Built Mathlib.Order.ScottContinuity (1.9s)
✔ [1461/1470] Built Mathlib.Data.Part (3.0s)
✔ [1462/1474] Built Mathlib.Algebra.Module.Torsion.Field (941ms)
✔ [1463/1474] Built Mathlib.Order.Part (1.2s)
✔ [1464/1476] Built Mathlib.Logic.Small.Defs (1.1s)
✔ [1465/1477] Built Mathlib.Order.CompactlyGenerated.Basic (5.0s)
✔ [1466/1477] Built Mathlib.Logic.Small.Basic (898ms)
✔ [1467/1477] Built Mathlib.Order.OmegaCompletePartialOrder (4.9s)
✔ [1468/1480] Built Mathlib.Order.Sublattice (4.1s)
✔ [1469/1480] Built Mathlib.LinearAlgebra.GeneralLinearGroup.Basic (1.7s)
✔ [1470/1481] Built Mathlib.Order.BourbakiWitt (1.8s)
✔ [1471/1481] Built Mathlib.LinearAlgebra.Quotient.Defs (2.6s)
✔ [1472/1481] Built Mathlib.Algebra.GroupWithZero.Idempotent (703ms)
✔ [1473/1481] Built Mathlib.Algebra.Module.Submodule.Invariant (2.6s)
✔ [1474/1481] Built Mathlib.LinearAlgebra.Span.Basic (8.2s)
✔ [1475/1481] Built Mathlib.Topology.Algebra.IsUniformGroup.Defs (7.2s)
✔ [1476/1486] Built Mathlib.Algebra.Ring.Idempotent (1.5s)
✔ [1477/1488] Built Mathlib.Data.List.Permutation (3.1s)
✔ [1478/1490] Built Mathlib.LinearAlgebra.Prod (11s)
✔ [1479/1490] Built Mathlib.GroupTheory.Commutator.Basic (7.4s)
✔ [1480/1490] Built Mathlib.Data.Fintype.List (1.1s)
✔ [1481/1490] Built Mathlib.GroupTheory.GroupAction.Basic (3.3s)
✔ [1482/1490] Built Mathlib.Topology.Algebra.Group.Pointwise (4.7s)
✔ [1483/1490] Built Mathlib.LinearAlgebra.Pi (7.6s)
✔ [1484/1490] Built Mathlib.LinearAlgebra.Quotient.Basic (5.8s)
✔ [1485/1490] Built Mathlib.Data.List.Cycle (8.2s)
✔ [1486/1490] Built Mathlib.Dynamics.PeriodicPts.Defs (3.7s)
✔ [1487/1498] Built Mathlib.LinearAlgebra.Projection (9.2s)
✔ [1488/1502] Built Mathlib.GroupTheory.GroupAction.Quotient (4.4s)
✔ [1489/1502] Built Mathlib.Data.List.Find (867ms)
✔ [1490/1502] Built Mathlib.Data.Multiset.Find (1.2s)
✔ [1491/1502] Built Mathlib.Algebra.BigOperators.Group.Finset.Preimage (1.1s)
✔ [1492/1502] Built Mathlib.Data.Rat.BigOperators (1.0s)
✔ [1493/1514] Built Mathlib.Topology.Algebra.Group.Quotient (1.9s)
✔ [1494/1516] Built Mathlib.Data.Finsupp.Defs (3.0s)
✔ [1495/1516] Built Mathlib.Data.FunLike.Group (2.1s)
✔ [1496/1517] Built Mathlib.Data.FunLike.Module (1.2s)
✔ [1497/1517] Built Mathlib.Data.FunLike.Ring (1.2s)
✔ [1498/1518] Built Mathlib.GroupTheory.GroupAction.Pointwise (1.6s)
✔ [1499/1520] Built Mathlib.Algebra.Ring.Action.Pointwise.Set (1.4s)
✔ [1500/1520] Built Mathlib.Data.Finsupp.Single (3.1s)
✔ [1501/1520] Built Mathlib.Algebra.Module.LinearMap.Prod (985ms)
✔ [1502/1520] Built Mathlib.Algebra.Order.Module.Synonym (829ms)
✔ [1503/1522] Built Mathlib.Data.Finsupp.Indicator (1.5s)
✔ [1504/1526] Built Mathlib.Algebra.Group.Finsupp (3.7s)
✔ [1505/1526] Built Mathlib.Algebra.Torsor.Basic (3.7s)
✔ [1506/1526] Built Mathlib.Data.Finsupp.SMulWithZero (1.2s)
✔ [1507/1526] Built Mathlib.Data.Finsupp.Ext (1.3s)
✔ [1508/1526] Built Mathlib.LinearAlgebra.AffineSpace.Defs (644ms)
✔ [1509/1526] Built Mathlib.LinearAlgebra.BilinearMap (12s)
✔ [1510/1527] Built Mathlib.Algebra.BigOperators.Finsupp.Basic (5.9s)
✔ [1511/1532] Built Mathlib.LinearAlgebra.AffineSpace.AffineMap (12s)
✔ [1512/1533] Built Mathlib.Data.Finsupp.Basic (11s)
✔ [1513/1533] Built Mathlib.Data.Finset.Fin (1.1s)
✔ [1514/1534] Built Mathlib.Order.Interval.Set.Fin (6.0s)
✔ [1515/1534] Built Mathlib.Data.Finsupp.SMul (2.0s)
✔ [1516/1534] Built Mathlib.Data.Finsupp.Option (2.1s)
✔ [1517/1534] Built Mathlib.LinearAlgebra.AffineSpace.AffineEquiv (10s)
✔ [1518/1535] Built Mathlib.LinearAlgebra.Dual.Defs (7.3s)
✔ [1519/1535] Built Mathlib.Order.Interval.Finset.Fin (7.3s)
✔ [1520/1535] Built Mathlib.LinearAlgebra.Finsupp.SumProd (1.4s)
✔ [1521/1538] Built Mathlib.LinearAlgebra.AffineSpace.Midpoint (3.3s)
✔ [1522/1538] Built Mathlib.LinearAlgebra.Finsupp.Defs (4.5s)
✔ [1523/1541] Built Mathlib.Data.Fintype.Fin (1.7s)
✔ [1524/1541] Built Mathlib.Algebra.Group.Fin.Basic (1.5s)
✔ [1525/1541] Built Mathlib.LinearAlgebra.Finsupp.LSum (4.2s)
✔ [1526/1542] Built Mathlib.Algebra.Algebra.Tower (4.7s)
✔ [1527/1542] Built Mathlib.Logic.Equiv.Fin.Rotate (1.4s)
✔ [1528/1542] Built Mathlib.Algebra.BigOperators.Fin (10s)
✔ [1529/1542] Built Mathlib.LinearAlgebra.Finsupp.Supported (3.0s)
✔ [1530/1544] Built Mathlib.Algebra.Order.Algebra (2.2s)
✔ [1531/1544] Built Mathlib.Data.Fin.Tuple.Reflection (2.3s)
✔ [1532/1544] Built Mathlib.Tactic.Module (12s)
✔ [1533/1547] Built Mathlib.LinearAlgebra.Finsupp.LinearCombination (6.2s)
✔ [1534/1547] Built Mathlib.Algebra.Order.GroupWithZero.Submonoid (708ms)
✔ [1535/1547] Built Mathlib.Topology.Algebra.Module.Basic (3.7s)
✔ [1536/1547] Built Mathlib.Tactic.LinearCombination.Lemmas (2.1s)
✔ [1537/1552] Built Mathlib.Tactic.Ring.Compare (2.9s)
✔ [1538/1552] Built Mathlib.LinearAlgebra.LinearIndependent.Defs (9.9s)
✔ [1539/1553] Built Mathlib.Algebra.Ring.Subring.Units (1.2s)
✔ [1540/1553] Built Mathlib.Tactic.LinearCombination (2.2s)
✔ [1541/1556] Built Mathlib.Algebra.NoZeroSMulDivisors.Defs (1.0s)
✔ [1542/1556] Built Mathlib.LinearAlgebra.LinearIndependent.Basic (7.6s)
✔ [1543/1556] Built Mathlib.Topology.Algebra.Module.ContinuousLinearMap.Basic (14s)
✔ [1544/1556] Built Mathlib.Algebra.NoZeroSMulDivisors.Basic (1.0s)
✔ [1545/1556] Built Mathlib.Tactic.NoncommRing (1.3s)
✔ [1546/1556] Built Mathlib.LinearAlgebra.AffineSpace.AffineSubspace.Defs (6.0s)
✔ [1547/1556] Built Mathlib.Topology.Algebra.Module.ContinuousLinearMap.Restrict (2.9s)
✔ [1548/1556] Built Mathlib.Topology.Algebra.Module.ContinuousLinearMap.PiProd (5.6s)
✔ [1549/1556] Built Mathlib.LinearAlgebra.LinearIndependent.Lemmas (13s)
✔ [1550/1558] Built Mathlib.LinearAlgebra.Ray (7.1s)
✔ [1551/1558] Built Mathlib.Analysis.Convex.Segment (8.4s)
✔ [1552/1558] Built Mathlib.Algebra.Algebra.NonUnitalHom (6.3s)
✔ [1553/1558] Built Mathlib.Topology.Algebra.Module.Equiv (20s)
✔ [1554/1558] Built Mathlib.Analysis.Convex.Star (4.1s)
✔ [1555/1558] Built Mathlib.Analysis.Convex.Basic (7.3s)
✔ [1556/1561] Built Mathlib.Analysis.Convex.Hull (2.5s)
✔ [1557/1566] Built Mathlib.Algebra.Algebra.NonUnitalSubalgebra (14s)
✔ [1558/1569] Built Mathlib.GroupTheory.Congruence.Basic (2.7s)
✔ [1559/1571] Built Mathlib.GroupTheory.Congruence.Opposite (855ms)
✔ [1560/1572] Built Mathlib.Order.ConditionallyCompleteLattice.Group (1.0s)
✔ [1561/1572] Built Mathlib.RingTheory.Congruence.Defs (3.4s)
✔ [1562/1576] Built Mathlib.Analysis.Normed.Group.Seminorm (6.7s)
✔ [1563/1576] Built Mathlib.Data.EReal.Basic (5.9s)
✔ [1564/1578] Built Mathlib.Order.Interval.Set.OrdConnectedComponent (1.8s)
✔ [1565/1578] Built Mathlib.RingTheory.Congruence.Basic (2.9s)
✔ [1566/1578] Built Mathlib.Topology.Order.T5 (1.4s)
✔ [1567/1578] Built Mathlib.Algebra.Order.Module.Field (1.0s)
✔ [1568/1578] Built Mathlib.RingTheory.Congruence.Opposite (1.1s)
✔ [1569/1579] Built Mathlib.Tactic.Group (1.3s)
✔ [1570/1579] Built Mathlib.Topology.Order.Real (1.2s)
✔ [1571/1581] Built Mathlib.RingTheory.TwoSidedIdeal.Basic (2.4s)
✔ [1572/1581] Built Mathlib.Algebra.Algebra.Rat (1.4s)
✔ [1573/1581] Built Mathlib.RingTheory.TwoSidedIdeal.Lattice (1.0s)
✔ [1574/1583] Built Mathlib.Algebra.Order.Ring.NNRat (956ms)
✔ [1575/1583] Built Mathlib.Analysis.Normed.Group.Defs (3.6s)
✔ [1576/1583] Built Mathlib.RingTheory.TwoSidedIdeal.Kernel (1.3s)
✔ [1577/1583] Built Mathlib.RingTheory.SimpleRing.Defs (995ms)
✔ [1578/1585] Built Mathlib.Algebra.Group.Pointwise.Set.Finite (1.9s)
✔ [1579/1587] Built Mathlib.Algebra.Group.Pointwise.Set.ListOfFn (1.2s)
✔ [1580/1587] Built Mathlib.Data.Finset.Density (3.8s)
✔ [1581/1588] Built Mathlib.RingTheory.SimpleRing.Basic (1.3s)
✔ [1582/1588] Built Mathlib.Algebra.BigOperators.Group.Finset.Indicator (1.4s)
✔ [1583/1588] Built Mathlib.Data.Finset.NAry (3.7s)
✔ [1584/1593] Built Mathlib.Algebra.Order.Nonneg.Floor (1.0s)
✔ [1585/1594] Built Mathlib.Algebra.Algebra.Subalgebra.Basic (10s)
✔ [1586/1598] Built Mathlib.Algebra.Order.Module.Pointwise (1.7s)
✔ [1587/1598] Built Mathlib.Algebra.Group.Pointwise.Finset.Basic (10s)
✔ [1588/1600] Built Mathlib.Data.Real.Pointwise (1.8s)
✔ [1589/1600] Built Mathlib.Algebra.BigOperators.Expect (4.1s)
✔ [1590/1600] Built Mathlib.Data.Int.Interval (2.8s)
✔ [1591/1606] Built Mathlib.Data.Int.ConditionallyCompleteOrder (1.0s)
✔ [1592/1606] Built Mathlib.Data.Fintype.Pigeonhole (1.3s)
✔ [1593/1607] Built Mathlib.Data.NNReal.Basic (2.3s)
✔ [1594/1607] Built Mathlib.Order.Filter.AtTopBot.Archimedean (2.9s)
✔ [1595/1607] Built Mathlib.Order.SuccPred.LinearLocallyFinite (2.8s)
✔ [1596/1607] Built Mathlib.Algebra.Module.Rat (1.6s)
✔ [1597/1610] Built Mathlib.Topology.Instances.Discrete (1.2s)
✔ [1598/1610] Built Mathlib.Topology.Instances.Int (1.5s)
✔ [1599/1611] Built Mathlib.Algebra.Group.Subgroup.Order (1.3s)
✔ [1600/1612] Built Mathlib.GroupTheory.Archimedean (2.0s)
✔ [1601/1613] Built Mathlib.Analysis.Normed.Group.Basic (12s)
✔ [1602/1613] Built Mathlib.Topology.Algebra.Order.Archimedean (1.0s)
✔ [1603/1615] Built Mathlib.Topology.Bornology.Real (1.4s)
✔ [1604/1615] Built Mathlib.Data.EReal.Operations (9.1s)
✔ [1605/1615] Built Mathlib.Analysis.Normed.Group.Submodule (1.4s)
✔ [1606/1615] Built Mathlib.Analysis.Normed.Group.Subgroup (1.7s)
✔ [1607/1615] Built Mathlib.Analysis.Normed.Group.Real (1.8s)
✔ [1608/1618] Built Mathlib.Topology.Order.MonotoneContinuity (2.2s)
✔ [1609/1618] Built Mathlib.Analysis.Normed.Group.Constructions (4.1s)
✔ [1610/1618] Built Mathlib.Topology.UniformSpace.Real (1.3s)
✔ [1611/1619] Built Mathlib.Analysis.Normed.Group.Int (1.4s)
✔ [1612/1619] Built Mathlib.Topology.Instances.Nat (1.4s)
✔ [1613/1619] Built Mathlib.Topology.Algebra.Ring.Real (1.6s)
✔ [1614/1619] Built Mathlib.Algebra.Order.GroupWithZero.Finset (1.4s)
✔ [1615/1619] Built Mathlib.Topology.Instances.Rat (2.8s)
✔ [1616/1621] Built Mathlib.Analysis.Normed.Group.Rat (1.5s)
✔ [1617/1623] Built Mathlib.Order.Disjointed (2.9s)
✔ [1618/1623] Built Mathlib.Analysis.Normed.Ring.Basic (10s)
✔ [1619/1625] Built Mathlib.Algebra.Order.Interval.Finset.Basic (1.4s)
✔ [1620/1625] Built Mathlib.Algebra.Order.BigOperators.Group.LocallyFinite (2.2s)
✔ [1621/1627] Built Mathlib.Algebra.BigOperators.WithTop (1.7s)
✔ [1622/1627] Built Mathlib.Analysis.Normed.Field.Basic (4.9s)
✔ [1623/1629] Built Mathlib.Algebra.BigOperators.Intervals (3.8s)
✔ [1624/1629] Built Mathlib.Data.ENNReal.BigOperators (2.0s)
✔ [1625/1631] Built Mathlib.Topology.Order.MonotoneConvergence (2.4s)
✔ [1626/1632] Built Mathlib.Order.Filter.IsBounded (3.8s)
✔ [1627/1632] Built Mathlib.Algebra.Group.EvenFunction (1.5s)
✔ [1628/1632] Built Mathlib.Logic.Encodable.Lattice (1.2s)
✔ [1629/1634] Built Mathlib.Order.Filter.AtTopBot.Finset (1.8s)
✔ [1630/1634] Built Mathlib.Data.ENat.Basic (5.3s)
✔ [1631/1635] Built Mathlib.Order.LiminfLimsup (8.2s)
✔ [1632/1638] Built Mathlib.Data.ENat.Pow (1.5s)
✔ [1633/1638] Built Mathlib.Algebra.Group.ModEq (2.4s)
✔ [1634/1642] Built Mathlib.Topology.Order.LiminfLimsup (5.4s)
✔ [1635/1642] Built Mathlib.Data.Nat.GCD.Basic (2.2s)
✔ [1636/1643] Built Mathlib.Data.Nat.ModEq (3.4s)
✔ [1637/1643] Built Mathlib.Data.Countable.Small (808ms)
✔ [1638/1644] Built Mathlib.Algebra.Order.Hom.Monoid (5.5s)
✔ [1639/1644] Built Mathlib.Data.ZMod.Defs (1.8s)
✔ [1640/1644] Built Mathlib.Logic.Small.Set (1.1s)
✔ [1641/1647] Built Mathlib.Logic.UnivLE (701ms)
✔ [1642/1649] Built Mathlib.Algebra.Order.Hom.MonoidWithZero (2.4s)
✔ [1643/1649] Built Mathlib.Algebra.Order.Hom.Ring (2.0s)
✔ [1644/1649] Built Mathlib.Data.Sum.Order (5.2s)
✔ [1645/1649] Built Mathlib.Order.SuccPred.CompleteLinearOrder (1.8s)
✔ [1646/1651] Built Mathlib.SetTheory.Cardinal.Defs (2.2s)
✔ [1647/1659] Built Mathlib.Order.Hom.Lex (2.4s)
✔ [1648/1664] Built Mathlib.Order.Hom.Order (1.5s)
✔ [1649/1664] Built Mathlib.Order.InitialSeg (3.0s)
✔ [1650/1664] Built Mathlib.Topology.Algebra.InfiniteSum.SummationFilter (3.9s)
✔ [1651/1664] Built Mathlib.Order.Filter.AtTopBot.BigOperators (1.3s)
✔ [1652/1665] Built Mathlib.Order.FixedPoints (2.2s)
✔ [1653/1665] Built Mathlib.SetTheory.Cardinal.SchroederBernstein (1.8s)
✔ [1654/1669] Built Mathlib.Topology.Algebra.InfiniteSum.Defs (3.3s)
✔ [1655/1669] Built Mathlib.Algebra.Order.Antidiag.Prod (2.2s)
✔ [1656/1670] Built Mathlib.SetTheory.Cardinal.Order (3.6s)
✔ [1657/1670] Built Mathlib.Data.List.NatAntidiagonal (1.2s)
✔ [1658/1670] Built Mathlib.Topology.Algebra.InfiniteSum.Basic (6.7s)
✔ [1659/1670] Built Mathlib.SetTheory.Cardinal.Basic (7.1s)
✔ [1660/1675] Built Mathlib.Algebra.Ring.GeomSum (4.2s)
✔ [1661/1676] Built Mathlib.Data.Multiset.NatAntidiagonal (977ms)
✔ [1662/1676] Built Mathlib.SetTheory.Cardinal.ENat (2.8s)
✔ [1663/1676] Built Mathlib.Algebra.Star.Basic (3.4s)
✔ [1664/1676] Built Mathlib.Data.Finset.NatAntidiagonal (1.9s)
✔ [1665/1676] Built Mathlib.Topology.MetricSpace.Pseudo.Real (1.4s)
✔ [1666/1677] Built Mathlib.SetTheory.Cardinal.ToNat (1.7s)
✔ [1667/1677] Built Mathlib.Topology.Algebra.Star (1.3s)
✔ [1668/1677] Built Mathlib.Algebra.BigOperators.NatAntidiagonal (1.1s)
✔ [1669/1678] Built Mathlib.Data.Rat.Encodable (1.0s)
✔ [1670/1684] Built Mathlib.Data.Fintype.Lattice (1.2s)
✔ [1671/1684] Built Mathlib.SetTheory.Cardinal.Finite (3.0s)
✔ [1672/1688] Built Mathlib.Topology.UniformSpace.CompleteSeparated (1.0s)
✔ [1673/1688] Built Mathlib.Topology.Metrizable.Uniformity (2.4s)
✔ [1674/1688] Built Mathlib.Topology.MetricSpace.Antilipschitz (2.2s)
✔ [1675/1688] Built Mathlib.Topology.Algebra.InfiniteSum.Group (4.5s)
✔ [1676/1688] Built Mathlib.Topology.Defs.Sequences (810ms)
✔ [1677/1688] Built Mathlib.Topology.MetricSpace.Isometry (4.7s)
✔ [1678/1688] Built Mathlib.Topology.Algebra.InfiniteSum.NatInt (4.0s)
✔ [1679/1688] Built Mathlib.Topology.Algebra.InfiniteSum.Constructions (11s)
✔ [1680/1688] Built Mathlib.Topology.Sequences (2.3s)
✔ [1681/1689] Built Mathlib.Topology.MetricSpace.ProperSpace.Real (1.2s)
✔ [1682/1690] Built Mathlib.Topology.Algebra.InfiniteSum.Order (4.2s)
✔ [1683/1694] Built Mathlib.Topology.Algebra.InfiniteSum.Ring (3.2s)
✔ [1684/1696] Built Mathlib.Topology.Coherent (1.3s)
✔ [1685/1696] Built Mathlib.Topology.UniformSpace.Equiv (2.7s)
✔ [1686/1696] Built Mathlib.Topology.Instances.NNReal.Lemmas (2.6s)
✔ [1687/1697] Built Mathlib.Topology.UniformSpace.UniformApproximation (2.0s)
✔ [1688/1697] Built Mathlib.Topology.Algebra.IsUniformGroup.Constructions (1.8s)
✔ [1689/1697] Built Mathlib.Topology.Instances.ENNReal.Lemmas (7.5s)
✔ [1690/1701] Built Mathlib.Topology.UniformSpace.UniformConvergenceTopology (6.9s)
✔ [1691/1701] Built Mathlib.Topology.Algebra.SeparationQuotient.Basic (4.5s)
✔ [1692/1703] Built Mathlib.Analysis.Normed.Group.Continuity (4.4s)
✔ [1693/1703] Built Mathlib.Topology.UniformSpace.AbstractCompletion (2.9s)
✔ [1694/1705] Built Mathlib.Topology.UniformSpace.Equicontinuity (4.2s)
✔ [1695/1706] Built Mathlib.Analysis.Normed.Group.Bounded (2.5s)
✔ [1696/1706] Built Mathlib.Topology.UniformSpace.Completion (3.4s)
✔ [1697/1706] Built Mathlib.Topology.MetricSpace.IsometricSMul (5.7s)
✔ [1698/1706] Built Mathlib.Topology.UniformSpace.HeineCantor (1.5s)
✔ [1699/1706] Built Mathlib.Topology.Algebra.UniformMulAction (2.5s)
✔ [1700/1710] Built Mathlib.Topology.MetricSpace.Dilation (3.4s)
✔ [1701/1712] Built Mathlib.Topology.MetricSpace.Algebra (4.1s)
✔ [1702/1712] Built Mathlib.Topology.MetricSpace.DilationEquiv (2.6s)
✔ [1703/1713] Built Mathlib.Topology.Algebra.IsUniformGroup.Basic (8.1s)
✔ [1704/1713] Built Mathlib.Algebra.Order.AddTorsor (1.2s)
✔ [1705/1713] Built Mathlib.Data.ENNReal.Action (1.7s)
✔ [1706/1715] Built Mathlib.Topology.Bornology.Absorbs (2.0s)
✔ [1707/1716] Built Mathlib.Analysis.Normed.MulAction (3.4s)
✔ [1708/1716] Built Mathlib.Algebra.Notation.Lemmas (703ms)
✔ [1709/1716] Built Mathlib.Analysis.Normed.Group.Uniform (5.9s)
✔ [1710/1718] Built Mathlib.Algebra.Order.Pi (1.7s)
✔ [1711/1722] Built Mathlib.Analysis.Normed.Ring.Lemmas (3.0s)
✔ [1712/1722] Built Mathlib.Algebra.Algebra.Opposite (3.4s)
✔ [1713/1722] Built Mathlib.Analysis.Convex.Function (11s)
✔ [1714/1722] Built Mathlib.Algebra.Algebra.RestrictScalars (1.0s)
✔ [1715/1723] Built Mathlib.Analysis.Normed.Field.Lemmas (3.8s)
✔ [1716/1723] Built Mathlib.Algebra.Algebra.Pi (2.9s)
✔ [1717/1725] Built Mathlib.Algebra.BigOperators.Group.Finset.Powerset (1.7s)
✔ [1718/1725] Built Mathlib.Analysis.LocallyConvex.Basic (4.3s)
✔ [1719/1730] Built Mathlib.Data.Multiset.Sort (1.4s)
✔ [1720/1730] Built Mathlib.Analysis.LocallyConvex.BalancedCoreHull (3.9s)
✔ [1721/1730] Built Mathlib.Analysis.Normed.Module.Basic (7.2s)
✔ [1722/1731] Built Mathlib.Data.Fintype.Inv (1.2s)
✔ [1723/1731] Built Mathlib.Data.Finset.Sort (3.6s)
✔ [1724/1731] Built Mathlib.Logic.Equiv.Fintype (1.9s)
✔ [1725/1731] Built Mathlib.Topology.Algebra.Module.ContinuousLinearMap.RestrictScalars (2.1s)
✔ [1726/1731] Built Mathlib.Analysis.Seminorm (17s)
✔ [1727/1731] Built Mathlib.LinearAlgebra.Multilinear.Basic (13s)
✔ [1728/1734] Built Mathlib.Analysis.LocallyConvex.Bounded (5.5s)
✔ [1729/1742] Built Mathlib.Algebra.Group.TransferInstance (1.7s)
✔ [1730/1743] Built Mathlib.Algebra.Group.Action.TransferInstance (1.2s)
✔ [1731/1744] Built Mathlib.Topology.Algebra.Module.Multilinear.Basic (7.7s)
✔ [1732/1744] Built Mathlib.Algebra.GroupWithZero.Action.TransferInstance (1.0s)
✔ [1733/1744] Built Mathlib.Algebra.Module.Submodule.Bilinear (2.4s)
✔ [1734/1745] Built Mathlib.Algebra.Group.Shrink (1.3s)
✔ [1735/1745] Built Mathlib.Algebra.Group.Pointwise.Set.BigOperators (1.9s)
✔ [1736/1746] Built Mathlib.Topology.Algebra.Module.Multilinear.Bounded (2.2s)
✔ [1737/1746] Built Mathlib.Algebra.Module.Submodule.Finsupp (1.7s)
✔ [1738/1746] Built Mathlib.Algebra.Module.TransferInstance (1.7s)
✔ [1739/1748] Built Mathlib.Algebra.Ring.NonZeroDivisors (1.5s)
✔ [1740/1751] Built Mathlib.Algebra.Module.Shrink (981ms)
✔ [1741/1751] Built Mathlib.Algebra.Ring.Submonoid.Pointwise (2.4s)
✔ [1742/1751] Built Mathlib.Algebra.Order.Kleene (3.1s)
✔ [1743/1755] Built Mathlib.GroupTheory.GroupAction.SubMulAction.Pointwise (1.9s)
✔ [1744/1756] Built Mathlib.Data.Set.Semiring (2.2s)
✔ [1745/1756] Built Mathlib.LinearAlgebra.TensorProduct.Defs (7.1s)
✔ [1746/1756] Built Mathlib.Algebra.Ring.Regular (871ms)
✔ [1747/1756] Built Mathlib.Topology.Hom.ContinuousEvalConst (1.1s)
✔ [1748/1758] Built Mathlib.Algebra.Order.Interval.Set.Instances (2.5s)
✔ [1749/1758] Built Mathlib.LinearAlgebra.TensorProduct.Basic (9.4s)
✔ [1750/1758] Built Mathlib.LinearAlgebra.Basis.Defs (6.0s)
✔ [1751/1760] Built Mathlib.LinearAlgebra.Basis.Basic (3.2s)
✔ [1752/1763] Built Mathlib.Data.DFinsupp.Defs (8.6s)
✔ [1753/1763] Built Mathlib.Data.DFinsupp.Module (1.9s)
✔ [1754/1767] Built Mathlib.Data.List.Pi (1.2s)
✔ [1755/1767] Built Mathlib.LinearAlgebra.TensorProduct.Map (16s)
✔ [1756/1771] Built Mathlib.Data.Fintype.Quotient (1.6s)
✔ [1757/1771] Built Mathlib.Data.DFinsupp.Ext (940ms)
✔ [1758/1771] Built Mathlib.Data.DFinsupp.Sigma (1.9s)
✔ [1759/1771] Built Mathlib.Algebra.Algebra.Bilinear (3.3s)
✔ [1760/1775] Built Mathlib.Data.Finsupp.ToDFinsupp (2.2s)
✔ [1761/1775] Built Mathlib.Data.DFinsupp.BigOperators (5.6s)
✔ [1762/1775] Built Mathlib.Algebra.Algebra.Operations (11s)
✔ [1763/1775] Built Mathlib.Data.DFinsupp.Submonoid (1.6s)
✔ [1764/1775] Built Mathlib.LinearAlgebra.TensorProduct.Associator (12s)
✔ [1765/1775] Built Mathlib.Algebra.Algebra.Subalgebra.Lattice (8.3s)
✔ [1766/1779] Built Mathlib.Algebra.DirectSum.Basic (4.9s)
✔ [1767/1779] Built Mathlib.LinearAlgebra.DFinsupp (8.3s)
✔ [1768/1779] Built Mathlib.Topology.Algebra.Algebra (5.0s)
✔ [1769/1779] Built Mathlib.GroupTheory.Abelianization.Defs (2.0s)
✔ [1770/1780] Built Mathlib.GroupTheory.FreeGroup.Basic (7.8s)
✔ [1771/1780] Built Mathlib.LinearAlgebra.TensorProduct.Tower (29s)
✔ [1772/1780] Built Mathlib.Algebra.DirectSum.Module (7.7s)
✔ [1773/1781] Built Mathlib.Topology.Algebra.Algebra.Equiv (3.4s)
✔ [1774/1781] Built Mathlib.GroupTheory.FreeAbelianGroup (4.0s)
✔ [1775/1781] Built Mathlib.LinearAlgebra.DirectSum.TensorProduct (5.1s)
✔ [1776/1781] Built Mathlib.Algebra.MonoidAlgebra.Defs (11s)
✔ [1777/1782] Built Mathlib.Algebra.DirectSum.Finsupp (1.3s)
✔ [1778/1783] Built Mathlib.Algebra.FreeAbelianGroup.Finsupp (1.8s)
✔ [1779/1783] Built Mathlib.Algebra.Group.AddChar (3.7s)
✔ [1780/1785] Built Mathlib.Algebra.Module.BigOperators (1.4s)
✔ [1781/1785] Built Mathlib.LinearAlgebra.DirectSum.Finsupp (5.3s)
✔ [1782/1789] Built Mathlib.Algebra.MonoidAlgebra.Lift (1.7s)
✔ [1783/1789] Built Mathlib.Algebra.MonoidAlgebra.MapDomain (7.3s)
✔ [1784/1789] Built Mathlib.Algebra.MonoidAlgebra.Opposite (1.9s)
✔ [1785/1791] Built Mathlib.Algebra.Group.UniqueProds.Basic (5.1s)
✔ [1786/1795] Built Mathlib.Algebra.MonoidAlgebra.NoZeroDivisors (1.7s)
✔ [1787/1795] Built Mathlib.Data.Finsupp.Fintype (1.1s)
✔ [1788/1798] Built Mathlib.Algebra.MonoidAlgebra.Module (4.8s)
✔ [1789/1798] Built Mathlib.LinearAlgebra.Finsupp.Span (2.7s)
✔ [1790/1798] Built Mathlib.LinearAlgebra.FreeModule.Basic (2.2s)
✔ [1791/1804] Built Mathlib.Algebra.Polynomial.Basic (7.6s)
✔ [1792/1804] Built Mathlib.LinearAlgebra.Finsupp.VectorSpace (2.0s)
✔ [1793/1804] Built Mathlib.LinearAlgebra.LinearPMap (12s)
✔ [1794/1804] Built Mathlib.Topology.Algebra.FilterBasis (4.2s)
✔ [1795/1804] Built Mathlib.Topology.Algebra.UniformConvergence (4.5s)
✔ [1796/1804] Built Mathlib.LinearAlgebra.TensorProduct.Basis (3.7s)
✔ [1797/1804] Built Mathlib.Topology.Algebra.Module.UniformConvergence (2.2s)
✔ [1798/1806] Built Mathlib.LinearAlgebra.Basis.VectorSpace (4.2s)
✔ [1799/1807] Built Mathlib.Algebra.Module.Projective (3.3s)
✔ [1800/1807] Built Mathlib.Topology.Algebra.Equicontinuity (1.5s)
✔ [1801/1807] Built Mathlib.Analysis.Real.Sqrt (4.2s)
✔ [1802/1807] Built Mathlib.Topology.Algebra.SeparationQuotient.Section (1.7s)
✔ [1803/1808] Built Mathlib.Topology.MetricSpace.Equicontinuity (1.3s)
✔ [1804/1811] Built Mathlib.Analysis.Convex.Strict (4.1s)
✔ [1805/1811] Built Mathlib.Topology.Algebra.Module.Spaces.UniformConvergenceCLM (10s)
✔ [1806/1816] Built Mathlib.LinearAlgebra.AffineSpace.AffineSubspace.Basic (9.8s)
✔ [1807/1817] Built Mathlib.LinearAlgebra.AffineSpace.Combination (8.2s)
✔ [1808/1817] Built Mathlib.Tactic.ProxyType (2.2s)
✔ [1809/1819] Built Mathlib.Topology.Algebra.Module.Spaces.ContinuousLinearMap (15s)
✔ [1810/1819] Built Mathlib.LinearAlgebra.AffineSpace.Centroid (2.1s)
✔ [1811/1819] Built Mathlib.LinearAlgebra.AffineSpace.Pointwise (2.3s)
✔ [1812/1819] Built Mathlib.Tactic.DeriveFintype (1.6s)
✔ [1813/1822] Built Mathlib.LinearAlgebra.Basis.SMul (2.4s)
✔ [1814/1822] Built Mathlib.Data.Sign.Defs (3.1s)
✔ [1815/1822] Built Mathlib.LinearAlgebra.AffineSpace.Restrict (1.8s)
✔ [1816/1823] Built Mathlib.Topology.Algebra.Module.Multilinear.Topology (10s)
✔ [1817/1825] Built Mathlib.Data.Sign.Basic (2.7s)
✔ [1818/1829] Built Mathlib.Topology.Order.ProjIcc (1.3s)
✔ [1819/1829] Built Mathlib.Topology.Hom.ContinuousEval (1.2s)
✔ [1820/1832] Built Mathlib.LinearAlgebra.AffineSpace.Independent (8.9s)
✔ [1821/1832] Built Mathlib.Topology.UnitInterval (6.7s)
✔ [1822/1832] Built Mathlib.Topology.CompactOpen (4.5s)
✔ [1823/1832] Built Mathlib.LinearAlgebra.AffineSpace.Simplex.Basic (7.0s)
✔ [1824/1835] Built Mathlib.LinearAlgebra.AffineSpace.Basis (4.6s)
✔ [1825/1835] Built Mathlib.LinearAlgebra.Finsupp.Pi (3.8s)
✔ [1826/1835] Built Mathlib.Topology.Path (6.0s)
✔ [1827/1835] Built Mathlib.Topology.Algebra.Group.Torsor (2.5s)
✔ [1828/1835] Built Mathlib.Topology.Algebra.Monoid.FunOnFinite (1.5s)
✔ [1829/1835] Built Mathlib.Analysis.Convex.Combination (11s)
✔ [1830/1842] Built Mathlib.Topology.Connected.PathConnected (4.1s)
✔ [1831/1842] Built Mathlib.Topology.Algebra.Affine (2.2s)
✔ [1832/1843] Built Mathlib.Topology.NhdsKer (1.6s)
✔ [1833/1843] Built Mathlib.Tactic.Peel (1.7s)
✔ [1834/1843] Built Mathlib.Analysis.Convex.PathConnected (2.6s)
✔ [1835/1843] Built Mathlib.Topology.Compactness.NhdsKer (1.1s)
✔ [1836/1843] Built Mathlib.Analysis.Convex.StdSimplex (4.7s)
✔ [1837/1844] Built Mathlib.Analysis.Convex.Jensen (8.6s)
✔ [1838/1845] Built Mathlib.Topology.AlexandrovDiscrete (1.9s)
✔ [1839/1845] Built Mathlib.Algebra.Field.GeomSum (1.6s)
✔ [1840/1845] Built Mathlib.Analysis.Convex.Topology (4.9s)
✔ [1841/1846] Built Mathlib.Topology.Connected.LocallyPathConnected (2.3s)
✔ [1842/1847] Built Mathlib.Data.Nat.Factorial.BigOperators (1.1s)
✔ [1843/1850] Built Mathlib.Data.Real.ENatENNReal (1.4s)
✔ [1844/1850] Built Mathlib.Topology.Algebra.Module.LocallyConvex (2.6s)
✔ [1845/1850] Built Mathlib.Tactic.Bound (1.7s)
✔ [1846/1852] Built Mathlib.Data.Set.Card (10s)
✔ [1847/1852] Built Mathlib.Analysis.LocallyConvex.WithSeminorms (14s)
✔ [1848/1859] Built Mathlib.Data.Nat.Cast.Order.Field (1.4s)
✔ [1849/1861] Built Mathlib.Topology.Algebra.InfiniteSum.ENNReal (10.0s)
✔ [1850/1862] Built Mathlib.Data.EReal.Inv (4.2s)
✔ [1851/1862] Built Mathlib.Topology.Algebra.InfiniteSum.Real (1.9s)
✔ [1852/1863] Built Mathlib.Topology.Semicontinuity.Defs (4.6s)
✔ [1853/1868] Built Mathlib.Analysis.Normed.Module.RCLike.Real (2.5s)
✔ [1854/1868] Built Mathlib.Topology.Semicontinuity.Basic (7.5s)
✔ [1855/1868] Built Mathlib.Analysis.Normed.Operator.ContinuousLinearMap (2.0s)
✔ [1856/1868] Built Mathlib.Tactic.SuppressCompilation (1.3s)
✔ [1857/1870] Built Mathlib.Topology.Instances.EReal.Lemmas (4.0s)
✔ [1858/1870] Built Mathlib.Analysis.SpecificLimits.Basic (6.7s)
✔ [1859/1874] Built Mathlib.Analysis.Normed.Operator.LinearIsometry (26s)
✔ [1860/1874] Built Mathlib.Data.Fintype.Sort (930ms)
✔ [1861/1875] Built Mathlib.Analysis.Normed.Module.Span (2.3s)
✔ [1862/1876] Built Mathlib.Topology.MetricSpace.HausdorffDistance (5.5s)
✔ [1863/1876] Built Mathlib.LinearAlgebra.Multilinear.Curry (4.4s)
✔ [1864/1876] Built Mathlib.Algebra.BigOperators.Module (1.5s)
✔ [1865/1877] Built Mathlib.Algebra.Order.Field.Power (2.4s)
✔ [1866/1877] Built Mathlib.Topology.MetricSpace.Thickening (4.5s)
✔ [1867/1881] Built Mathlib.Algebra.MonoidAlgebra.Support (2.1s)
✔ [1868/1881] Built Mathlib.Data.Nat.Prime.Defs (2.1s)
✔ [1869/1882] Built Mathlib.Analysis.Normed.Group.Pointwise (3.9s)
✔ [1870/1887] Built Mathlib.Data.Nat.Choose.Sum (3.0s)
✔ [1871/1887] Built Mathlib.Algebra.CharP.Defs (2.2s)
✔ [1872/1887] Built Mathlib.Analysis.Normed.Module.Convex (3.8s)
✔ [1873/1887] Built Mathlib.Data.Nat.Cast.WithTop (768ms)
✔ [1874/1887] Built Mathlib.Algebra.MonoidAlgebra.Degree (5.1s)
✔ [1875/1887] Built Mathlib.Algebra.Polynomial.Coeff (3.5s)
✔ [1876/1888] Built Mathlib.Algebra.Polynomial.Degree.Defs (4.4s)
✔ [1877/1891] Built Mathlib.Analysis.Normed.Operator.Basic (9.0s)
✔ [1878/1891] Built Mathlib.Algebra.Polynomial.Degree.Operations (5.2s)
✔ [1879/1895] Built Mathlib.Data.Nat.WithBot (1.1s)
✔ [1880/1895] Built Mathlib.Analysis.Normed.Operator.NNNorm (4.4s)
✔ [1881/1895] Built Mathlib.Algebra.Polynomial.Degree.Domain (1.4s)
✔ [1882/1895] Built Mathlib.Algebra.Polynomial.Degree.Support (1.6s)
✔ [1883/1895] Built Mathlib.Algebra.Polynomial.Degree.SmallDegree (1.8s)
✔ [1884/1895] Built Mathlib.Algebra.Polynomial.Eval.Defs (5.1s)
✔ [1885/1900] Built Mathlib.Algebra.Polynomial.Degree.TrailingDegree (2.0s)
✔ [1886/1900] Built Mathlib.Algebra.Polynomial.Degree.Units (1.6s)
✔ [1887/1900] Built Mathlib.Algebra.Polynomial.Eval.Coeff (2.6s)
✔ [1888/1901] Built Mathlib.Algebra.Polynomial.Monomial (1.6s)
✔ [1889/1901] Built Mathlib.Algebra.Polynomial.Eval.Degree (2.4s)
✔ [1890/1902] Built Mathlib.Analysis.Normed.Operator.Bilinear (16s)
✔ [1891/1902] Built Mathlib.Algebra.Polynomial.Degree.Monomial (1.1s)
✔ [1892/1902] Built Mathlib.Algebra.Polynomial.Degree.Lemmas (4.6s)
✔ [1893/1902] Built Mathlib.Analysis.Normed.Operator.NormedSpace (8.6s)
✔ [1894/1902] Built Mathlib.Analysis.Asymptotics.Defs (14s)
✔ [1895/1902] Built Mathlib.Analysis.Normed.Group.InfiniteSum (2.0s)
✔ [1896/1902] Built Mathlib.Algebra.Polynomial.EraseLead (4.3s)
✔ [1897/1905] Built Mathlib.Algebra.Polynomial.Reverse (3.7s)
✔ [1898/1905] Built Mathlib.Algebra.Polynomial.Monic (4.7s)
✔ [1899/1906] Built Mathlib.Logic.Equiv.PartialEquiv (5.1s)
✔ [1900/1908] Built Mathlib.Topology.PartialHomeomorph.Defs (1.5s)
✔ [1901/1908] Built Mathlib.Topology.Compactness.Bases (1.3s)
✔ [1902/1912] Built Mathlib.Topology.OpenPartialHomeomorph.Defs (1.9s)
✔ [1903/1913] Built Mathlib.Analysis.Normed.Module.Multilinear.Basic (26s)
✔ [1904/1913] Built Mathlib.Order.Copy (1.7s)
✔ [1905/1913] Built Mathlib.Topology.PartialHomeomorph.Basic (1.7s)
✔ [1906/1915] Built Mathlib.Analysis.Normed.Ring.InfiniteSum (3.4s)
✔ [1907/1916] Built Mathlib.Topology.Sets.Opens (4.6s)
✔ [1908/1916] Built Mathlib.Topology.Order.Lattice (2.9s)
✔ [1909/1917] Built Mathlib.Topology.OpenPartialHomeomorph.Basic (2.1s)
✔ [1910/1917] Built Mathlib.Data.Nat.Choose.Bounds (1.7s)
✔ [1911/1917] Built Mathlib.Analysis.Normed.Order.Lattice (2.2s)
✔ [1912/1917] Built Mathlib.Analysis.Normed.Module.Multilinear.Curry (18s)
✔ [1913/1920] Built Mathlib.Order.Filter.AtTopBot.ModEq (926ms)
✔ [1914/1923] Built Mathlib.Topology.OpenPartialHomeomorph.Continuity (1.5s)
✔ [1915/1923] Built Mathlib.Algebra.Polynomial.Eval.Algebra (1.0s)
✔ [1916/1923] Built Mathlib.Analysis.Calculus.FormalMultilinearSeries (9.5s)
✔ [1917/1925] Built Mathlib.Analysis.Asymptotics.Lemmas (10s)
✔ [1918/1928] Built Mathlib.Topology.Algebra.InfiniteSum.Module (2.9s)
✔ [1919/1929] Built Mathlib.RingTheory.Polynomial.Pochhammer (4.2s)
✔ [1920/1929] Built Mathlib.Combinatorics.Enumerative.Composition (5.2s)
✔ [1921/1932] Built Mathlib.Analysis.Normed.Operator.Mul (9.6s)
✔ [1922/1932] Built Mathlib.Analysis.SpecificLimits.Normed (11s)
✔ [1923/1938] Built Mathlib.RingTheory.Ideal.Defs (1.3s)
✔ [1924/1938] Built Mathlib.RingTheory.Ideal.Quotient.Defs (2.4s)
✔ [1925/1940] Built Mathlib.RingTheory.Ideal.Lattice (1.4s)
✔ [1926/1940] Built Mathlib.Topology.Algebra.Ring.Ideal (1.8s)
✔ [1927/1940] Built Mathlib.RingTheory.Ideal.Span (3.3s)
✔ [1928/1940] Built Mathlib.Analysis.Analytic.ConvergenceRadius (10s)
✔ [1929/1940] Built Mathlib.RingTheory.Ideal.Prime (1.4s)
✔ [1930/1940] Built Mathlib.Analysis.Analytic.OfScalars (5.5s)
✔ [1931/1944] Built Mathlib.RingTheory.Ideal.Maximal (2.9s)
✔ [1932/1944] Built Mathlib.RingTheory.Ideal.Nonunits (1.5s)
✔ [1933/1946] Built Mathlib.Algebra.Ring.Torsion (833ms)
✔ [1934/1946] Built Mathlib.Analysis.Normed.Ring.Units (3.4s)
✔ [1935/1946] Built Mathlib.Data.Complex.Basic (7.2s)
✔ [1936/1946] Built Mathlib.Algebra.Algebra.IsSimpleRing (1.4s)
✔ [1937/1948] Built Mathlib.Analysis.Analytic.Basic (22s)
✔ [1938/1948] Built Mathlib.Algebra.BigOperators.Balance (1.3s)
✔ [1939/1948] Built Mathlib.Analysis.Complex.Norm (3.8s)
✔ [1940/1949] Built Mathlib.Algebra.Order.Module.Rat (1.8s)
✔ [1941/1949] Built Mathlib.Analysis.Complex.Order (2.4s)
✔ [1942/1949] Built Mathlib.Analysis.Analytic.ChangeOrigin (8.3s)
✔ [1943/1952] Built Mathlib.Algebra.Order.Group.Opposite (1.1s)
✔ [1944/1953] Built Mathlib.Algebra.Order.BigOperators.Expect (4.1s)
✔ [1945/1954] Built Mathlib.Algebra.Field.Opposite (1.5s)
✔ [1946/1954] Built Mathlib.Algebra.Star.StarRingHom (3.1s)
✔ [1947/1956] Built Mathlib.Algebra.Star.Rat (1.2s)
✔ [1948/1956] Built Mathlib.Tactic.ContinuousFunctionalCalculus (672ms)
✔ [1949/1958] Built Mathlib.Analysis.Analytic.CPolynomialDef (9.3s)
✔ [1950/1958] Built Mathlib.Algebra.Star.SelfAdjoint (4.2s)
✔ [1951/1958] Built Mathlib.Analysis.Analytic.Linear (5.8s)
✔ [1952/1958] Built Mathlib.Analysis.Normed.Group.Hom (6.6s)
✔ [1953/1959] Built Mathlib.Algebra.Star.Pi (1.2s)
✔ [1954/1959] Built Mathlib.Analysis.Analytic.Composition (18s)
✔ [1955/1961] Built Mathlib.Algebra.Star.StarProjection (1.2s)
✔ [1956/1961] Built Mathlib.Algebra.Algebra.Subalgebra.Directed (2.4s)
✔ [1957/1961] Built Mathlib.Algebra.Order.Star.Basic (4.0s)
✔ [1958/1962] Built Mathlib.Algebra.Module.LinearMap.Star (1.1s)
✔ [1959/1962] Built Mathlib.Algebra.Star.Module (3.7s)
✔ [1960/1967] Built Mathlib.Algebra.Star.StarAlgHom (11s)
✔ [1961/1967] Built Mathlib.Algebra.Star.Pointwise (1.5s)
✔ [1962/1967] Built Mathlib.Analysis.Analytic.Constructions (24s)
✔ [1963/1969] Built Mathlib.Algebra.Star.Prod (960ms)
✔ [1964/1971] Built Mathlib.Algebra.Star.Center (1.0s)
✔ [1965/1971] Built Mathlib.Algebra.Order.SuccPred.WithBot (903ms)
✔ [1966/1971] Built Mathlib.Data.ENat.Lattice (2.0s)
✔ [1967/1971] Built Mathlib.Order.RelSeries (8.8s)
✔ [1968/1973] Built Mathlib.Order.KrullDimension (9.4s)
✔ [1969/1980] Built Mathlib.Algebra.Star.NonUnitalSubalgebra (23s)
✔ [1970/1980] Built Mathlib.RingTheory.Coprime.Basic (3.5s)
✔ [1971/1981] Built Mathlib.Algebra.Field.IsField (1.4s)
✔ [1972/1981] Built Mathlib.Algebra.Star.MonoidHom (2.5s)
✔ [1973/1981] Built Mathlib.RingTheory.Coprime.Lemmas (2.0s)
✔ [1974/1983] Built Mathlib.RingTheory.Ideal.Basic (2.6s)
✔ [1975/1983] Built Mathlib.Algebra.Star.Subalgebra (11s)
✔ [1976/1983] Built Mathlib.Data.Real.Star (867ms)
✔ [1977/1984] Built Mathlib.Topology.Algebra.Module.Star (2.7s)
✔ [1978/1987] Built Mathlib.Algebra.CharP.Two (1.9s)
✔ [1979/1988] Built Mathlib.Algebra.Group.Submonoid.Finite (1.4s)
✔ [1980/1988] Built Mathlib.SetTheory.Cardinal.NatCard (1.7s)
✔ [1981/1988] Built Mathlib.Data.Int.ModEq (2.4s)
✔ [1982/1993] Built Mathlib.Algebra.Group.Subgroup.Finite (2.4s)
✔ [1983/1995] Built Mathlib.RingTheory.Ideal.Operations (13s)
✔ [1984/1995] Built Mathlib.Algebra.Ring.Associated (841ms)
✔ [1985/1997] Built Mathlib.Data.Nat.Prime.Basic (2.0s)
✔ [1986/1997] Built Mathlib.Algebra.GCDMonoid.Basic (9.4s)
✔ [1987/1997] Built Mathlib.RingTheory.Ideal.Maps (12s)
✔ [1988/1998] Built Mathlib.Algebra.GCDMonoid.Nat (1.5s)
✔ [1989/1998] Built Mathlib.GroupTheory.Coset.Card (2.6s)
✔ [1990/2000] Built Mathlib.Algebra.GCDMonoid.Multiset (2.0s)
✔ [1991/2000] Built Mathlib.Data.Nat.Log (3.4s)
✔ [1992/2000] Built Mathlib.Algebra.Algebra.Spectrum.Basic (5.8s)
✔ [1993/2000] Built Mathlib.Algebra.GCDMonoid.Finset (2.5s)
✔ [1994/2002] Built Mathlib.Data.Nat.Prime.Pow (1.0s)
✔ [1995/2002] Built Mathlib.GroupTheory.Index (8.3s)
✔ [1996/2002] Built Mathlib.Dynamics.PeriodicPts.Lemmas (1.9s)
✔ [1997/2005] Built Mathlib.Algebra.Star.Unitary (6.3s)
✔ [1998/2007] Built Mathlib.Algebra.IsPrimePow (1.4s)
✔ [1999/2007] Built Mathlib.Data.List.Prime (1.2s)
✔ [2000/2010] Built Mathlib.Data.Nat.Prime.Infinite (869ms)
✔ [2001/2011] Built Mathlib.Order.Interval.Set.Infinite (1.2s)
✔ [2002/2011] Built Mathlib.Analysis.CStarAlgebra.Basic (4.3s)
✔ [2003/2011] Built Mathlib.Data.Nat.Factors (2.3s)
✔ [2004/2012] Built Mathlib.Algebra.Group.TypeTags.Finite (948ms)
✔ [2005/2012] Built Mathlib.Data.Complex.BigOperators (1.5s)
✔ [2006/2014] Built Mathlib.Data.Nat.PrimeFin (1.4s)
✔ [2007/2014] Built Mathlib.Algebra.CharP.Invertible (1.2s)
✔ [2008/2014] Built Mathlib.Algebra.Algebra.Subalgebra.Tower (2.2s)
✔ [2009/2015] Built Mathlib.Data.Finite.Sum (954ms)
✔ [2010/2020] Built Mathlib.Algebra.BigOperators.RingEquiv (1.4s)
✔ [2011/2020] Built Mathlib.NumberTheory.Divisors (9.8s)
✔ [2012/2020] Built Mathlib.LinearAlgebra.Matrix.Defs (4.4s)
✔ [2013/2022] Built Mathlib.GroupTheory.DedekindFinite (863ms)
✔ [2014/2026] Built Mathlib.Data.Matrix.Diagonal (2.6s)
✔ [2015/2026] Built Mathlib.Data.Matrix.Mul (9.1s)
✔ [2016/2027] Built Mathlib.Algebra.Star.BigOperators (1.1s)
✔ [2017/2027] Built Mathlib.GroupTheory.OrderOfElement (15s)
✔ [2018/2027] Built Mathlib.LinearAlgebra.Basis.Fin (2.3s)
✔ [2019/2029] Built Mathlib.LinearAlgebra.Basis.Prod (1.6s)
✔ [2020/2031] Built Mathlib.Analysis.Normed.Ring.Finite (1.4s)
✔ [2021/2033] Built Mathlib.Data.Matrix.Basic (12s)
✔ [2022/2035] Built Mathlib.LinearAlgebra.StdBasis (2.9s)
✔ [2023/2035] Built Mathlib.Analysis.RCLike.Basic (16s)
✔ [2024/2037] Built Mathlib.Data.Matrix.Basis (5.5s)
✔ [2025/2037] Built Mathlib.RingTheory.AlgebraTower (2.6s)
✔ [2026/2037] Built Mathlib.Algebra.Order.Monoid.Submonoid (1.1s)
✔ [2027/2037] Built Mathlib.LinearAlgebra.Matrix.StdBasis (1.5s)
✔ [2028/2037] Built Mathlib.Data.Matrix.Composition (2.2s)
✔ [2029/2041] Built Mathlib.Topology.Instances.RealVectorSpace (1.0s)
✔ [2030/2041] Built Mathlib.LinearAlgebra.Matrix.ConjTranspose (3.7s)
✔ [2031/2042] Built Mathlib.Analysis.Normed.Group.FunctionSeries (2.1s)
✔ [2032/2042] Built Mathlib.LinearAlgebra.Matrix.RowCol (3.5s)
✔ [2033/2043] Built Mathlib.Data.Matrix.Block (6.0s)
✔ [2034/2043] Built Mathlib.Analysis.NormedSpace.FunctionSeries (1.5s)
✔ [2035/2043] Built Mathlib.Algebra.BigOperators.Field (1.3s)
✔ [2036/2043] Built Mathlib.LinearAlgebra.Matrix.Notation (5.8s)
✔ [2037/2044] Built Mathlib.Analysis.Convex.Slope (5.8s)
✔ [2038/2045] Built Mathlib.Data.Int.Order.Units (1.2s)
✔ [2039/2050] Built Mathlib.Algebra.CharP.Basic (1.8s)
✔ [2040/2053] Built Mathlib.Algebra.GroupWithZero.Units.Fintype (1.2s)
✔ [2041/2053] Built Mathlib.Data.ZMod.Basic (9.0s)
✔ [2042/2053] Built Mathlib.Algebra.QuadraticDiscriminant (2.4s)
✔ [2043/2055] Built Mathlib.Data.ZMod.IntUnitsPower (1.6s)
✔ [2044/2055] Built Mathlib.LinearAlgebra.Matrix.ToLin (19s)
✔ [2045/2056] Built Mathlib.Algebra.Ring.NegOnePow (1.7s)
✔ [2046/2056] Built Mathlib.Analysis.Asymptotics.Theta (3.8s)
✔ [2047/2056] Built Mathlib.Algebra.Ring.Periodic (4.5s)
✔ [2048/2057] Built Mathlib.Algebra.Field.NegOnePow (1.2s)
✔ [2049/2060] Built Mathlib.LinearAlgebra.Complex.Module (10s)
✔ [2050/2063] Built Mathlib.Algebra.Field.Periodic (2.2s)
✔ [2051/2063] Built Mathlib.Algebra.Order.CauSeq.BigOperators (3.7s)
✔ [2052/2063] Built Mathlib.Tactic.NormNum.BigOperators (3.8s)
✔ [2053/2063] Built Mathlib.Tactic.NormNum.NatFactorial (1.6s)
✔ [2054/2063] Built Mathlib.Analysis.Complex.Basic (7.5s)
✔ [2055/2063] Built Mathlib.Topology.Order.AtTopBotIxx (8.3s)
✔ [2056/2063] Built Mathlib.Analysis.Complex.Exponential (7.5s)
✔ [2057/2065] Built Mathlib.Analysis.Complex.Asymptotics (1.5s)
✔ [2058/2065] Built Mathlib.Analysis.Complex.Trigonometric (4.6s)
✔ [2059/2065] Built Mathlib.LinearAlgebra.Quotient.Card (740ms)
⚠ [2060/2067] Built SierpinskiFormal.BoundarySeriesAnalytic (8.6s)
warning: SierpinskiFormal/BoundarySeriesAnalytic.lean:1:0: 'Mathlib.Analysis.NormedSpace.FunctionSeries' has been deprecated: please replace this import by

import Mathlib.Analysis.Normed.Group.FunctionSeries
✔ [2061/2067] Built Mathlib.Analysis.SpecialFunctions.Exp (3.8s)
✔ [2062/2068] Built Mathlib.LinearAlgebra.Isomorphisms (2.4s)
✔ [2063/2068] Built SierpinskiFormal.BoundarySeriesDegreeBound (2.3s)
✔ [2064/2068] Built Mathlib.Algebra.Ring.Action.Submonoid (894ms)
✔ [2065/2068] Built Mathlib.Algebra.Ring.Fin (817ms)
✔ [2066/2073] Built Mathlib.Algebra.Algebra.Subalgebra.Operations (1.9s)
✔ [2067/2073] Built Mathlib.GroupTheory.QuotientGroup.Finite (1.7s)
✔ [2068/2073] Built Mathlib.Analysis.Normed.Module.Ball.Pointwise (5.6s)
✔ [2069/2075] Built Mathlib.Analysis.SpecialFunctions.Trigonometric.Basic (10s)
✔ [2070/2076] Built Mathlib.Data.Int.SuccPred (955ms)
✔ [2071/2078] Built Mathlib.Order.Circular (1.6s)
✔ [2072/2078] Built Mathlib.RingTheory.Ideal.Quotient.Basic (2.9s)
✔ [2073/2078] Built Mathlib.GroupTheory.QuotientGroup.ModEq (822ms)
✔ [2074/2080] Built Mathlib.Algebra.Order.Interval.Set.Group (2.1s)
✔ [2075/2080] Built Mathlib.RingTheory.Ideal.Quotient.Operations (15s)
✔ [2076/2081] Built Mathlib.Algebra.Order.ToIntervalMod (14s)
✔ [2077/2081] Built Mathlib.Algebra.Group.Units.Opposite (780ms)
✔ [2078/2081] Built Mathlib.Data.Nat.Cast.Field (857ms)
✔ [2079/2084] Built Mathlib.Algebra.Ring.AddAut (888ms)
✔ [2080/2085] Built Mathlib.Algebra.Order.Group.Finset (1.8s)
✔ [2081/2086] Built Mathlib.Order.Preorder.Finsupp (1.1s)
✔ [2082/2086] Built Mathlib.Analysis.Normed.Group.Quotient (5.5s)
✔ [2083/2090] Built Mathlib.Data.Finsupp.Multiset (2.4s)
✔ [2084/2091] Built Mathlib.Data.Finsupp.Order (3.2s)
✔ [2085/2097] Built Mathlib.Data.Nat.MaxPowDiv (1.3s)
✔ [2086/2097] Built Mathlib.Algebra.Group.Nat.Range (912ms)
✔ [2087/2097] Built Mathlib.GroupTheory.Divisible (2.0s)
✔ [2088/2102] Built Mathlib.RingTheory.Multiplicity (5.3s)
✔ [2089/2102] Built Mathlib.Data.Nat.Count (1.5s)
✔ [2090/2102] Built Mathlib.NumberTheory.Padics.PadicVal.Defs (1.0s)
✔ [2091/2103] Built Mathlib.Algebra.Group.Subgroup.ZPowers.Lemmas (1.1s)
✔ [2092/2105] Built Mathlib.Data.Nat.Periodic (1.1s)
✔ [2093/2105] Built Mathlib.Algebra.CharZero.Quotient (1.0s)
✔ [2094/2105] Built Mathlib.Topology.Instances.ZMultiples (1.3s)
✔ [2095/2107] Built Mathlib.Data.Nat.Factorization.Defs (2.2s)
✔ [2096/2110] Built Mathlib.Topology.Instances.Sign (1.0s)
✔ [2097/2110] Built Mathlib.Algebra.Order.Ring.Interval (1.0s)
✔ [2098/2110] Built Mathlib.Data.Nat.Factorization.Induction (1.2s)
✔ [2099/2113] Built Mathlib.Data.Nat.Factorization.Basic (4.3s)
✔ [2100/2113] Built Mathlib.Analysis.SpecialFunctions.Trigonometric.Inverse (4.9s)
✔ [2101/2113] Built Mathlib.Data.Nat.Totient (3.7s)
✔ [2102/2113] Built Mathlib.Data.Nat.NthRoot.Defs (443ms)
✔ [2103/2116] Built Mathlib.Analysis.SpecialFunctions.Log.Basic (6.1s)
✔ [2104/2119] Built Mathlib.Tactic.Qify (1.1s)
✔ [2105/2119] Built Mathlib.Tactic.Rify (1.2s)
✔ [2106/2120] Built Mathlib.Data.ENNReal.Holder (1.6s)
✔ [2107/2120] Built Mathlib.Topology.Instances.AddCircle.Defs (7.0s)
✔ [2108/2120] Built Mathlib.Data.Real.ConjExponents (3.9s)
✔ [2109/2120] Built Mathlib.Topology.Instances.AddCircle.Real (1.7s)
✔ [2110/2121] Built Mathlib.LinearAlgebra.Basis.Submodule (2.8s)
✔ [2111/2124] Built Mathlib.Algebra.Group.Pointwise.Finset.Scalar (2.6s)
✔ [2112/2124] Built Mathlib.Analysis.Normed.Group.AddCircle (3.6s)
✔ [2113/2124] Built Mathlib.Order.PiLex (2.2s)
✔ [2114/2132] Built Mathlib.Order.Fin.Tuple (2.2s)
✔ [2115/2132] Built Mathlib.Data.Fin.Tuple.NatAntidiagonal (2.4s)
✔ [2116/2132] Built Mathlib.Data.Sym.Sym2.Init (743ms)
✔ [2117/2133] Built Mathlib.Analysis.SpecialFunctions.Trigonometric.Angle (11s)
✔ [2118/2133] Built Mathlib.Data.Sym.Sym2 (7.8s)
✔ [2119/2135] Built Mathlib.GroupTheory.Perm.Basic (964ms)
✔ [2120/2136] Built Mathlib.Analysis.SpecialFunctions.Complex.Arg (6.5s)
✔ [2121/2136] Built Mathlib.Data.List.Sym (3.6s)
✔ [2122/2136] Built Mathlib.GroupTheory.Perm.Support (4.6s)
✔ [2123/2136] Built Mathlib.Analysis.SpecialFunctions.Complex.Log (3.3s)
✔ [2124/2136] Built Mathlib.Data.Multiset.Sym (1.0s)
✔ [2125/2140] Built Mathlib.GroupTheory.Perm.List (2.6s)
✔ [2126/2140] Built Mathlib.GroupTheory.Perm.Finite (2.3s)
✔ [2127/2140] Built Mathlib.Data.Finset.Sym (2.4s)
✔ [2128/2142] Built Mathlib.Analysis.SpecialFunctions.Pow.Complex (3.4s)
✔ [2129/2142] Built Mathlib.Data.Fintype.Perm (2.0s)
✔ [2130/2142] Built Mathlib.Algebra.Order.Antidiag.Pi (3.2s)
✔ [2131/2142] Built Mathlib.Data.List.Iterate (873ms)
✔ [2132/2145] Built Mathlib.Data.Set.Pairwise.List (784ms)
✔ [2133/2145] Built Mathlib.GroupTheory.Perm.Sign (5.0s)
✔ [2134/2147] Built Mathlib.Analysis.SpecialFunctions.Pow.Real (8.6s)
✔ [2135/2147] Built Mathlib.Data.Nat.GCD.BigOperators (1.1s)
✔ [2136/2147] Built Mathlib.Algebra.Order.Antidiag.Finsupp (2.2s)
✔ [2137/2147] Built Mathlib.GroupTheory.Perm.Cycle.Basic (7.1s)
✔ [2138/2149] Built Mathlib.Analysis.Convex.SpecificFunctions.Basic (2.9s)
✔ [2139/2149] Built Mathlib.Analysis.SpecialFunctions.Pow.NNReal (9.7s)
✔ [2140/2149] Built Mathlib.Tactic.NormNum.GCD (2.5s)
✔ [2141/2149] Built Mathlib.GroupTheory.NoncommPiCoprod (3.0s)
✔ [2142/2149] Built Mathlib.Combinatorics.Enumerative.Partition.Basic (2.0s)
✔ [2143/2149] Built Mathlib.GroupTheory.Perm.Closure (1.5s)
✔ [2144/2149] Built Mathlib.GroupTheory.Perm.Option (1.1s)
✔ [2145/2157] Built Mathlib.GroupTheory.Perm.Cycle.Factors (5.4s)
✔ [2146/2157] Built Mathlib.GroupTheory.Perm.Cycle.Type (6.6s)
✔ [2147/2157] Built Mathlib.Analysis.MeanInequalities (12s)
✔ [2148/2157] Built Mathlib.LinearAlgebra.Multilinear.DFinsupp (5.4s)
✔ [2149/2157] Built Mathlib.LinearAlgebra.Matrix.SemiringInverse (5.6s)
✔ [2150/2158] Built Mathlib.LinearAlgebra.Multilinear.Finsupp (3.3s)
✔ [2151/2166] Built Mathlib.LinearAlgebra.Multilinear.Basis (1.7s)
✔ [2152/2166] Built Mathlib.GroupTheory.Perm.Fin (6.1s)
✔ [2153/2166] Built Mathlib.GroupTheory.Finiteness (4.3s)
✔ [2154/2166] Built Mathlib.Tactic.Algebraize (2.2s)
✔ [2155/2166] Built Mathlib.RingTheory.Finiteness.Defs (1.6s)
✔ [2156/2166] Built Mathlib.LinearAlgebra.Alternating.Basic (8.9s)
✔ [2157/2166] Built Mathlib.RingTheory.Finiteness.Basic (4.0s)
✔ [2158/2166] Built Mathlib.Analysis.Normed.Lp.WithLp (3.5s)
✔ [2159/2166] Built Mathlib.LinearAlgebra.Matrix.Determinant.Basic (8.4s)
✔ [2160/2166] Built Mathlib.LinearAlgebra.Matrix.Reindex (2.8s)
✔ [2161/2168] Built Mathlib.LinearAlgebra.Matrix.Basis (3.4s)
✔ [2162/2168] Built Mathlib.Analysis.Normed.Lp.ProdLp (11s)
✔ [2163/2169] Built Mathlib.LinearAlgebra.Dimension.Basic (3.8s)
✔ [2164/2169] Built Mathlib.LinearAlgebra.Dimension.Finrank (1.7s)
✔ [2165/2171] Built Mathlib.Algebra.Module.Submodule.IterateMapComap (1.3s)
✔ [2166/2171] Built Mathlib.Algebra.Order.SuccPred.PartialSups (1.5s)
✔ [2167/2172] Built Mathlib.RingTheory.Noetherian.Defs (1.7s)
✔ [2168/2174] Built Mathlib.Algebra.Module.Congruence.Defs (1.9s)
✔ [2169/2175] Built Mathlib.Order.Cofinal (1.2s)
✔ [2170/2175] Built Mathlib.SetTheory.Cardinal.Cofinality.Basic (2.4s)
✔ [2171/2175] Built Mathlib.Analysis.Normed.Lp.PiLp (13s)
✔ [2172/2182] Built Mathlib.Order.SuccPred.InitialSeg (813ms)
✔ [2173/2183] Built Mathlib.Order.DirSupClosed (1.5s)
✔ [2174/2183] Built Mathlib.Order.IsNormal (1.7s)
✔ [2175/2184] Built Mathlib.SetTheory.Ordinal.Basic (4.3s)
✔ [2176/2184] Built Mathlib.SetTheory.Ordinal.Univ (1.6s)
✔ [2177/2190] Built Mathlib.SetTheory.Ordinal.Arithmetic (7.1s)
✔ [2178/2191] Built Mathlib.Logic.Small.List (776ms)
✔ [2179/2196] Built Mathlib.SetTheory.Ordinal.Family (5.2s)
✔ [2180/2196] Built Mathlib.SetTheory.Ordinal.Exponential (3.0s)
✔ [2181/2196] Built Mathlib.SetTheory.Ordinal.Enum (1.4s)
✔ [2182/2198] Built Mathlib.SetTheory.Cardinal.Cofinality.Enum (2.1s)
✔ [2183/2200] Built Mathlib.SetTheory.Ordinal.FixedPoint (2.3s)
✔ [2184/2202] Built Mathlib.Algebra.Exact.Basic (7.4s)
✔ [2185/2202] Built Mathlib.SetTheory.Ordinal.Principal (2.9s)
✔ [2186/2202] Built Mathlib.RingTheory.Ideal.Prod (2.4s)
✔ [2187/2202] Built Mathlib.RingTheory.Finiteness.Finsupp (2.3s)
✔ [2188/2205] Built Mathlib.SetTheory.Cardinal.Aleph (6.3s)
✔ [2189/2205] Built Mathlib.SetTheory.Cardinal.Arithmetic (5.1s)
✔ [2190/2205] Built Mathlib.Algebra.EuclideanDomain.Defs (1.3s)
✔ [2191/2205] Built Mathlib.SetTheory.Cardinal.Ordinal (2.3s)
✔ [2192/2205] Built Mathlib.SetTheory.Cardinal.Cofinality.Ordinal (4.3s)
✔ [2193/2205] Built Mathlib.Algebra.EuclideanDomain.Field (916ms)
✔ [2194/2211] Built Mathlib.Algebra.EuclideanDomain.Basic (3.0s)
✔ [2195/2213] Built Mathlib.SetTheory.Ordinal.FundamentalSequence (1.8s)
✔ [2196/2213] Built Mathlib.Algebra.GroupWithZero.Submonoid.Primal (782ms)
✔ [2197/2214] Built Mathlib.SetTheory.Cardinal.Regular (2.7s)
✔ [2198/2218] Built Mathlib.LinearAlgebra.Dimension.Subsingleton (1.1s)
✔ [2199/2218] Built Mathlib.RingTheory.UniqueFactorizationDomain.Defs (1.5s)
✔ [2200/2219] Built Mathlib.SetTheory.Cardinal.Pigeonhole (1.4s)
✔ [2201/2219] Built Mathlib.SetTheory.Cardinal.Finsupp (1.4s)
✔ [2202/2219] Built Mathlib.RingTheory.UniqueFactorizationDomain.Ideal (1.2s)
✔ [2203/2222] Built Mathlib.LinearAlgebra.Basis.Cardinality (2.0s)
✔ [2204/2222] Built Mathlib.RingTheory.Noetherian.UniqueFactorizationDomain (1.0s)
✔ [2205/2222] Built Mathlib.RingTheory.Finiteness.Cardinality (1.8s)
✔ [2206/2222] Built Mathlib.RingTheory.Finiteness.Lattice (992ms)
✔ [2207/2222] Built Mathlib.RingTheory.PrincipalIdealDomain (3.3s)
✔ [2208/2222] Built Mathlib.LinearAlgebra.FreeModule.Finite.Basic (1.1s)
✔ [2209/2222] Built Mathlib.RingTheory.OrzechProperty (1.3s)
✔ [2210/2222] Built Mathlib.RingTheory.Noetherian.Basic (3.2s)
✔ [2211/2222] Built Mathlib.RingTheory.Noetherian.Orzech (1.4s)
✔ [2212/2222] Built Mathlib.LinearAlgebra.InvariantBasisNumber (2.6s)
✔ [2213/2222] Built Mathlib.LinearAlgebra.Dimension.StrongRankCondition (4.5s)
✔ [2214/2222] Built Mathlib.LinearAlgebra.Dimension.Free (4.0s)
✔ [2215/2222] Built Mathlib.LinearAlgebra.FiniteDimensional.Defs (2.0s)
⚠ [2216/2224] Built SierpinskiFormal.BoundarySeriesHolomorphic (113s)
warning: SierpinskiFormal/BoundarySeriesHolomorphic.lean:66:4: `ContinuousMultilinearMap.sum_apply` has been deprecated: Use `sum_apply` instead

Note: The updated constant is in a different namespace. Dot notation may need to be changed (e.g., from `x.sum_apply` to `sum_apply x`).
warning: SierpinskiFormal/BoundarySeriesHolomorphic.lean:67:48: This simp argument is unused:
  Finset.sum_subtype

Hint: Omit it from the simp argument list.
  [apply] simp only [boundaryFormalCoefficient, boundarySplitCoefficient, boundaryTotalDegree, boundaryBidegree,
    ContinuousMultilinearMap.sum_apply, ContinuousMultilinearMap.domDomCongr_apply, boundaryMultilinearTerm_apply,
    finWordMonomial]

Note: This linter can be disabled with `set_option linter.unusedSimpArgs false`
warning: SierpinskiFormal/BoundarySeriesHolomorphic.lean:98:13: `ContinuousMultilinearMap.sum_apply` has been deprecated: Use `sum_apply` instead

Note: The updated constant is in a different namespace. Dot notation may need to be changed (e.g., from `x.sum_apply` to `sum_apply x`).
warning: SierpinskiFormal/BoundarySeriesHolomorphic.lean:204:15: This simp argument is unused:
  Nat.cast_add

Hint: Omit it from the simp argument list.
  [apply] simp only [Nat.cast_one, pow_one]

Note: This linter can be disabled with `set_option linter.unusedSimpArgs false`
warning: SierpinskiFormal/BoundarySeriesHolomorphic.lean:204:29: This simp argument is unused:
  Nat.cast_one

Hint: Omit it from the simp argument list.
  [apply] simp only [Nat.cast_add, pow_one]

Note: This linter can be disabled with `set_option linter.unusedSimpArgs false`
warning: SierpinskiFormal/BoundarySeriesHolomorphic.lean:264:20: `EMetric.ball` has been deprecated: Use `Metric.eball` instead

Note: The updated constant is in a different namespace. Dot notation may need to be changed (e.g., from `x.ball` to `Metric.eball x`).
warning: SierpinskiFormal/BoundarySeriesHolomorphic.lean:266:30: `ofReal_norm_eq_enorm` has been deprecated: Use `ofReal_norm` instead
⚠ [2217/2224] Built SierpinskiFormal.BanachWordSeries (3.1s)
warning: SierpinskiFormal/BanachWordSeries.lean:34:31: `ContinuousMultilinearMap.sum_apply` has been deprecated: Use `sum_apply` instead

Note: The updated constant is in a different namespace. Dot notation may need to be changed (e.g., from `x.sum_apply` to `sum_apply x`).
warning: SierpinskiFormal/BanachWordSeries.lean:74:13: `ContinuousMultilinearMap.sum_apply` has been deprecated: Use `sum_apply` instead

Note: The updated constant is in a different namespace. Dot notation may need to be changed (e.g., from `x.sum_apply` to `sum_apply x`).
warning: SierpinskiFormal/BanachWordSeries.lean:83:16: `EMetric.ball` has been deprecated: Use `Metric.eball` instead

Note: The updated constant is in a different namespace. Dot notation may need to be changed (e.g., from `x.ball` to `Metric.eball x`).
warning: SierpinskiFormal/BanachWordSeries.lean:85:30: `ofReal_norm_eq_enorm` has been deprecated: Use `ofReal_norm` instead
✔ [2218/2225] Built Mathlib.LinearAlgebra.Dimension.Constructions (6.5s)
✔ [2219/2227] Built Mathlib.LinearAlgebra.Dimension.Finite (4.2s)
✔ [2220/2227] Built Mathlib.Data.Finsupp.Antidiagonal (1.4s)
✔ [2221/2227] Built Mathlib.Algebra.MonoidAlgebra.Basic (10s)
✔ [2222/2227] Built Mathlib.Algebra.Group.TypeTags.Pointwise (940ms)
✔ [2223/2231] Built Mathlib.LinearAlgebra.FiniteDimensional.Basic (5.9s)
✔ [2224/2231] Built Mathlib.Data.Finsupp.Weight (5.0s)
✔ [2225/2231] Built Mathlib.Algebra.Polynomial.AlgebraMap (7.2s)
✔ [2226/2232] Built Mathlib.Algebra.Regular.Pow (783ms)
⚠ [2227/2232] Built SierpinskiFormal.ReachableSpanMortality (1.9s)
warning: SierpinskiFormal/ReachableSpanMortality.lean:181:2: `push_neg` has been deprecated. Prefer using `push Not` instead.
If you'd rather continue using `push_neg` in your project, you can implement it as follows:
```
open Lean.Parser.Tactic in
macro "push_neg" cfg:optConfig loc:(location)? : tactic =>
  `(tactic| push $cfg:optConfig Not $[$loc]?)
```
✔ [2228/2232] Built Mathlib.Tactic.Polynomial.Core (779ms)
✔ [2229/2234] Built Mathlib.Tactic.MoveAdd (1.6s)
✔ [2230/2234] Built Mathlib.Data.Finsupp.Fin (1.4s)
✔ [2231/2242] Built Mathlib.Algebra.BigOperators.Finsupp.Fin (1.3s)
✔ [2232/2243] Built Mathlib.Algebra.FreeMonoid.UniqueProds (1.1s)
✔ [2233/2244] Built Mathlib.Algebra.MvPolynomial.Basic (9.0s)
✔ [2234/2244] Built Mathlib.Algebra.FreeAlgebra (3.7s)
✔ [2235/2244] Built Mathlib.Algebra.Field.Equiv (763ms)
✔ [2236/2244] Built Mathlib.Algebra.Field.Subfield.Basic (4.5s)
✔ [2237/2244] Built Mathlib.Algebra.MvPolynomial.Eval (8.9s)
✔ [2238/2251] Built Mathlib.RingTheory.MvPowerSeries.Basic (9.9s)
✔ [2239/2251] Built Mathlib.Algebra.MvPolynomial.Rename (4.7s)
✔ [2240/2257] Built Mathlib.GroupTheory.OreLocalization.OreSet (1.0s)
✔ [2241/2259] Built Mathlib.Algebra.MvPolynomial.Degrees (4.0s)
✔ [2242/2259] Built Mathlib.GroupTheory.OreLocalization.Basic (5.8s)
✔ [2243/2260] Built Mathlib.Algebra.Field.ZMod (1.2s)
✔ [2244/2260] Built Mathlib.Data.Nat.Prime.Int (1.2s)
✔ [2245/2260] Built Mathlib.RingTheory.OreLocalization.Basic (2.7s)
✔ [2246/2260] Built Mathlib.Algebra.MvPolynomial.Equiv (8.6s)
✔ [2247/2260] Built Mathlib.Data.ZMod.ValMinAbs (2.2s)
✔ [2248/2260] Built Mathlib.RingTheory.OreLocalization.NonZeroDivisors (1.2s)
✔ [2249/2261] Built Mathlib.GroupTheory.MonoidLocalization.Basic (7.1s)
✔ [2250/2261] Built Mathlib.RingTheory.OreLocalization.Ring (3.1s)
✔ [2251/2261] Built Mathlib.GroupTheory.MonoidLocalization.Divisibility (1.1s)
✔ [2252/2261] Built Mathlib.RingTheory.PowerSeries.Basic (6.6s)
✔ [2253/2261] Built Mathlib.RingTheory.Adjoin.Polynomial.Basic (1.5s)
✔ [2254/2262] Built Mathlib.RingTheory.PowerSeries.Trunc (2.9s)
✔ [2255/2264] Built Mathlib.GroupTheory.MonoidLocalization.Maps (5.3s)
✔ [2256/2264] Built Mathlib.Algebra.EuclideanDomain.Int (642ms)
✔ [2257/2264] Built Mathlib.Algebra.Algebra.Subalgebra.Prod (1.3s)
✔ [2258/2264] Built Mathlib.GroupTheory.MonoidLocalization.MonoidWithZero (1.5s)
✔ [2259/2266] Built Mathlib.RingTheory.Adjoin.Basic (2.5s)
✔ [2260/2271] Built Mathlib.Algebra.Order.Group.PiLex (1.1s)
✔ [2261/2278] Built Mathlib.Data.DFinsupp.Order (3.8s)
✔ [2262/2279] Built Mathlib.RingTheory.Localization.Defs (8.8s)
✔ [2263/2279] Built Mathlib.Data.DFinsupp.NeLocus (1.6s)
✔ [2264/2280] Built Mathlib.Algebra.Polynomial.BigOperators (3.8s)
✔ [2265/2280] Built Mathlib.FieldTheory.Finiteness (1.5s)
✔ [2266/2280] Built Mathlib.RingTheory.Localization.Basic (7.2s)
✔ [2267/2280] Built Mathlib.Data.DFinsupp.Lex (2.5s)
✔ [2268/2280] Built Mathlib.FieldTheory.Galois.Notation (1.0s)
✔ [2269/2280] Built Mathlib.Data.Finsupp.Lex (2.4s)
✔ [2270/2282] Built Mathlib.Algebra.MvPolynomial.Variables (3.1s)
✔ [2271/2282] Built Mathlib.RingTheory.Localization.FractionRing (8.3s)
✔ [2272/2282] Built Mathlib.Algebra.MvPolynomial.CommRing (2.6s)
✔ [2273/2282] Built Mathlib.Algebra.Polynomial.Eval.SMul (1.2s)
✔ [2274/2282] Built Mathlib.Algebra.CharP.Algebra (1.8s)
✔ [2275/2287] Built Mathlib.Algebra.Polynomial.Derivative (10s)
✔ [2276/2289] Built Mathlib.RingTheory.Polynomial.Basic (8.1s)
✔ [2277/2290] Built Mathlib.Algebra.MonoidAlgebra.Division (1.0s)
✔ [2278/2290] Built Mathlib.Tactic.ComputeDegree (2.7s)
✔ [2279/2290] Built Mathlib.RingTheory.Adjoin.FG (2.1s)
✔ [2280/2290] Built Mathlib.Order.Filter.TendstoCofinite (1.5s)
✔ [2281/2290] Built Mathlib.Algebra.Polynomial.Inductions (1.8s)
✔ [2282/2294] Built Mathlib.RingTheory.EuclideanDomain (1.4s)
✔ [2283/2294] Built Mathlib.RingTheory.Adjoin.Tower (2.1s)
✔ [2284/2294] Built Mathlib.Algebra.BigOperators.Associated (2.2s)
✔ [2285/2295] Built Mathlib.Algebra.Polynomial.Div (6.5s)
✔ [2286/2295] Built Mathlib.RingTheory.FiniteType (5.3s)
✔ [2287/2295] Built Mathlib.RingTheory.UniqueFactorizationDomain.Basic (3.1s)
✔ [2288/2295] Built Mathlib.RingTheory.IntegralClosure.IsIntegral.Defs (1.1s)
✔ [2289/2295] Built Mathlib.LinearAlgebra.FreeModule.StrongRankCondition (1.2s)
✔ [2290/2295] Built Mathlib.Algebra.Polynomial.RingDivision (3.3s)
✔ [2291/2295] Built Mathlib.LinearAlgebra.FreeModule.Finite.Matrix (2.2s)
✔ [2292/2297] Built Mathlib.RingTheory.UniqueFactorizationDomain.NormalizedFactors (2.8s)
✔ [2293/2297] Built Mathlib.Algebra.Order.Ring.GeomSum (2.4s)
✔ [2294/2305] Built Mathlib.Data.Nat.Choose.Central (1.8s)
✔ [2295/2305] Built Mathlib.Tactic.IntervalCases (3.0s)
✔ [2296/2307] Built Mathlib.Algebra.Polynomial.Roots (8.2s)
✔ [2297/2310] Built Mathlib.Data.Nat.Digits.Defs (3.4s)
✔ [2298/2310] Built Mathlib.RingTheory.Finiteness.Bilinear (1.1s)
✔ [2299/2310] Built Mathlib.Algebra.Polynomial.FieldDivision (7.4s)
✔ [2300/2311] Built Mathlib.Data.Nat.Digits.Lemmas (3.9s)
✔ [2301/2313] Built Mathlib.RingTheory.Polynomial.Tower (1.4s)
✔ [2302/2313] Built Mathlib.RingTheory.Finiteness.Subalgebra (1.3s)
✔ [2303/2314] Built Mathlib.Data.Nat.Choose.Factorization (2.3s)
✔ [2304/2314] Built Mathlib.RingTheory.Finiteness.Ideal (1.9s)
✔ [2305/2314] Built Mathlib.RingTheory.MvPolynomial.Tower (1.5s)
✔ [2306/2314] Built Mathlib.Data.Nat.Multiplicity (2.3s)
✔ [2307/2314] Built Mathlib.RingTheory.Ideal.Quotient.Noetherian (1.3s)
✔ [2308/2314] Built Mathlib.Algebra.CharP.Lemmas (3.1s)
✔ [2309/2314] Built Mathlib.Algebra.CharP.Frobenius (1.9s)
✔ [2310/2319] Built Mathlib.RingTheory.FinitePresentation (5.6s)
✔ [2311/2319] Built Mathlib.Algebra.Polynomial.Expand (3.3s)
✔ [2312/2319] Built Mathlib.RingTheory.Localization.Integer (1.6s)
✔ [2313/2321] Built Mathlib.RingTheory.IntegralClosure.IsIntegral.Basic (3.1s)
✔ [2314/2322] Built Mathlib.FieldTheory.Minpoly.Basic (3.2s)
✔ [2315/2322] Built Mathlib.LinearAlgebra.Dimension.RankNullity (4.9s)
✔ [2316/2322] Built Mathlib.LinearAlgebra.LinearIndependent.Algebra (1.5s)
✔ [2317/2326] Built Mathlib.LinearAlgebra.Dimension.DivisionRing (2.3s)
✔ [2318/2330] Built Mathlib.Algebra.Module.LocalizedModule.Basic (20s)
✔ [2319/2330] Built Mathlib.Algebra.Star.TensorProduct (1.8s)
✔ [2320/2332] Built Mathlib.Algebra.Module.LocalizedModule.IsLocalization (1.8s)
✔ [2321/2332] Built Mathlib.GroupTheory.MonoidLocalization.Away (1.4s)
✔ [2322/2332] Built Mathlib.RingTheory.UniqueFactorizationDomain.Multiplicity (1.8s)
✔ [2323/2332] Built Mathlib.RingTheory.Localization.Module (5.9s)
✔ [2324/2333] Built Mathlib.RingTheory.OreLocalization.OreSet (1.1s)
✔ [2325/2333] Built Mathlib.RingTheory.TensorProduct.Basic (18s)
✔ [2326/2333] Built Mathlib.RingTheory.Localization.Away.Basic (12s)
✔ [2327/2333] Built Mathlib.RingTheory.Algebraic.Defs (1.9s)
✔ [2328/2336] Built Mathlib.Algebra.Module.LocalizedModule.Submodule (8.3s)
✔ [2329/2336] Built Mathlib.Algebra.Polynomial.CancelLeads (1.5s)
✔ [2330/2340] Built Mathlib.RingTheory.UniqueFactorizationDomain.Finite (1.1s)
✔ [2331/2340] Built Mathlib.RingTheory.Polynomial.Content (4.9s)
✔ [2332/2341] Built Mathlib.RingTheory.UniqueFactorizationDomain.FactorSet (4.0s)
✔ [2333/2341] Built Mathlib.RingTheory.UniqueFactorizationDomain.GCDMonoid (1.6s)
✔ [2334/2341] Built Mathlib.Algebra.Ring.Int.Field (796ms)
✔ [2335/2341] Built Mathlib.RingTheory.Polynomial.UniqueFactorization (2.5s)
✔ [2336/2342] Built Mathlib.RingTheory.TensorProduct.Maps (26s)
✔ [2337/2342] Built Mathlib.RingTheory.Algebraic.Basic (7.3s)
✔ [2338/2344] Built Mathlib.Algebra.Polynomial.Laurent (5.7s)
✔ [2339/2346] Built Mathlib.LinearAlgebra.Matrix.Symmetric (1.9s)
✔ [2340/2346] Built Mathlib.LinearAlgebra.Matrix.MvPolynomial (2.1s)
✔ [2341/2347] Built Mathlib.LinearAlgebra.Matrix.Polynomial (1.9s)
✔ [2342/2347] Built Mathlib.LinearAlgebra.Matrix.Adjugate (5.2s)
✔ [2343/2348] Built Mathlib.LinearAlgebra.Matrix.Transvection (6.0s)
✔ [2344/2352] Built Mathlib.RingTheory.IsTensorProduct (25s)
✔ [2345/2352] Built Mathlib.LinearAlgebra.Matrix.Invertible (3.6s)
✔ [2346/2356] Built Mathlib.LinearAlgebra.Matrix.Trace (2.7s)
✔ [2347/2357] Built Mathlib.RingTheory.Localization.BaseChange (12s)
✔ [2348/2357] Built Mathlib.LinearAlgebra.Matrix.Kronecker (6.2s)
✔ [2349/2358] Built Mathlib.RingTheory.PolynomialAlgebra (3.6s)
✔ [2350/2358] Built Mathlib.LinearAlgebra.Dimension.Localization (5.9s)
✔ [2351/2358] Built Mathlib.RingTheory.MatrixAlgebra (7.0s)
✔ [2352/2360] Built Mathlib.LinearAlgebra.Matrix.NonsingularInverse (6.2s)
✔ [2353/2363] Built Mathlib.Algebra.Polynomial.Identities (1.7s)
✔ [2354/2363] Built Mathlib.RingTheory.MatrixPolynomialAlgebra (2.8s)
✔ [2355/2367] Built Mathlib.LinearAlgebra.Matrix.Block (3.8s)
✔ [2356/2367] Built Mathlib.LinearAlgebra.Matrix.SchurComplement (5.6s)
✔ [2357/2367] Built Mathlib.RingTheory.Nilpotent.Defs (1.3s)
✔ [2358/2368] Built Mathlib.LinearAlgebra.Matrix.Charpoly.Basic (4.6s)
✔ [2359/2368] Built Mathlib.Algebra.Module.SpanRank (3.8s)
✔ [2360/2368] Built Mathlib.RingTheory.IntegralClosure.Algebra.Defs (998ms)
✔ [2361/2368] Built Mathlib.RingTheory.Nilpotent.Lemmas (1.8s)
✔ [2362/2368] Built Mathlib.RingTheory.Nilpotent.Basic (1.0s)
✔ [2363/2370] Built Mathlib.RingTheory.IntegralClosure.IsIntegralClosure.Defs (1.0s)
✔ [2364/2370] Built Mathlib.Algebra.Polynomial.Eval.Subring (1.2s)
✔ [2365/2373] Built Mathlib.RingTheory.Polynomial.Nilpotent (2.3s)
✔ [2366/2373] Built Mathlib.Algebra.Polynomial.Lifts (1.9s)
✔ [2367/2373] Built Mathlib.Data.Nat.Factorial.Cast (992ms)
✔ [2368/2380] Built Mathlib.Data.Nat.Choose.Vandermonde (1.2s)
✔ [2369/2380] Built Mathlib.Data.Nat.Choose.Cast (1.2s)
✔ [2370/2386] Built Mathlib.Tactic.Positivity.Finset (2.1s)
✔ [2371/2386] Built Mathlib.LinearAlgebra.Matrix.Charpoly.Coeff (6.8s)
✔ [2372/2387] Built Mathlib.Tactic.Positivity (808ms)
✔ [2373/2389] Built Mathlib.RingTheory.Polynomial.Subring (1.5s)
✔ [2374/2389] Built Mathlib.RingTheory.TensorProduct.MonoidAlgebra (5.5s)
✔ [2375/2389] Built Mathlib.LinearAlgebra.Matrix.Charpoly.LinearMap (3.5s)
✔ [2376/2392] Built Mathlib.Algebra.Polynomial.HasseDeriv (2.7s)
✔ [2377/2392] Built Mathlib.LinearAlgebra.SModEq.Basic (2.6s)
✔ [2378/2392] Built Mathlib.RingTheory.Ideal.BigOperators (865ms)
✔ [2379/2392] Built Mathlib.RingTheory.TensorProduct.MvPolynomial (3.6s)
✔ [2380/2392] Built Mathlib.RingTheory.IntegralClosure.Algebra.Basic (3.8s)
✔ [2381/2393] Built Mathlib.Algebra.Polynomial.Taylor (2.3s)
✔ [2382/2394] Built Mathlib.RingTheory.Polynomial.Ideal (2.3s)
✔ [2383/2394] Built Mathlib.LinearAlgebra.Dual.Basis (3.6s)
✔ [2384/2394] Built Mathlib.Algebra.Polynomial.Splits (8.3s)
✔ [2385/2394] Built Mathlib.RingTheory.Polynomial.Quotient (4.9s)
✔ [2386/2396] Built Mathlib.LinearAlgebra.Matrix.Dual (1.9s)
✔ [2387/2396] Built Mathlib.Data.Fintype.Parity (833ms)
✔ [2388/2397] Built Mathlib.LinearAlgebra.Matrix.Action (1.0s)
✔ [2389/2397] Built Mathlib.RingTheory.Polynomial.ScaleRoots (3.7s)
✔ [2390/2399] Built Mathlib.Algebra.CharP.Reduced (1.3s)
✔ [2391/2399] Built Mathlib.RingTheory.Polynomial.IntegralNormalization (2.8s)
✔ [2392/2399] Built Mathlib.Algebra.Order.Hom.TypeTags (1.6s)
✔ [2393/2401] Built Mathlib.Data.ZMod.Aut (1.2s)
✔ [2394/2409] Built Mathlib.Data.Nat.Factorization.LCM (1.7s)
✔ [2395/2409] Built Mathlib.RingTheory.IntegralClosure.IsIntegralClosure.Basic (6.9s)
✔ [2396/2411] Built Mathlib.GroupTheory.Exponent (4.5s)
✔ [2397/2411] Built Mathlib.GroupTheory.Subgroup.Simple (1.2s)
✔ [2398/2411] Built Mathlib.Data.ZMod.QuotientGroup (2.6s)
✔ [2399/2412] Built Mathlib.LinearAlgebra.Matrix.Nondegenerate (2.0s)
✔ [2400/2412] Built Mathlib.GroupTheory.SpecificGroups.Cyclic.Basic (3.8s)
✔ [2401/2412] Built Mathlib.Algebra.Ring.Action.ConjAct (1.0s)
✔ [2402/2412] Built Mathlib.RingTheory.Algebraic.Integral (9.8s)
✔ [2403/2412] Built Mathlib.FieldTheory.Minpoly.Field (4.5s)
✔ [2404/2412] Built Mathlib.GroupTheory.SpecificGroups.Cyclic (6.9s)
✔ [2405/2419] Built Mathlib.RingTheory.IntegralDomain (3.3s)
✔ [2406/2419] Built Mathlib.RingTheory.PowerBasis (5.4s)
✔ [2407/2421] Built Mathlib.Logic.Equiv.Multiset (1.3s)
✔ [2408/2421] Built Mathlib.RingTheory.RootsOfUnity.Basic (3.0s)
✔ [2409/2422] Built Mathlib.Logic.Equiv.Finset (1.5s)
✔ [2410/2423] Built Mathlib.LinearAlgebra.Dimension.FreeAndStrongRankCondition (3.5s)
✔ [2411/2423] Built Mathlib.RingTheory.AdjoinRoot (19s)
✔ [2412/2423] Built Mathlib.Logic.Encodable.Pi (929ms)
✔ [2413/2424] Built Mathlib.LinearAlgebra.Matrix.SpecialLinearGroup (14s)
✔ [2414/2424] Built Mathlib.LinearAlgebra.Matrix.InvariantBasisNumber (2.3s)
✔ [2415/2424] Built Mathlib.LinearAlgebra.FiniteDimensional.Lemmas (4.6s)
✔ [2416/2424] Built Mathlib.Data.W.Basic (1.5s)
✔ [2417/2424] Built Mathlib.LinearAlgebra.Matrix.GeneralLinearGroup.Defs (4.9s)
✔ [2418/2428] Built Mathlib.RingTheory.Finiteness.Projective (1.3s)
✔ [2419/2428] Built Mathlib.LinearAlgebra.SesquilinearForm.Basic (11s)
✔ [2420/2428] Built Mathlib.Data.W.Cardinal (1.1s)
✔ [2421/2429] Built Mathlib.RingTheory.LocalRing.Defs (483ms)
✔ [2422/2429] Built Mathlib.SetTheory.Cardinal.Subfield (1.8s)
✔ [2423/2430] Built Mathlib.LinearAlgebra.Matrix.ToLinearEquiv (3.6s)
✔ [2424/2430] Built Mathlib.RingTheory.LocalRing.Basic (1.3s)
✔ [2425/2430] Built Mathlib.GroupTheory.Congruence.BigOperators (1.6s)
✔ [2426/2437] Built Mathlib.LinearAlgebra.Dimension.ErdosKaplansky (2.2s)
✔ [2427/2437] Built Mathlib.RingTheory.TwoSidedIdeal.Operations (3.3s)
✔ [2428/2443] Built Mathlib.RingTheory.Jacobson.Radical (3.3s)
✔ [2429/2443] Built Mathlib.RingTheory.Jacobson.Ideal (3.3s)
✔ [2430/2443] Built Mathlib.Algebra.Squarefree.Basic (2.6s)
✔ [2431/2443] Built Mathlib.LinearAlgebra.Dual.Lemmas (16s)
✔ [2432/2447] Built Mathlib.LinearAlgebra.Matrix.Ideal (4.0s)
✔ [2433/2447] Built Mathlib.FieldTheory.IntermediateField.Basic (9.9s)
✔ [2434/2448] Built Mathlib.LinearAlgebra.GeneralLinearGroup.AlgEquiv (2.1s)
✔ [2435/2448] Built Mathlib.RingTheory.SimpleRing.Matrix (1.0s)
✔ [2436/2448] Built Mathlib.RingTheory.MvPowerSeries.Order (4.8s)
✔ [2437/2448] Built SierpinskiFormal.ZeroBlocks (909ms)
✔ [2438/2448] Built Mathlib.FieldTheory.Separable (5.8s)
✔ [2439/2450] Built Mathlib.RingTheory.PowerSeries.Order (4.2s)
✔ [2440/2450] Built Mathlib.RingTheory.PowerSeries.NoZeroDivisors (1.7s)
✔ [2441/2450] Built Mathlib.RingTheory.Ideal.Quotient.PowTransition (3.7s)
✔ [2442/2451] Built Mathlib.LinearAlgebra.Determinant (10s)
✔ [2443/2451] Built Mathlib.RingTheory.Norm.Defs (1.6s)
✔ [2444/2454] Built Mathlib.Data.SetLike.Fintype (1.1s)
✔ [2445/2454] Built Mathlib.FieldTheory.KummerPolynomial (2.3s)
✔ [2446/2454] Built Mathlib.Order.Filter.Subsingleton (1.2s)
✔ [2447/2454] Built Mathlib.RingTheory.Artinian.Defs (978ms)
✔ [2448/2454] Built Mathlib.FieldTheory.Perfect (4.4s)
✔ [2449/2455] Built Mathlib.RingTheory.AdicCompletion.Basic (12s)
✔ [2450/2456] Built Mathlib.Order.Filter.EventuallyConst (1.3s)
✔ [2451/2456] Built Mathlib.Order.Atoms.Finite (1.2s)
✔ [2452/2462] Built Mathlib.Order.CompactlyGenerated.Intervals (1.6s)
✔ [2453/2462] Built Mathlib.Control.Bifunctor (1.2s)
✔ [2454/2463] Built Mathlib.FieldTheory.Finite.Basic (6.0s)
✔ [2455/2465] Built Mathlib.Logic.Equiv.Functor (917ms)
✔ [2456/2465] Built Mathlib.RingTheory.Ideal.Colon (4.5s)
✔ [2457/2465] Built SierpinskiFormal.Lucas (2.3s)
✔ [2458/2465] Built Mathlib.RingTheory.Spectrum.Maximal.Defs (943ms)
✔ [2459/2465] Built Mathlib.RingTheory.Spectrum.Prime.Defs (963ms)
ℹ [2460/2465] Built SierpinskiFormal.CanonicalSeries (2.3s)
info: SierpinskiFormal/CanonicalSeries.lean:162:0: 'IndependentZeroBlocks.canonicalSeries_dilation_equation' depends on axioms: [propext, Classical.choice, Quot.sound]
info: SierpinskiFormal/CanonicalSeries.lean:163:0: 'IndependentZeroBlocks.exists_normalized_dilation_series' depends on axioms: [propext, Classical.choice, Quot.sound]
info: SierpinskiFormal/CanonicalSeries.lean:164:0: 'IndependentZeroBlocks.existsUnique_normalized_dilation_series' depends on axioms: [propext,
 Classical.choice,
 Quot.sound]
info: SierpinskiFormal/CanonicalSeries.lean:165:0: 'IndependentZeroBlocks.canonicalSeries_finiteField_branch' depends on axioms: [propext, Classical.choice, Quot.sound]
✔ [2461/2467] Built Mathlib.Order.JordanHolder (3.8s)
✔ [2462/2467] Built Mathlib.RingTheory.Spectrum.Maximal.Basic (1.1s)
✔ [2463/2475] Built Mathlib.RingTheory.IsPrimary (1.0s)
✔ [2464/2475] Built Mathlib.RingTheory.Ideal.IsPrimary (1.6s)
✔ [2465/2477] Built Mathlib.Algebra.Ring.Action.End (1.3s)
✔ [2466/2478] Built Mathlib.RingTheory.SimpleModule.Basic (6.6s)
✔ [2467/2478] Built Mathlib.RingTheory.LocalRing.MaximalIdeal.Defs (1.2s)
✔ [2468/2478] Built Mathlib.RingTheory.Ideal.Pointwise (2.4s)
✔ [2469/2478] Built Mathlib.RingTheory.Jacobson.Semiprimary (1.4s)
✔ [2470/2478] Built Mathlib.RingTheory.LocalRing.MaximalIdeal.Basic (1.4s)
✔ [2471/2484] Built Mathlib.RingTheory.LocalRing.RingHom.Basic (1.8s)
✔ [2472/2484] Built Mathlib.Algebra.GroupWithZero.Submonoid.Instances (1.1s)
✔ [2473/2484] Built Mathlib.RingTheory.Ideal.Over (3.9s)
✔ [2474/2488] Built Mathlib.Algebra.Order.GroupWithZero.WithZero (1.1s)
✔ [2475/2488] Built Mathlib.RingTheory.Ideal.MinimalPrime.Basic (1.0s)
✔ [2476/2488] Built Mathlib.Algebra.GroupWithZero.Range (3.4s)
✔ [2477/2488] Built Mathlib.RingTheory.Bezout (1.2s)
✔ [2478/2488] Built Mathlib.Algebra.Order.GroupWithZero.Range (1.3s)
✔ [2479/2494] Built Mathlib.RingTheory.Spectrum.Prime.Basic (3.1s)
✔ [2480/2494] Built Mathlib.RingTheory.Artinian.Module (6.3s)
✔ [2481/2497] Built Mathlib.Order.GameAdd (1.4s)
✔ [2482/2497] Built Mathlib.RingTheory.FiniteLength (2.1s)
✔ [2483/2497] Built Mathlib.Data.DFinsupp.WellFounded (1.8s)
✔ [2484/2505] Built Mathlib.RingTheory.Valuation.Basic (14s)
✔ [2485/2505] Built Mathlib.RingTheory.LocalRing.ResidueField.Defs (1.3s)
✔ [2486/2505] Built Mathlib.Data.Finsupp.WellFounded (1.2s)
✔ [2487/2505] Built Mathlib.RingTheory.Length (3.8s)
✔ [2488/2505] Built Mathlib.RingTheory.Valuation.PrimeMultiplicity (1.1s)
✔ [2489/2507] Built Mathlib.RingTheory.Valuation.Integers (6.2s)
✔ [2490/2510] Built Mathlib.Algebra.Order.Monoid.Canonical.Basic (4.0s)
✔ [2491/2511] Built Mathlib.RingTheory.MvPowerSeries.LexOrder (2.2s)
✔ [2492/2511] Built Mathlib.Topology.Instances.Real.Lemmas (2.7s)
✔ [2493/2511] Built Mathlib.RingTheory.Valuation.ValuationRing (4.2s)
✔ [2494/2511] Built Mathlib.RingTheory.MvPowerSeries.NoZeroDivisors (2.6s)
✔ [2495/2515] Built Mathlib.RingTheory.MvPowerSeries.Inverse (2.8s)
✔ [2496/2527] Built Mathlib.RingTheory.DiscreteValuationRing.Basic (5.2s)
✔ [2497/2528] Built SierpinskiFormal.PolynomialSaturation (2.1s)
✔ [2498/2528] Built Mathlib.RingTheory.PowerSeries.Inverse (3.4s)
ℹ [2499/2529] Built SierpinskiFormal.PoleEvaluation (1.9s)
info: SierpinskiFormal/PoleEvaluation.lean:75:0: 'SierpinskiFormal.kernel_eval_zero_or_one_of_root' depends on axioms: [propext, Classical.choice, Quot.sound]
info: SierpinskiFormal/PoleEvaluation.lean:76:0: 'SierpinskiFormal.card_sub_one_dvd_of_finite_extension' depends on axioms: [propext, Classical.choice, Quot.sound]
✔ [2500/2532] Built SierpinskiFormal.SeedBlocks (2.4s)
ℹ [2501/2532] Built SierpinskiFormal.RootSupportedDenominator (2.6s)
info: SierpinskiFormal/RootSupportedDenominator.lean:146:0: 'IndependentZeroBlocks.HasSeedBlocks.dilate_pow' depends on axioms: [propext, Classical.choice, Quot.sound]
info: SierpinskiFormal/RootSupportedDenominator.lean:147:0: 'IndependentZeroBlocks.power_card_pow_eq_dilate' depends on axioms: [propext, Classical.choice, Quot.sound]
info: SierpinskiFormal/RootSupportedDenominator.lean:148:0: 'IndependentZeroBlocks.HasSeedBlocks.rationalMultiple_of_dvd_kernel_pow' depends on axioms: [propext,
 Classical.choice,
 Quot.sound]
✔ [2502/2532] Built SierpinskiFormal.SupportDensityDefs (2.1s)
✔ [2503/2532] Built Mathlib.FieldTheory.Tower (1.4s)
✔ [2504/2532] Built Mathlib.RingTheory.Adjoin.Singleton (2.1s)
✔ [2505/2532] Built Mathlib.FieldTheory.IntermediateField.Adjoin.Defs (10s)
⚠ [2506/2532] Built SierpinskiFormal.ProductPrefixes (2.6s)
warning: SierpinskiFormal/ProductPrefixes.lean:112:32: This simp argument is unused:
  T

Hint: Omit it from the simp argument list.
  [apply] simp [kernelPrefix, dilate_one]

Note: This linter can be disabled with `set_option linter.unusedSimpArgs false`
⚠ [2507/2532] Built SierpinskiFormal.RationalTailDensity (2.6s)
warning: SierpinskiFormal/RationalTailDensity.lean:51:2: `push_neg` has been deprecated. Prefer using `push Not` instead.
If you'd rather continue using `push_neg` in your project, you can implement it as follows:
```
open Lean.Parser.Tactic in
macro "push_neg" cfg:optConfig loc:(location)? : tactic =>
  `(tactic| push $cfg:optConfig Not $[$loc]?)
```
✔ [2508/2532] Built SierpinskiFormal.SupportDensityBounds (3.3s)
⚠ [2509/2532] Built SierpinskiFormal.SupportCounting (3.5s)
warning: SierpinskiFormal/SupportCounting.lean:30:13: This simp argument is unused:
  supportCount

Hint: Omit it from the simp argument list.
  [apply] simp only [Finset.mem_filter, Finset.mem_range] at hn ⊢

Note: This linter can be disabled with `set_option linter.unusedSimpArgs false`
warning: SierpinskiFormal/SupportCounting.lean:148:36: This simp argument is unused:
  Nat.cast_ofNat

Hint: Omit it from the simp argument list.
  [apply] simp only [l, Nat.cast_pow, pow_succ, div_pow]

Note: This linter can be disabled with `set_option linter.unusedSimpArgs false`
warning: SierpinskiFormal/SupportCounting.lean:217:2: `push_neg` has been deprecated. Prefer using `push Not` instead.
If you'd rather continue using `push_neg` in your project, you can implement it as follows:
```
open Lean.Parser.Tactic in
macro "push_neg" cfg:optConfig loc:(location)? : tactic =>
  `(tactic| push $cfg:optConfig Not $[$loc]?)
```
✔ [2510/2537] Built SierpinskiFormal.SparseIntervalDefs (1.7s)
✔ [2511/2537] Built SierpinskiFormal.FiniteFieldPrefixSaturation (2.2s)
✔ [2512/2537] Built Mathlib.FieldTheory.IntermediateField.Algebraic (4.3s)
✔ [2513/2537] Built SierpinskiFormal.PolynomialBlockSupport (1.8s)
⚠ [2514/2537] Built SierpinskiFormal.RationalDensityCriterion (3.5s)
warning: SierpinskiFormal/RationalDensityCriterion.lean:102:4: `push_neg` has been deprecated. Prefer using `push Not` instead.
If you'd rather continue using `push_neg` in your project, you can implement it as follows:
```
open Lean.Parser.Tactic in
macro "push_neg" cfg:optConfig loc:(location)? : tactic =>
  `(tactic| push $cfg:optConfig Not $[$loc]?)
```
✔ [2515/2537] Built SierpinskiFormal.FiniteExceptionalGaps (2.3s)
✔ [2516/2540] Built SierpinskiFormal.PowerIntervalDefs (1.0s)
✔ [2517/2540] Built Mathlib.LinearAlgebra.TensorProduct.Quotient (9.1s)
✔ [2518/2540] Built Mathlib.LinearAlgebra.TensorProduct.RightExactness (8.4s)
✔ [2519/2540] Built SierpinskiFormal.AbsorbedBlockForm (2.9s)
✔ [2520/2540] Built SierpinskiFormal.DigitSupportGrowth (2.1s)
✔ [2521/2540] Built SierpinskiFormal.PowerSupportFamilies (2.4s)
✔ [2522/2540] Built Mathlib.RingTheory.Adjoin.Field (3.1s)
⚠ [2523/2540] Built SierpinskiFormal.DigitSupportCardinality (2.8s)
warning: SierpinskiFormal/DigitSupportCardinality.lean:34:8: This simp argument is unused:
  radixDigitSupportCount

Hint: Omit it from the simp argument list.
  [apply] simp [hb, hA0]

Note: This linter can be disabled with `set_option linter.unusedSimpArgs false`
✔ [2524/2540] Built SierpinskiFormal.ExactPowerGrowth (3.2s)
✔ [2525/2540] Built SierpinskiFormal.PowerDensityBridge (2.4s)
✔ [2526/2540] Built Mathlib.RingTheory.TensorProduct.Quotient (10s)
✔ [2527/2540] Built SierpinskiFormal.ExactDigitSupport (2.8s)
✔ [2528/2540] Built SierpinskiFormal.UniformRelativeHoles (5.8s)
⚠ [2529/2542] Built SierpinskiFormal.PowerFilterBounds (3.6s)
warning: SierpinskiFormal/PowerFilterBounds.lean:62:2: `push_neg` has been deprecated. Prefer using `push Not` instead.
If you'd rather continue using `push_neg` in your project, you can implement it as follows:
```
open Lean.Parser.Tactic in
macro "push_neg" cfg:optConfig loc:(location)? : tactic =>
  `(tactic| push $cfg:optConfig Not $[$loc]?)
```
✔ [2530/2542] Built Mathlib.RingTheory.EssentialFiniteness (3.1s)
✔ [2531/2542] Built SierpinskiFormal.DigitRelativeHoles (2.8s)
✔ [2532/2542] Built SierpinskiFormal.MissingDigitFiber (5.8s)
ℹ [2533/2542] Built SierpinskiFormal.ZeroCylinderGeometry (2.2s)
info: SierpinskiFormal/ZeroCylinderGeometry.lean:103:0: 'IndependentZeroBlocks.hasUniformRelativeHoles_of_radix_zeroCylinder' depends on axioms: [propext,
 Classical.choice,
 Quot.sound]
✔ [2534/2543] Built SierpinskiFormal.PorousSupportBounds (3.2s)
✔ [2535/2543] Built Mathlib.FieldTheory.RatFunc.Defs (2.2s)
✔ [2536/2544] Built Mathlib.FieldTheory.IntermediateField.Adjoin.Algebra (5.8s)
✔ [2537/2544] Built Mathlib.Algebra.Order.Ring.IsNonarchimedean (2.6s)
⚠ [2538/2544] Built SierpinskiFormal.ImmortalConeDensity (2.9s)
warning: SierpinskiFormal/ImmortalConeDensity.lean:76:44: try 'simp' instead of 'simpa'

Note: This linter can be disabled with `set_option linter.unnecessarySimpa false`
warning: SierpinskiFormal/ImmortalConeDensity.lean:139:2: `push_neg` has been deprecated. Prefer using `push Not` instead.
If you'd rather continue using `push_neg` in your project, you can implement it as follows:
```
open Lean.Parser.Tactic in
macro "push_neg" cfg:optConfig loc:(location)? : tactic =>
  `(tactic| push $cfg:optConfig Not $[$loc]?)
```
✔ [2539/2544] Built Mathlib.FieldTheory.SplittingField.IsSplittingField (3.7s)
✔ [2540/2544] Built Mathlib.Data.Int.WithZero (1.8s)
✔ [2541/2544] Built SierpinskiFormal.LinearDigitRepresentation (2.6s)
✔ [2542/2547] Built Mathlib.FieldTheory.RatFunc.Basic (23s)
✔ [2543/2547] Built Mathlib.FieldTheory.SplittingField.Construction (4.4s)
✔ [2544/2551] Built Mathlib.RingTheory.Ideal.Quotient.Nilpotent (2.1s)
✔ [2545/2553] Built Mathlib.RingTheory.Localization.Ideal (4.0s)
✔ [2546/2553] Built Mathlib.RingTheory.KrullDimension.Basic (1.9s)
✔ [2547/2556] Built Mathlib.RingTheory.Localization.Algebra (3.6s)
✔ [2548/2556] Built Mathlib.RingTheory.Localization.Integral (7.5s)
✔ [2549/2559] Built Mathlib.RingTheory.Localization.NumDen (2.4s)
✔ [2550/2563] Built Mathlib.RingTheory.Localization.AtPrime.Basic (15s)
✔ [2551/2563] Built Mathlib.GroupTheory.PGroup (3.7s)
✔ [2552/2563] Built Mathlib.RingTheory.Localization.LocalizationLocalization (3.4s)
✔ [2553/2563] Built Mathlib.GroupTheory.Rank (1.7s)
✔ [2554/2563] Built Mathlib.RingTheory.Ideal.GoingUp (4.4s)
✔ [2555/2563] Built Mathlib.RingTheory.Coprime.Ideal (1.7s)
✔ [2556/2563] Built Mathlib.GroupTheory.Sylow (6.4s)
✔ [2557/2566] Built Mathlib.RingTheory.IntegralClosure.IntegrallyClosed (5.3s)
✔ [2558/2566] Built Mathlib.Algebra.Module.ZMod (1.0s)
✔ [2559/2566] Built Mathlib.GroupTheory.Torsion (3.9s)
✔ [2560/2568] Built Mathlib.RingTheory.Polynomial.RationalRoot (2.3s)
✔ [2561/2569] Built Mathlib.RingTheory.Finiteness.Nakayama (1.6s)
✔ [2562/2569] Built Mathlib.Algebra.Polynomial.Module.AEval (7.3s)
✔ [2563/2569] Built Mathlib.RingTheory.DedekindDomain.Basic (2.1s)
✔ [2564/2571] Built Mathlib.RingTheory.ReesAlgebra (2.1s)
✔ [2565/2571] Built Mathlib.Algebra.Module.Torsion.Basic (10s)
✔ [2566/2571] Built Mathlib.RingTheory.LocalRing.ResidueField.Basic (3.6s)
✔ [2567/2573] Built Mathlib.RingTheory.Nakayama (3.4s)
✔ [2568/2574] Built Mathlib.RingTheory.Jacobson.Polynomial (1.7s)
✔ [2569/2575] Built Mathlib.Algebra.Polynomial.Module.Basic (8.0s)
✔ [2570/2576] Built Mathlib.Algebra.Order.Ring.Idempotent (2.1s)
✔ [2571/2576] Built Mathlib.RingTheory.Filtration (5.5s)
✔ [2572/2576] Built Mathlib.RingTheory.Jacobson.Ring (8.3s)
✔ [2573/2577] Built Mathlib.RingTheory.Ideal.MinimalPrime.Localization (2.4s)
✔ [2574/2577] Built Mathlib.Order.Heyting.Hom (2.9s)
✔ [2575/2581] Built Mathlib.RingTheory.Localization.AsSubring (2.3s)
✔ [2576/2585] Built Mathlib.RingTheory.Ideal.Cotangent (7.7s)
✔ [2577/2585] Built Mathlib.RingTheory.SurjectiveOnStalks (5.3s)
✔ [2578/2585] Built Mathlib.RingTheory.LocalRing.ResidueField.Ideal (5.4s)
✔ [2579/2585] Built Mathlib.Order.BooleanSubalgebra (6.2s)
✔ [2580/2585] Built Mathlib.Topology.Sets.OpenCover (1.6s)
✔ [2581/2589] Built Mathlib.Topology.LocallyClosed (1.5s)
✔ [2582/2589] Built Mathlib.Topology.LocalAtTarget (3.2s)
✔ [2583/2589] Built Mathlib.RingTheory.Spectrum.Prime.RingHom (3.9s)
✔ [2584/2589] Built Mathlib.Topology.Spectral.Hom (1.4s)
✔ [2585/2593] Built Mathlib.Topology.Sets.Closeds (3.3s)
✔ [2586/2593] Built Mathlib.Topology.NoetherianSpace (2.0s)
✔ [2587/2595] Built Mathlib.RingTheory.Spectrum.Maximal.Localization (4.3s)
✔ [2588/2599] Built Mathlib.Topology.QuasiSeparated (2.1s)
✔ [2589/2599] Built Mathlib.Order.Ideal (3.1s)
✔ [2590/2599] Built Mathlib.Topology.Sober (1.9s)
✔ [2591/2601] Built Mathlib.Topology.KrullDimension (1.1s)
✔ [2592/2601] Built Mathlib.Topology.Sets.Compacts (4.6s)
✔ [2593/2601] Built Mathlib.RingTheory.Localization.Submodule (2.3s)
✔ [2594/2601] Built Mathlib.Topology.Spectral.Prespectral (2.2s)
✔ [2595/2601] Built Mathlib.RingTheory.LocalProperties.Submodule (2.9s)
✔ [2596/2602] Built Mathlib.Topology.Spectral.Basic (978ms)
✔ [2597/2606] Built Mathlib.CategoryTheory.Category.Init (495ms)
✔ [2598/2615] Built Mathlib.Data.Opposite (769ms)
✔ [2599/2615] Built Mathlib.Combinatorics.Quiver.Basic (945ms)
✔ [2600/2620] Built Mathlib.Topology.Constructible (3.1s)
✔ [2601/2620] Built Mathlib.Tactic.CategoryTheory.CategoryStar (587ms)
✔ [2602/2620] Built Mathlib.Combinatorics.Quiver.Prefunctor (956ms)
✔ [2603/2620] Built Mathlib.CategoryTheory.Category.Basic (2.2s)
✔ [2604/2622] Built Mathlib.CategoryTheory.Functor.Basic (1.5s)
✔ [2605/2624] Built Mathlib.Tactic.CategoryTheory.Reassoc (1.4s)
✔ [2606/2624] Built Mathlib.Logic.Lemmas (1.1s)
✔ [2607/2624] Built Mathlib.CategoryTheory.Iso (3.3s)
✔ [2608/2624] Built Mathlib.RingTheory.Spectrum.Prime.Topology (9.6s)
✔ [2609/2624] Built Mathlib.CategoryTheory.NatTrans (1.2s)
✔ [2610/2624] Built Mathlib.Combinatorics.Quiver.Push (719ms)
✔ [2611/2624] Built Mathlib.CategoryTheory.ObjectProperty.Basic (1.3s)
✔ [2612/2627] Built Mathlib.Combinatorics.Quiver.Path (2.0s)
✔ [2613/2627] Built Mathlib.RingTheory.KrullDimension.Zero (1.0s)
✔ [2614/2627] Built Mathlib.Combinatorics.Quiver.Symmetric (1.2s)
✔ [2615/2627] Built Mathlib.CategoryTheory.Functor.Category (3.2s)
✔ [2616/2627] Built Mathlib.Tactic.CategoryTheory.IsoReassoc (761ms)
✔ [2617/2633] Built Mathlib.RingTheory.DiscreteValuationRing.TFAE (3.2s)
✔ [2618/2633] Built Mathlib.CategoryTheory.NatIso (3.4s)
✔ [2619/2633] Built Mathlib.CategoryTheory.ObjectProperty.ClosedUnderIsomorphisms (923ms)
✔ [2620/2662] Built Mathlib.Tactic.CategoryTheory.Slice (990ms)
✔ [2621/2665] Built Mathlib.CategoryTheory.Functor.FullyFaithful (2.2s)
✔ [2622/2665] Built Mathlib.CategoryTheory.ConcreteCategory.Bundled (563ms)
✔ [2623/2665] Built Mathlib.CategoryTheory.Bicategory.Basic (5.4s)
✔ [2624/2665] Built Mathlib.CategoryTheory.InducedCategory (1.2s)
✔ [2625/2666] Built Mathlib.CategoryTheory.Thin (879ms)
✔ [2626/2669] Built Mathlib.CategoryTheory.ObjectProperty.FullSubcategory (1.5s)
✔ [2627/2669] Built Mathlib.CategoryTheory.Whiskering (8.2s)
✔ [2628/2673] Built Mathlib.CategoryTheory.EssentialImage (1.5s)
✔ [2629/2673] Built Mathlib.CategoryTheory.Functor.ReflectsIso.Basic (883ms)
✔ [2630/2674] Built Mathlib.CategoryTheory.ConcreteCategory.Basic (1.4s)
✔ [2631/2674] Built Mathlib.Tactic.CategoryTheory.Elementwise (1.4s)
✔ [2632/2728] Built Mathlib.CategoryTheory.Elementwise (826ms)
✔ [2633/2728] Built Mathlib.Algebra.Ring.TransferInstance (1.8s)
✔ [2634/2739] Built Mathlib.Algebra.Ring.Shrink (1.0s)
✔ [2635/2739] Built Mathlib.RingTheory.FreeRing (1.3s)
✔ [2636/2740] Built Mathlib.CategoryTheory.Equivalence (6.7s)
✔ [2637/2744] Built Mathlib.RingTheory.FreeCommRing (3.5s)
✔ [2638/2750] Built Mathlib.CategoryTheory.ObjectProperty.CompleteLattice (1.1s)
✔ [2639/2753] Built Mathlib.CategoryTheory.ObjectProperty.Equivalence (1.1s)
✔ [2640/2773] Built Mathlib.CategoryTheory.HomCongr (1.1s)
✔ [2641/2773] Built Mathlib.CategoryTheory.Opposites (7.8s)
✔ [2642/2773] Built Mathlib.RingTheory.ChainOfDivisors (3.5s)
✔ [2643/2773] Built Mathlib.CategoryTheory.Functor.TwoSquare (2.5s)
✔ [2644/2773] Built Mathlib.CategoryTheory.ObjectProperty.Opposite (1.4s)
✔ [2645/2776] Built Mathlib.CategoryTheory.Functor.Const (1.6s)
✔ [2646/2781] Built Mathlib.Algebra.Ring.Subsemiring.Pointwise (1.7s)
✔ [2647/2782] Built Mathlib.CategoryTheory.EqToHom (2.9s)
✔ [2648/2782] Built Mathlib.Algebra.Ring.Subring.Pointwise (1.6s)
✔ [2649/2782] Built Mathlib.CategoryTheory.Category.ULift (1.7s)
✔ [2650/2782] Built Mathlib.CategoryTheory.Bicategory.Strict.Basic (1.1s)
✔ [2651/2782] Built Mathlib.CategoryTheory.Category.Preorder (1.8s)
✔ [2652/2782] Built Mathlib.RingTheory.FractionalIdeal.Basic (5.5s)
✔ [2653/2783] Built Mathlib.RingTheory.Valuation.ExtendToLocalization (1.7s)
✔ [2654/2784] Built Mathlib.Algebra.Algebra.Subalgebra.Pointwise (1.6s)
✔ [2655/2784] Built Mathlib.CategoryTheory.Products.Basic (4.7s)
✔ [2656/2785] Built Mathlib.Algebra.Algebra.TransferInstance (1.3s)
✔ [2657/2785] Built Mathlib.Algebra.Field.TransferInstance (1.3s)
✔ [2658/2785] Built Mathlib.CategoryTheory.Pi.Basic (5.7s)
✔ [2659/2785] Built Mathlib.RingTheory.FractionalIdeal.Operations (11s)
✔ [2660/2786] Built Mathlib.Algebra.Order.Hom.Units (819ms)
✔ [2661/2786] Built Mathlib.CategoryTheory.Functor.Currying (4.5s)
✔ [2662/2786] Built Mathlib.CategoryTheory.Discrete.Basic (2.0s)
✔ [2663/2786] Built Mathlib.Algebra.CharZero.AddMonoidHom (846ms)
✔ [2664/2786] Built Mathlib.RingTheory.FractionalIdeal.Inverse (2.7s)
✔ [2665/2786] Built Mathlib.CategoryTheory.Products.Unitor (1.3s)
✔ [2666/2786] Built Mathlib.CategoryTheory.FinCategory.Basic (958ms)
✔ [2667/2790] Built Mathlib.CategoryTheory.PEmpty (887ms)
✔ [2668/2790] Built Mathlib.CategoryTheory.PUnit (1.3s)
✔ [2669/2790] Built Mathlib.RingTheory.DedekindDomain.Ideal.Basic (6.3s)
✔ [2670/2791] Built Mathlib.CategoryTheory.FinCategory.AsType (1.4s)
✔ [2671/2791] Built Mathlib.LinearAlgebra.BilinearForm.Basic (2.7s)
✔ [2672/2791] Built Mathlib.CategoryTheory.Comma.Basic (10s)
✔ [2673/2791] Built Mathlib.LinearAlgebra.FreeModule.PID (7.7s)
✔ [2674/2791] Built Mathlib.LinearAlgebra.BilinearForm.Hom (4.6s)
✔ [2675/2791] Built Mathlib.RingTheory.DedekindDomain.Ideal.Lemmas (16s)
✔ [2676/2791] Built Mathlib.CategoryTheory.Comma.Arrow (3.6s)
✔ [2677/2791] Built Mathlib.CategoryTheory.CommSq (2.2s)
✔ [2678/2792] Built Mathlib.LinearAlgebra.BilinearForm.Properties (6.1s)
✔ [2679/2792] Built Mathlib.CategoryTheory.MorphismProperty.Basic (4.4s)
✔ [2680/2794] Built Mathlib.Algebra.Algebra.Subalgebra.IsSimpleOrder (1.4s)
✔ [2681/2794] Built Mathlib.LinearAlgebra.BilinearForm.DualLattice (2.9s)
✔ [2682/2794] Built Mathlib.CategoryTheory.MorphismProperty.Composition (2.7s)
✔ [2683/2794] Built Mathlib.CategoryTheory.MorphismProperty.Factorization (2.6s)
✔ [2684/2795] Built Mathlib.CategoryTheory.Groupoid (1.7s)
✔ [2685/2797] Built Mathlib.Algebra.Ring.Action.Field (705ms)
✔ [2686/2797] Built Mathlib.Algebra.Polynomial.GroupRingAction (1.9s)
✔ [2687/2797] Built Mathlib.CategoryTheory.Endomorphism (1.7s)
✔ [2688/2797] Built Mathlib.CategoryTheory.IsConnected (2.1s)
✔ [2689/2797] Built Mathlib.Algebra.Ring.Action.Invariant (1.1s)
✔ [2690/2802] Built Mathlib.CategoryTheory.EpiMono (2.0s)
✔ [2691/2802] Built Mathlib.CategoryTheory.Retract (2.1s)
✔ [2692/2802] Built Mathlib.FieldTheory.Normal.Defs (3.0s)
✔ [2693/2802] Built Mathlib.CategoryTheory.Monad.Basic (3.9s)
✔ [2694/2802] Built Mathlib.CategoryTheory.Types.Basic (2.7s)
✔ [2695/2803] Built Mathlib.CategoryTheory.Balanced (920ms)
✔ [2696/2803] Built Mathlib.Algebra.Group.Pointwise.Set.Card (1.8s)
✔ [2697/2803] Built Mathlib.CategoryTheory.LiftingProperties.Basic (1.6s)
✔ [2698/2803] Built Mathlib.RingTheory.TensorProduct.Finite (4.0s)
✔ [2699/2803] Built Mathlib.CategoryTheory.Category.Cat (4.2s)
✔ [2700/2803] Built Mathlib.FieldTheory.Fixed (5.9s)
✔ [2701/2803] Built Mathlib.CategoryTheory.Functor.Hom (1.0s)
✔ [2702/2803] Built Mathlib.CategoryTheory.Limits.Types.ColimitType (2.0s)
✔ [2703/2807] Built Mathlib.CategoryTheory.ConcreteCategory.Forget (1.5s)
✔ [2704/2807] Built Mathlib.FieldTheory.Minpoly.Finite (1.6s)
✔ [2705/2807] Built Mathlib.RingTheory.Adjoin.Dimension (1.6s)
✔ [2706/2807] Built Mathlib.CategoryTheory.Limits.Shapes.StrongEpi (1.4s)
✔ [2707/2807] Built Mathlib.CategoryTheory.Category.Cat.AsSmall (884ms)
✔ [2708/2807] Built Mathlib.CategoryTheory.IsomorphismClasses (1.0s)
✔ [2709/2807] Built Mathlib.CategoryTheory.ConcreteCategory.ReflectsIso (892ms)
✔ [2710/2807] Built Mathlib.Algebra.Category.MonCat.Basic (4.9s)
✔ [2711/2809] Built Mathlib.GroupTheory.Perm.ViaEmbedding (903ms)
✔ [2712/2809] Built Mathlib.CategoryTheory.Yoneda (13s)
✔ [2713/2809] Built Mathlib.FieldTheory.IntermediateField.Adjoin.Basic (11s)
✔ [2714/2809] Built Mathlib.Algebra.Category.Grp.Basic (6.1s)
✔ [2715/2809] Built Mathlib.Algebra.Category.MonCat.ForgetCorepresentable (1.2s)
✔ [2716/2809] Built Mathlib.GroupTheory.Solvable (1.9s)
✔ [2717/2809] Built Mathlib.CategoryTheory.Adjunction.Basic (7.7s)
✔ [2718/2809] Built Mathlib.FieldTheory.Extension (9.2s)
✔ [2719/2811] Built Mathlib.CategoryTheory.Limits.Cones (17s)
✔ [2720/2811] Built Mathlib.CategoryTheory.LiftingProperties.Adjunction (1.5s)
✔ [2721/2811] Built Mathlib.Algebra.Category.Ring.Basic (6.2s)
✔ [2722/2811] Built Mathlib.CategoryTheory.Adjunction.FullyFaithful (2.6s)
✔ [2723/2811] Built Mathlib.CategoryTheory.Adjunction.Mates (7.8s)
✔ [2724/2811] Built Mathlib.CategoryTheory.Skeletal (2.5s)
✔ [2725/2811] Built Mathlib.FieldTheory.Normal.Basic (4.6s)
✔ [2726/2811] Built Mathlib.FieldTheory.IsAlgClosed.Basic (6.1s)
✔ [2727/2813] Built Mathlib.Data.Multiset.Fintype (2.8s)
✔ [2728/2813] Built Mathlib.CategoryTheory.Functor.EpiMono (1.9s)
✔ [2729/2813] Built Mathlib.Algebra.Category.Ring.Instances (1.8s)
✔ [2730/2813] Built Mathlib.CategoryTheory.Limits.IsLimit (7.4s)
✔ [2731/2813] Built Mathlib.CategoryTheory.EssentiallySmall (1.8s)
✔ [2732/2813] Built Mathlib.FieldTheory.Normal.Closure (4.7s)
✔ [2733/2813] Built Mathlib.FieldTheory.PrimitiveElement (5.8s)
✔ [2734/2813] Built Mathlib.RingTheory.AlgebraicIndependent.Defs (2.4s)
✔ [2735/2813] Built Mathlib.FieldTheory.IsAlgClosed.AlgebraicClosure (4.0s)
✔ [2736/2813] Built Mathlib.CategoryTheory.Monad.Algebra (4.1s)
✔ [2737/2813] Built Mathlib.CategoryTheory.Limits.Shapes.IsTerminal (3.9s)
✔ [2738/2813] Built Mathlib.CategoryTheory.ObjectProperty.Small (2.3s)
✔ [2739/2813] Built Mathlib.CategoryTheory.ShrinkYoneda (5.8s)
✔ [2740/2816] Built Mathlib.CategoryTheory.Limits.HasLimits (8.7s)
✔ [2741/2816] Built Mathlib.RingTheory.AlgebraicIndependent.Adjoin (3.1s)
✔ [2742/2816] Built Mathlib.CategoryTheory.Limits.Shapes.Terminal (3.1s)
✔ [2743/2816] Built Mathlib.Algebra.Category.Ring.Colimits (4.4s)
✔ [2744/2816] Built Mathlib.CategoryTheory.Limits.Shapes.WidePullbacks (8.9s)
✔ [2745/2816] Built Mathlib.CategoryTheory.Comma.StructuredArrow.Basic (19s)
✔ [2746/2816] Built Mathlib.CategoryTheory.Limits.Preserves.Basic (3.9s)
✔ [2747/2816] Built Mathlib.Combinatorics.Matroid.Init (503ms)
✔ [2748/2816] Built Mathlib.CategoryTheory.Limits.Shapes.ZeroObjects (1.7s)
✔ [2749/2816] Built Mathlib.CategoryTheory.Limits.Shapes.Products (12s)
✔ [2750/2816] Built Mathlib.CategoryTheory.Elements (7.1s)
✔ [2751/2816] Built Mathlib.CategoryTheory.Limits.Preserves.Shapes.Terminal (1.5s)
✔ [2752/2816] Built Mathlib.CategoryTheory.Limits.Preserves.Limits (1.8s)
✔ [2753/2816] Built Mathlib.CategoryTheory.Limits.Creates (3.8s)
✔ [2754/2816] Built Mathlib.Combinatorics.Matroid.Basic (5.5s)
✔ [2755/2816] Built Mathlib.CategoryTheory.EffectiveEpi.Basic (1.9s)
✔ [2756/2816] Built Mathlib.CategoryTheory.Limits.FunctorCategory.Basic (5.9s)
✔ [2757/2820] Built Mathlib.CategoryTheory.Comma.Over.Basic (23s)
✔ [2758/2820] Built Mathlib.CategoryTheory.Adjunction.Limits (3.5s)
✔ [2759/2820] Built Mathlib.Combinatorics.Matroid.IndepAxioms (5.5s)
✔ [2760/2820] Built Mathlib.CategoryTheory.Grothendieck (9.0s)
✔ [2761/2820] Built Mathlib.Algebra.Category.Ring.Adjunctions (5.9s)
✔ [2762/2820] Built Mathlib.Combinatorics.Matroid.Dual (2.5s)
✔ [2763/2822] Built Mathlib.CategoryTheory.Limits.Shapes.Grothendieck (3.7s)
✔ [2764/2826] Built Mathlib.Combinatorics.Matroid.Minor.Restrict (4.4s)
✔ [2765/2826] Built Mathlib.CategoryTheory.Limits.Shapes.BinaryProducts (11s)
✔ [2766/2826] Built Mathlib.Combinatorics.Matroid.Constructions (1.9s)
✔ [2767/2826] Built Mathlib.CategoryTheory.Monad.Products (2.7s)
✔ [2768/2828] Built Mathlib.CategoryTheory.Limits.Shapes.StrictInitial (1.7s)
✔ [2769/2828] Built Mathlib.CategoryTheory.Limits.Shapes.Pullback.Cospan (3.6s)
✔ [2770/2829] Built Mathlib.Algebra.MvPolynomial.Supported (1.6s)
✔ [2771/2829] Built Mathlib.Combinatorics.Matroid.Map (4.1s)
✔ [2772/2829] Built Mathlib.CategoryTheory.Limits.Shapes.Pullback.PullbackCone (3.9s)
✔ [2773/2834] Built Mathlib.RingTheory.Algebraic.MvPolynomial (2.7s)
✔ [2774/2836] Built Mathlib.Algebra.MvPolynomial.Monad (3.4s)
✔ [2775/2836] Built Mathlib.CategoryTheory.Limits.Shapes.Pullback.HasPullback (5.9s)
✔ [2776/2836] Built Mathlib.Data.DFinsupp.Small (991ms)
✔ [2777/2836] Built Mathlib.Combinatorics.Matroid.Closure (9.7s)
✔ [2778/2836] Built Mathlib.RingTheory.Polynomial.SeparableDegree (1.6s)
✔ [2779/2836] Built Mathlib.CategoryTheory.Limits.Shapes.Pullback.Pasting (5.2s)
✔ [2780/2836] Built Mathlib.CategoryTheory.Limits.Shapes.Pullback.Iso (2.1s)
✔ [2781/2839] Built Mathlib.CategoryTheory.Limits.Shapes.Equalizers (8.6s)
✔ [2782/2839] Built Mathlib.RingTheory.MvPolynomial.Basic (2.8s)
✔ [2783/2839] Built Mathlib.Combinatorics.Matroid.Rank.Finite (1.6s)
✔ [2784/2839] Built Mathlib.Combinatorics.Matroid.Circuit (5.3s)
✔ [2785/2839] Built Mathlib.CategoryTheory.Limits.Shapes.Pullback.Assoc (5.7s)
✔ [2786/2839] Built Mathlib.CategoryTheory.Comma.Over.Pullback (5.3s)
✔ [2787/2839] Built Mathlib.CategoryTheory.Limits.Connected (1.7s)
✔ [2788/2839] Built Mathlib.CategoryTheory.Limits.Shapes.Pullback.Mono (2.9s)
✔ [2789/2842] Built Mathlib.CategoryTheory.Limits.Shapes.FiniteLimits (1.5s)
✔ [2790/2842] Built Mathlib.FieldTheory.AlgebraicClosure (3.3s)
✔ [2791/2842] Built Mathlib.RingTheory.AlgebraicIndependent.Basic (5.5s)
✔ [2792/2842] Built Mathlib.Combinatorics.Matroid.Loop (5.1s)
✔ [2793/2842] Built Mathlib.CategoryTheory.Limits.Opposites (3.7s)
✔ [2794/2842] Built Mathlib.CategoryTheory.Limits.Shapes.Images (6.2s)
✔ [2795/2842] Built Mathlib.GroupTheory.GroupAction.FixedPoints (2.1s)
✔ [2796/2842] Built Mathlib.CategoryTheory.Filtered.Basic (5.1s)
✔ [2797/2842] Built Mathlib.RingTheory.AlgebraicIndependent.Transcendental (4.8s)
✔ [2798/2842] Built Mathlib.Combinatorics.Matroid.Rank.ENat (3.8s)
✔ [2799/2842] Built Mathlib.CategoryTheory.Limits.Shapes.Opposites.Pullbacks (5.3s)
✔ [2800/2845] Built Mathlib.CategoryTheory.Limits.Shapes.ZeroMorphisms (4.3s)
✔ [2801/2845] Built Mathlib.CategoryTheory.Filtered.Connected (937ms)
✔ [2802/2845] Built Mathlib.GroupTheory.GroupAction.FixingSubgroup (1.6s)
✔ [2803/2845] Built Mathlib.Combinatorics.Matroid.Rank.Cardinal (2.8s)
✔ [2804/2845] Built Mathlib.RingTheory.AlgebraicIndependent.AlgebraicClosure (3.8s)
✔ [2805/2845] Built Mathlib.CategoryTheory.Limits.Shapes.Pullback.IsPullback.Defs (3.2s)
✔ [2806/2845] Built Mathlib.CategoryTheory.Limits.Shapes.Opposites.Equalizers (4.6s)
✔ [2807/2846] Built Mathlib.CategoryTheory.Limits.Preserves.Shapes.Zero (1.6s)
✔ [2808/2848] Built Mathlib.RingTheory.Polynomial.GaussLemma (3.2s)
✔ [2809/2848] Built Mathlib.CategoryTheory.Limits.Shapes.RegularMono (4.6s)
✔ [2810/2848] Built Mathlib.RingTheory.AlgebraicIndependent.TranscendenceBasis (10s)
✔ [2811/2849] Built Mathlib.Algebra.CharP.IntermediateField (1.5s)
✔ [2812/2849] Built Mathlib.CategoryTheory.Limits.Shapes.Kernels (11s)
✔ [2813/2849] Built Mathlib.FieldTheory.Minpoly.IsIntegrallyClosed (5.3s)
✔ [2814/2849] Built Mathlib.LinearAlgebra.Matrix.Charpoly.Minpoly (1.8s)
✔ [2815/2851] Built Mathlib.CategoryTheory.ConcreteCategory.Elementwise (989ms)
✔ [2816/2851] Built Mathlib.CategoryTheory.Preadditive.Basic (3.8s)
✔ [2817/2851] Built Mathlib.FieldTheory.Minpoly.MinpolyDiv (2.8s)
✔ [2818/2851] Built Mathlib.FieldTheory.SeparableDegree (10s)
✔ [2819/2851] Built Mathlib.Data.Nat.Factorial.SuperFactorial (1.5s)
✔ [2820/2851] Built Mathlib.CategoryTheory.Limits.Types.Colimits (2.2s)
✔ [2821/2851] Built Mathlib.CategoryTheory.Limits.Types.Limits (2.5s)
✔ [2822/2851] Built Mathlib.Algebra.Category.Grp.Preadditive (1.7s)
✔ [2823/2854] Built Mathlib.LinearAlgebra.Vandermonde (5.8s)
✔ [2824/2854] Built Mathlib.CategoryTheory.Limits.Types.Filtered (2.3s)
✔ [2825/2854] Built Mathlib.CategoryTheory.Limits.Types.Products (2.2s)
✔ [2826/2854] Built Mathlib.FieldTheory.SeparableClosure (12s)
✔ [2827/2854] Built Mathlib.CategoryTheory.Limits.Preserves.Ulift (1.1s)
✔ [2828/2854] Built Mathlib.CategoryTheory.Limits.Types.Yoneda (3.5s)
✔ [2829/2854] Built Mathlib.Algebra.Category.MonCat.Limits (4.9s)
✔ [2830/2854] Built Mathlib.CategoryTheory.Limits.Types.Images (1.3s)
✔ [2831/2854] Built Mathlib.Algebra.Category.Grp.ForgetCorepresentable (1.5s)
✔ [2832/2854] Built Mathlib.LinearAlgebra.Basis.Bilinear (1.6s)
✔ [2833/2857] Built Mathlib.CategoryTheory.Limits.Yoneda (2.3s)
✔ [2834/2857] Built Mathlib.FieldTheory.Galois.Basic (9.0s)
✔ [2835/2857] Built Mathlib.CategoryTheory.Limits.ConcreteCategory.Basic (2.5s)
✔ [2836/2857] Built Mathlib.LinearAlgebra.Matrix.SesquilinearForm (16s)
✔ [2837/2857] Built Mathlib.CategoryTheory.Limits.Final (10s)
✔ [2838/2857] Built Mathlib.CategoryTheory.Limits.Preserves.Shapes.Pullbacks (3.5s)
✔ [2839/2863] Built Mathlib.RingTheory.Finiteness.Prod (1.3s)
✔ [2840/2863] Built Mathlib.LinearAlgebra.TensorProduct.Finiteness (2.3s)
✔ [2841/2863] Built Mathlib.FieldTheory.IsSepClosed (3.3s)
✔ [2842/2863] Built Mathlib.Algebra.Category.Grp.Limits (7.4s)
✔ [2843/2863] Built Mathlib.CategoryTheory.Limits.Constructions.BinaryProducts (2.5s)
✔ [2844/2864] Built Mathlib.LinearAlgebra.Matrix.BilinearForm (7.9s)
✔ [2845/2864] Built Mathlib.RingTheory.TensorProduct.Free (3.1s)
✔ [2846/2864] Built Mathlib.LinearAlgebra.Contraction (9.6s)
✔ [2847/2864] Built Mathlib.FieldTheory.PurelyInseparable.Basic (8.5s)
✔ [2848/2864] Built Mathlib.CategoryTheory.Limits.Shapes.Pullback.IsPullback.Basic (5.5s)
✔ [2849/2864] Built Mathlib.Algebra.Category.Ring.Limits (17s)
✔ [2850/2864] Built Mathlib.RingTheory.Valuation.ValuativeRel.Basic (12s)
✔ [2851/2864] Built Mathlib.CategoryTheory.Limits.Shapes.KernelPair (2.3s)
✔ [2852/2868] Built Mathlib.LinearAlgebra.Trace (8.6s)
✔ [2853/2868] Built Mathlib.Algebra.Category.Ring.Constructions (10s)
✔ [2854/2868] Built Mathlib.CategoryTheory.Limits.Shapes.Diagonal (8.3s)
✔ [2855/2870] Built Mathlib.RingTheory.Trace.Defs (3.1s)
✔ [2856/2872] Built Mathlib.Topology.Algebra.UniformFilterBasis (1.4s)
✔ [2857/2872] Built Mathlib.Topology.Algebra.OpenSubgroup (4.6s)
✔ [2858/2872] Built Mathlib.CategoryTheory.MorphismProperty.Limits (6.4s)
✔ [2859/2872] Built Mathlib.RingTheory.Trace.Basic (9.1s)
✔ [2860/2872] Built Mathlib.Topology.Algebra.WithZeroTopology (2.2s)
✔ [2861/2872] Built Mathlib.RingTheory.Valuation.ValuationSubring (9.6s)
✔ [2862/2872] Built Mathlib.Topology.Algebra.Nonarchimedean.Basic (1.9s)
✔ [2863/2872] Built Mathlib.RingTheory.RingHomProperties (3.9s)
✔ [2864/2877] Built Mathlib.RingTheory.DedekindDomain.IntegralClosure (3.8s)
✔ [2865/2877] Built Mathlib.Topology.Algebra.Nonarchimedean.Bases (2.5s)
✔ [2866/2877] Built Mathlib.RingTheory.LocalProperties.Basic (5.9s)
✔ [2867/2878] Built Mathlib.NumberTheory.NumberField.Basic (6.2s)
✔ [2868/2878] Built Mathlib.Topology.Algebra.GroupCompletion (2.9s)
✔ [2869/2878] Built Mathlib.RingTheory.LocalProperties.IntegrallyClosed (2.6s)
✔ [2870/2878] Built Mathlib.Algebra.Order.Group.Cyclic (1.7s)
✔ [2871/2884] Built Mathlib.Topology.Algebra.Valued.ValuationTopology (6.4s)
✔ [2872/2884] Built Mathlib.Topology.Algebra.UniformRing (3.2s)
✔ [2873/2884] Built Mathlib.RingTheory.DedekindDomain.Dvr (2.2s)
✔ [2874/2884] Built Mathlib.RingTheory.Ideal.Oka (1.3s)
✔ [2875/2884] Built Mathlib.RingTheory.Valuation.IsTrivialOn (2.4s)
✔ [2876/2884] Built Mathlib.Topology.Algebra.ValuativeRel.ValuativeTopology (5.4s)
✔ [2877/2884] Built Mathlib.Topology.Algebra.UniformField (2.2s)
✔ [2878/2884] Built Mathlib.RingTheory.PrincipalIdealDomainOfPrime (1.4s)
✔ [2879/2886] Built Mathlib.RingTheory.Valuation.Discrete.Basic (6.2s)
✔ [2880/2893] Built Mathlib.RingTheory.UniqueFactorizationDomain.Nat (1.2s)
✔ [2881/2893] Built Mathlib.Data.Nat.Squarefree (3.2s)
✔ [2882/2893] Built Mathlib.Tactic.ArithMult.Init (477ms)
✔ [2883/2893] Built Mathlib.Data.Nat.Factorization.PrimePow (1.6s)
✔ [2884/2897] Built Mathlib.Tactic.ArithMult (758ms)
✔ [2885/2897] Built Mathlib.Topology.Algebra.Valued.ValuedField (13s)
✔ [2886/2897] Built Mathlib.RingTheory.Int.Basic (1.8s)
✔ [2887/2897] Built Mathlib.NumberTheory.ArithmeticFunction.Defs (6.2s)
✔ [2888/2897] Built Mathlib.RingTheory.RootsOfUnity.PrimitiveRoots (6.6s)
✔ [2889/2897] Built Mathlib.NumberTheory.ArithmeticFunction.Zeta (2.7s)
✔ [2890/2902] Built Mathlib.RingTheory.RootsOfUnity.Complex (3.8s)
✔ [2891/2902] Built Mathlib.Topology.Algebra.Valued.WithVal (11s)
✔ [2892/2902] Built Mathlib.NumberTheory.ArithmeticFunction.Misc (4.0s)
✔ [2893/2903] Built Mathlib.RingTheory.Polynomial.Eisenstein.Criterion (2.4s)
✔ [2894/2904] Built Mathlib.NumberTheory.ArithmeticFunction.Moebius (3.3s)
✔ [2895/2909] Built Mathlib.FieldTheory.KrullTopology (2.0s)
✔ [2896/2909] Built Mathlib.RingTheory.Polynomial.Eisenstein.Basic (2.6s)
✔ [2897/2910] Built Mathlib.FieldTheory.Galois.GaloisClosure (3.9s)
✔ [2898/2911] Built Mathlib.Topology.Algebra.Group.ClosedSubgroup (2.6s)
✔ [2899/2911] Built Mathlib.Algebra.GCDMonoid.IntegrallyClosed (1.7s)
ℹ [2900/2911] Built SierpinskiFormal.RadixExtension (2.5s)
info: SierpinskiFormal/RadixExtension.lean:193:0: 'IndependentZeroBlocks.map_canonicalSeries_radixExtension_dilation' depends on axioms: [propext,
 Classical.choice,
 Quot.sound]
info: SierpinskiFormal/RadixExtension.lean:194:0: 'IndependentZeroBlocks.natDegree_radixExtensionKernel_lt' depends on axioms: [propext, Classical.choice, Quot.sound]
info: SierpinskiFormal/RadixExtension.lean:195:0: 'IndependentZeroBlocks.coeff_radixExtensionKernel_of_lt_card' depends on axioms: [propext, Classical.choice, Quot.sound]
info: SierpinskiFormal/RadixExtension.lean:196:0: 'IndependentZeroBlocks.radixExtensionKernel_degree_window' depends on axioms: [propext, Classical.choice, Quot.sound]
info: SierpinskiFormal/RadixExtension.lean:197:0: 'IndependentZeroBlocks.mapped_canonicalSeries_radixExtension_data' depends on axioms: [propext,
 Classical.choice,
 Quot.sound]
✔ [2901/2911] Built Mathlib.RingTheory.DedekindDomain.AdicValuation (21s)
ℹ [2902/2911] Built SierpinskiFormal.PrimePeriod (2.1s)
info: SierpinskiFormal/PrimePeriod.lean:78:0: 'SierpinskiFormal.exists_finiteField_primePower_coprime_decomposition' depends on axioms: [propext,
 Classical.choice,
 Quot.sound]
info: SierpinskiFormal/PrimePeriod.lean:79:0: 'SierpinskiFormal.divisibility_indicator_period_cardPow' depends on axioms: [propext, Classical.choice, Quot.sound]
✔ [2903/2911] Built Mathlib.FieldTheory.Galois.Infinite (5.1s)
✔ [2904/2911] Built Mathlib.RingTheory.RootsOfUnity.Minpoly (2.8s)
✔ [2905/2915] Built Mathlib.FieldTheory.Galois.Abelian (2.4s)
✔ [2906/2915] Built Mathlib.FieldTheory.RatFunc.AsPolynomial (4.9s)
ℹ [2907/2915] Built SierpinskiFormal.Convolution (1.8s)
info: SierpinskiFormal/Convolution.lean:137:0: 'SierpinskiFormal.Convolution.weighted_block' depends on axioms: [propext, Classical.choice, Quot.sound]
info: SierpinskiFormal/Convolution.lean:138:0: 'SierpinskiFormal.Convolution.weighted_zero_of_state' depends on axioms: [propext, Classical.choice, Quot.sound]
✔ [2908/2917] Built Mathlib.Data.Fintype.Units (845ms)
ℹ [2909/2920] Built SierpinskiFormal.GeometricFilter (1.8s)
info: SierpinskiFormal/GeometricFilter.lean:64:0: 'SierpinskiFormal.coeff_poleSeries_mul_eq_weighted' depends on axioms: [propext, Classical.choice, Quot.sound]
info: SierpinskiFormal/GeometricFilter.lean:65:0: 'SierpinskiFormal.one_sub_C_mul_X_mul_poleSeries' depends on axioms: [propext, Classical.choice, Quot.sound]
⚠ [2910/2920] Built SierpinskiFormal.DigitState (2.7s)
warning: SierpinskiFormal/DigitState.lean:42:29: This simp argument is unused:
  Prod.fst

Hint: Omit it from the simp argument list.
  [apply] simp only [transition, Finset.sum_range_succ, pow_succ]

Note: This linter can be disabled with `set_option linter.unusedSimpArgs false`
warning: SierpinskiFormal/DigitState.lean:44:29: This simp argument is unused:
  Prod.snd

Hint: Omit it from the simp argument list.
  [apply] simp only [transition, pow_succ]

Note: This linter can be disabled with `set_option linter.unusedSimpArgs false`
warning: SierpinskiFormal/DigitState.lean:75:24: This simp argument is unused:
  hpzero

Hint: Omit it from the simp argument list.
  [apply] simp [Nat.cast_mul]

Note: This linter can be disabled with `set_option linter.unusedSimpArgs false`
info: SierpinskiFormal/DigitState.lean:210:0: 'SierpinskiFormal.DigitState.common_geometric_zero' depends on axioms: [propext, Classical.choice, Quot.sound]
info: SierpinskiFormal/DigitState.lean:211:0: 'SierpinskiFormal.DigitState.extension_common_seed' depends on axioms: [propext, Classical.choice, Quot.sound]
info: SierpinskiFormal/DigitState.lean:212:0: 'SierpinskiFormal.DigitState.finite_field_common_seed' depends on axioms: [propext, Classical.choice, Quot.sound]
info: SierpinskiFormal/DigitState.lean:213:0: 'SierpinskiFormal.DigitState.sequence_extension_seed' depends on axioms: [propext, Classical.choice, Quot.sound]
info: SierpinskiFormal/DigitState.lean:214:0: 'SierpinskiFormal.DigitState.word_absorbs' depends on axioms: [propext]
✔ [2911/2920] Built Mathlib.RingTheory.Polynomial.Cyclotomic.Basic (5.4s)
✔ [2912/2920] Built Mathlib.RingTheory.PowerSeries.WellKnown (2.3s)
⚠ [2913/2920] Built SierpinskiFormal.RationalBridge (2.0s)
warning: SierpinskiFormal/RationalBridge.lean:1:0: 'Mathlib.Data.Fintype.Units' has been deprecated: please replace this import by

import Mathlib.Algebra.GroupWithZero.Units.Fintype
warning: SierpinskiFormal/RationalBridge.lean:37:2: Try this: 
  letI̵

The goal is a proposition, so `let` is preferred over `letI`.
The difference between `let` and `letI` is that `letI` inlines the value.
But this is not relevant for proofs because of proof irrelevance.

Note: This linter can be disabled with `set_option linter.style.haveILetI false`
warning: SierpinskiFormal/RationalBridge.lean:38:2: Try this: 
  letI̵

The goal is a proposition, so `let` is preferred over `letI`.
The difference between `let` and `letI` is that `letI` inlines the value.
But this is not relevant for proofs because of proof irrelevance.

Note: This linter can be disabled with `set_option linter.style.haveILetI false`
warning: SierpinskiFormal/RationalBridge.lean:123:22: This simp argument is unused:
  hn

Hint: Omit it from the simp argument list.
  [apply] simp

Note: This linter can be disabled with `set_option linter.unusedSimpArgs false`
info: SierpinskiFormal/RationalBridge.lean:240:0: 'SierpinskiFormal.exists_dvd_X_pow_sub_one' depends on axioms: [propext, Classical.choice, Quot.sound]
info: SierpinskiFormal/RationalBridge.lean:241:0: 'SierpinskiFormal.exists_rational_multiplier_series' depends on axioms: [propext, Classical.choice, Quot.sound]
⚠ [2914/2931] Built SierpinskiFormal.Assembly (1.8s)
warning: SierpinskiFormal/Assembly.lean:30:51: This simp argument is unused:
  Prod.snd

Hint: Omit it from the simp argument list.
  [apply] simp only [prefixState, DigitState.transition]

Note: This linter can be disabled with `set_option linter.unusedSimpArgs false`
info: SierpinskiFormal/Assembly.lean:95:0: 'SierpinskiFormal.weighted_zeroBlocks_of_lucas' depends on axioms: [propext, Classical.choice, Quot.sound]
✔ [2915/2931] Built Mathlib.RingTheory.Polynomial.Cyclotomic.Roots (3.7s)
ℹ [2916/2932] Built SierpinskiFormal.PeriodicConvolution (3.1s)
info: SierpinskiFormal/PeriodicConvolution.lean:368:0: 'SierpinskiFormal.PeriodicConvolution.weighted_block' depends on axioms: [propext, Classical.choice, Quot.sound]
info: SierpinskiFormal/PeriodicConvolution.lean:369:0: 'SierpinskiFormal.PeriodicConvolution.weighted_zero_of_state' depends on axioms: [propext, Classical.choice, Quot.sound]
info: SierpinskiFormal/PeriodicConvolution.lean:370:0: 'SierpinskiFormal.PeriodicConvolution.lucas_pow' depends on axioms: [propext, Classical.choice, Quot.sound]
info: SierpinskiFormal/PeriodicConvolution.lean:371:0: 'SierpinskiFormal.PeriodicConvolution.weighted_zero_on_seed_descendants_pow' depends on axioms: [propext,
 Classical.choice,
 Quot.sound]
info: SierpinskiFormal/PeriodicConvolution.lean:372:0: 'SierpinskiFormal.PeriodicConvolution.poleWeight_periodic_prime_pow' depends on axioms: [propext,
 Classical.choice,
 Quot.sound]
info: SierpinskiFormal/PeriodicConvolution.lean:373:0: 'SierpinskiFormal.PeriodicConvolution.coeff_repeatedPoleSeries_mul_eq_weighted' depends on axioms: [propext,
 Classical.choice,
 Quot.sound]
info: SierpinskiFormal/PeriodicConvolution.lean:374:0: 'SierpinskiFormal.PeriodicConvolution.coeff_weightedSeries_mul_eq_weighted' depends on axioms: [propext,
 Classical.choice,
 Quot.sound]
info: SierpinskiFormal/PeriodicConvolution.lean:375:0: 'SierpinskiFormal.PeriodicConvolution.weightedSeries_mul_hasSeedBlocks_of_prefix' depends on axioms: [propext,
 Classical.choice,
 Quot.sound]
ℹ [2917/2932] Built SierpinskiFormal.KernelAssembly (2.3s)
info: SierpinskiFormal/KernelAssembly.lean:201:0: 'SierpinskiFormal.weighted_zeroBlocks_of_kernel' depends on axioms: [propext, Classical.choice, Quot.sound]
info: SierpinskiFormal/KernelAssembly.lean:202:0: 'SierpinskiFormal.exists_common_kernel_seed' depends on axioms: [propext, Classical.choice, Quot.sound]
info: SierpinskiFormal/KernelAssembly.lean:203:0: 'SierpinskiFormal.exists_common_seed_of_branch' depends on axioms: [propext, Classical.choice, Quot.sound]
⚠ [2918/2933] Built SierpinskiFormal.FourierBridge (2.6s)
warning: SierpinskiFormal/FourierBridge.lean:141:13: This simp argument is unused:
  map_mul

Hint: Omit it from the simp argument list.
  [apply] simp only [PowerSeries.coeff_C_mul, map_sum, PeriodicConvolution.coeff_weightedSeries]

Note: This linter can be disabled with `set_option linter.unusedSimpArgs false`
info: SierpinskiFormal/FourierBridge.lean:164:0: 'SierpinskiFormal.coprime_mul_fourier_indicator' depends on axioms: [propext, Classical.choice, Quot.sound]
info: SierpinskiFormal/FourierBridge.lean:165:0: 'SierpinskiFormal.coeff_stepGeometric_mul_eq_fourier' depends on axioms: [propext, Classical.choice, Quot.sound]
info: SierpinskiFormal/FourierBridge.lean:166:0: 'SierpinskiFormal.stepGeometric_mul_eq_sum_weightedSeries' depends on axioms: [propext, Classical.choice, Quot.sound]
info: SierpinskiFormal/FourierBridge.lean:167:0: 'SierpinskiFormal.stepGeometric_mul_eq_sum_weightedSeries_of_isPrimitiveRoot' depends on axioms: [propext,
 Classical.choice,
 Quot.sound]
⚠ [2919/2933] Built SierpinskiFormal.MissingDigitPrefixes (5.1s)
warning: SierpinskiFormal/MissingDigitPrefixes.lean:113:39: This simp argument is unused:
  Polynomial.coeff_monomial

Hint: Omit it from the simp argument list.
  [apply] simp [firstSupportedDigitPrefix, Polynomial.coeff_one, hk.ne']

Note: This linter can be disabled with `set_option linter.unusedSimpArgs false`
warning: SierpinskiFormal/MissingDigitPrefixes.lean:140:14: This simp argument is unused:
  hz

Hint: Omit it from the simp argument list.
  [apply] simp [hkq, hk.ne']

Note: This linter can be disabled with `set_option linter.unusedSimpArgs false`
warning: SierpinskiFormal/MissingDigitPrefixes.lean:300:68: This simp argument is unused:
  mul_one

Hint: Omit it from the simp argument list.
  [apply] simp only [Polynomial.coe_add, Polynomial.coe_mul, hcoeone]

Note: This linter can be disabled with `set_option linter.unusedSimpArgs false`
ℹ [2920/2933] Built SierpinskiFormal.CommonSeed (2.4s)
info: SierpinskiFormal/CommonSeed.lean:157:0: 'SierpinskiFormal.commonSeed_descendants_of_kernel' depends on axioms: [propext, Classical.choice, Quot.sound]
info: SierpinskiFormal/CommonSeed.lean:158:0: 'SierpinskiFormal.exists_commonSeed_for_indexed_kernels' depends on axioms: [propext, Classical.choice, Quot.sound]
✔ [2921/2933] Built Mathlib.NumberTheory.Cyclotomic.Basic (13s)
✔ [2922/2934] Built SierpinskiFormal.RationalPrefixTransfer (2.8s)
✔ [2923/2935] Built SierpinskiFormal.KernelPrefix (2.1s)
⚠ [2924/2935] Built SierpinskiFormal.AuxiliaryField (2.7s)
warning: SierpinskiFormal/AuxiliaryField.lean:51:2: Try this: 
  letI̵

The goal is a proposition, so `let` is preferred over `letI`.
The difference between `let` and `letI` is that `letI` inlines the value.
But this is not relevant for proofs because of proof irrelevance.

Note: This linter can be disabled with `set_option linter.style.haveILetI false`
warning: SierpinskiFormal/AuxiliaryField.lean:52:2: Try this: 
  letI̵

The goal is a proposition, so `let` is preferred over `letI`.
The difference between `let` and `letI` is that `letI` inlines the value.
But this is not relevant for proofs because of proof irrelevance.

Note: This linter can be disabled with `set_option linter.style.haveILetI false`
warning: SierpinskiFormal/AuxiliaryField.lean:53:2: Try this: 
  letI̵

The goal is a proposition, so `let` is preferred over `letI`.
The difference between `let` and `letI` is that `letI` inlines the value.
But this is not relevant for proofs because of proof irrelevance.

Note: This linter can be disabled with `set_option linter.style.haveILetI false`
warning: SierpinskiFormal/AuxiliaryField.lean:54:2: Try this: 
  letI̵

The goal is a proposition, so `let` is preferred over `letI`.
The difference between `let` and `letI` is that `letI` inlines the value.
But this is not relevant for proofs because of proof irrelevance.

Note: This linter can be disabled with `set_option linter.style.haveILetI false`
warning: SierpinskiFormal/AuxiliaryField.lean:55:2: Try this: 
  letI̵

The goal is a proposition, so `let` is preferred over `letI`.
The difference between `let` and `letI` is that `letI` inlines the value.
But this is not relevant for proofs because of proof irrelevance.

Note: This linter can be disabled with `set_option linter.style.haveILetI false`
warning: SierpinskiFormal/AuxiliaryField.lean:56:2: Try this: 
  letI̵

The goal is a proposition, so `let` is preferred over `letI`.
The difference between `let` and `letI` is that `letI` inlines the value.
But this is not relevant for proofs because of proof irrelevance.

Note: This linter can be disabled with `set_option linter.style.haveILetI false`
warning: SierpinskiFormal/AuxiliaryField.lean:153:2: Try this: 
  letI̵

The goal is a proposition, so `let` is preferred over `letI`.
The difference between `let` and `letI` is that `letI` inlines the value.
But this is not relevant for proofs because of proof irrelevance.

Note: This linter can be disabled with `set_option linter.style.haveILetI false`
warning: SierpinskiFormal/AuxiliaryField.lean:154:2: Try this: 
  letI̵

The goal is a proposition, so `let` is preferred over `letI`.
The difference between `let` and `letI` is that `letI` inlines the value.
But this is not relevant for proofs because of proof irrelevance.

Note: This linter can be disabled with `set_option linter.style.haveILetI false`
warning: SierpinskiFormal/AuxiliaryField.lean:156:2: Try this: 
  letI̵

The goal is a proposition, so `let` is preferred over `letI`.
The difference between `let` and `letI` is that `letI` inlines the value.
But this is not relevant for proofs because of proof irrelevance.

Note: This linter can be disabled with `set_option linter.style.haveILetI false`
warning: SierpinskiFormal/AuxiliaryField.lean:157:2: Try this: 
  letI̵

The goal is a proposition, so `let` is preferred over `letI`.
The difference between `let` and `letI` is that `letI` inlines the value.
But this is not relevant for proofs because of proof irrelevance.

Note: This linter can be disabled with `set_option linter.style.haveILetI false`
warning: SierpinskiFormal/AuxiliaryField.lean:158:2: Try this: 
  letI̵

The goal is a proposition, so `let` is preferred over `letI`.
The difference between `let` and `letI` is that `letI` inlines the value.
But this is not relevant for proofs because of proof irrelevance.

Note: This linter can be disabled with `set_option linter.style.haveILetI false`
warning: SierpinskiFormal/AuxiliaryField.lean:161:2: Try this: 
  letI̵

The goal is a proposition, so `let` is preferred over `letI`.
The difference between `let` and `letI` is that `letI` inlines the value.
But this is not relevant for proofs because of proof irrelevance.

Note: This linter can be disabled with `set_option linter.style.haveILetI false`
warning: SierpinskiFormal/AuxiliaryField.lean:171:2: Try this: 
  letI̵

The goal is a proposition, so `let` is preferred over `letI`.
The difference between `let` and `letI` is that `letI` inlines the value.
But this is not relevant for proofs because of proof irrelevance.

Note: This linter can be disabled with `set_option linter.style.haveILetI false`
warning: SierpinskiFormal/AuxiliaryField.lean:172:2: Try this: 
  letI̵

The goal is a proposition, so `let` is preferred over `letI`.
The difference between `let` and `letI` is that `letI` inlines the value.
But this is not relevant for proofs because of proof irrelevance.

Note: This linter can be disabled with `set_option linter.style.haveILetI false`
warning: SierpinskiFormal/AuxiliaryField.lean:173:2: Try this: 
  letI̵

The goal is a proposition, so `let` is preferred over `letI`.
The difference between `let` and `letI` is that `letI` inlines the value.
But this is not relevant for proofs because of proof irrelevance.

Note: This linter can be disabled with `set_option linter.style.haveILetI false`
warning: SierpinskiFormal/AuxiliaryField.lean:174:2: Try this: 
  letI̵

The goal is a proposition, so `let` is preferred over `letI`.
The difference between `let` and `letI` is that `letI` inlines the value.
But this is not relevant for proofs because of proof irrelevance.

Note: This linter can be disabled with `set_option linter.style.haveILetI false`
warning: SierpinskiFormal/AuxiliaryField.lean:175:2: Try this: 
  letI̵

The goal is a proposition, so `let` is preferred over `letI`.
The difference between `let` and `letI` is that `letI` inlines the value.
But this is not relevant for proofs because of proof irrelevance.

Note: This linter can be disabled with `set_option linter.style.haveILetI false`
warning: SierpinskiFormal/AuxiliaryField.lean:199:2: Try this: 
  letI̵

The goal is a proposition, so `let` is preferred over `letI`.
The difference between `let` and `letI` is that `letI` inlines the value.
But this is not relevant for proofs because of proof irrelevance.

Note: This linter can be disabled with `set_option linter.style.haveILetI false`
warning: SierpinskiFormal/AuxiliaryField.lean:200:2: Try this: 
  letI̵

The goal is a proposition, so `let` is preferred over `letI`.
The difference between `let` and `letI` is that `letI` inlines the value.
But this is not relevant for proofs because of proof irrelevance.

Note: This linter can be disabled with `set_option linter.style.haveILetI false`
warning: SierpinskiFormal/AuxiliaryField.lean:201:2: Try this: 
  letI̵

The goal is a proposition, so `let` is preferred over `letI`.
The difference between `let` and `letI` is that `letI` inlines the value.
But this is not relevant for proofs because of proof irrelevance.

Note: This linter can be disabled with `set_option linter.style.haveILetI false`
info: SierpinskiFormal/AuxiliaryField.lean:216:0: 'IndependentZeroBlocks.exists_finite_powerRoot_tower' depends on axioms: [propext, Classical.choice, Quot.sound]
info: SierpinskiFormal/AuxiliaryField.lean:217:0: 'IndependentZeroBlocks.eq_zero_or_pow_cardSubOne_div_eq_one_of_powerRoot' depends on axioms: [propext,
 Classical.choice,
 Quot.sound]
info: SierpinskiFormal/AuxiliaryField.lean:218:0: 'IndependentZeroBlocks.exists_auxiliary_field' depends on axioms: [propext, Classical.choice, Quot.sound]
info: SierpinskiFormal/AuxiliaryField.lean:219:0: 'IndependentZeroBlocks.exists_auxiliary_field_with_eval_zero_or_one' depends on axioms: [propext,
 Classical.choice,
 Quot.sound]
✔ [2925/2935] Built SierpinskiFormal.KernelPeriodic (1.8s)
✔ [2926/2936] Built SierpinskiFormal.RelativeHoleSynchronization (1.9s)
⚠ [2927/2938] Built SierpinskiFormal.ArbitraryRational (2.7s)
warning: SierpinskiFormal/ArbitraryRational.lean:36:2: Try this: 
  letI̵

The goal is a proposition, so `let` is preferred over `letI`.
The difference between `let` and `letI` is that `letI` inlines the value.
But this is not relevant for proofs because of proof irrelevance.

Note: This linter can be disabled with `set_option linter.style.haveILetI false`
warning: SierpinskiFormal/ArbitraryRational.lean:37:2: Try this: 
  letI̵

The goal is a proposition, so `let` is preferred over `letI`.
The difference between `let` and `letI` is that `letI` inlines the value.
But this is not relevant for proofs because of proof irrelevance.

Note: This linter can be disabled with `set_option linter.style.haveILetI false`
warning: SierpinskiFormal/ArbitraryRational.lean:38:2: Try this: 
  letI̵

The goal is a proposition, so `let` is preferred over `letI`.
The difference between `let` and `letI` is that `letI` inlines the value.
But this is not relevant for proofs because of proof irrelevance.

Note: This linter can be disabled with `set_option linter.style.haveILetI false`
warning: SierpinskiFormal/ArbitraryRational.lean:39:2: Try this: 
  letI̵

The goal is a proposition, so `let` is preferred over `letI`.
The difference between `let` and `letI` is that `letI` inlines the value.
But this is not relevant for proofs because of proof irrelevance.

Note: This linter can be disabled with `set_option linter.style.haveILetI false`
info: SierpinskiFormal/ArbitraryRational.lean:179:0: 'IndependentZeroBlocks.arbitrary_rational_multiplier_zeroBlocks' depends on axioms: [propext,
 Classical.choice,
 Quot.sound]
info: SierpinskiFormal/ArbitraryRational.lean:180:0: 'IndependentZeroBlocks.rational_multiplier_zeroBlocks_of_equations' depends on axioms: [propext,
 Classical.choice,
 Quot.sound]
✔ [2928/2938] Built SierpinskiFormal.FiniteFieldDensity (2.1s)
✔ [2929/2942] Built SierpinskiFormal.PowerExceptionalGaps (3.7s)
ℹ [2930/2942] Built SierpinskiFormal.SeedFamilies (2.2s)
info: SierpinskiFormal/SeedFamilies.lean:186:0: 'IndependentZeroBlocks.exists_common_seedBlock_data' depends on axioms: [propext, Classical.choice, Quot.sound]
info: SierpinskiFormal/SeedFamilies.lean:187:0: 'IndependentZeroBlocks.has_simultaneous_zeroBlocks' depends on axioms: [propext, Classical.choice, Quot.sound]
info: SierpinskiFormal/SeedFamilies.lean:188:0: 'IndependentZeroBlocks.rationalMultiple_eq_commonDenominator' depends on axioms: [propext, Classical.choice, Quot.sound]
info: SierpinskiFormal/SeedFamilies.lean:189:0: 'IndependentZeroBlocks.exists_common_denominator_numerators' depends on axioms: [propext, Classical.choice, Quot.sound]
✔ [2931/2942] Built SierpinskiFormal.RationalSupportGrowth (2.6s)
⚠ [2932/2942] Built SierpinskiFormal.PolynomialDilationGaps (2.5s)
warning: SierpinskiFormal/PolynomialDilationGaps.lean:45:15: This simp argument is unused:
  Prod.fst

Hint: Omit it from the simp argument list.
  [apply] simp only [Prod.snd]

Note: This linter can be disabled with `set_option linter.unusedSimpArgs false`
warning: SierpinskiFormal/PolynomialDilationGaps.lean:45:25: This simp argument is unused:
  Prod.snd

Hint: Omit it from the simp argument list.
  [apply] simp only [Prod.fst]

Note: This linter can be disabled with `set_option linter.unusedSimpArgs false`
info: SierpinskiFormal/PolynomialDilationGaps.lean:220:0: 'IndependentZeroBlocks.polynomial_dilation_matrix_descendants' depends on axioms: [propext,
 Classical.choice,
 Quot.sound]
info: SierpinskiFormal/PolynomialDilationGaps.lean:221:0: 'IndependentZeroBlocks.polynomial_dilation_matrix_zeroBlocks_iff' depends on axioms: [propext,
 Classical.choice,
 Quot.sound]
info: SierpinskiFormal/PolynomialDilationGaps.lean:222:0: 'IndependentZeroBlocks.polynomial_dilation_family_descendants' depends on axioms: [propext,
 Classical.choice,
 Quot.sound]
info: SierpinskiFormal/PolynomialDilationGaps.lean:223:0: 'IndependentZeroBlocks.polynomial_dilation_family_zeroBlocks_iff' depends on axioms: [propext,
 Classical.choice,
 Quot.sound]
⚠ [2933/2942] Built SierpinskiFormal.SparseIntervalBridges (2.0s)
warning: SierpinskiFormal/SparseIntervalBridges.lean:49:16: `tendsto_finset_sum` has been deprecated: Use `tendsto_finsetSum` instead
✔ [2934/2942] Built SierpinskiFormal.SublinearAbsorption (2.2s)
✔ [2935/2943] Built SierpinskiFormal.RationalRelativeHoles (2.2s)
ℹ [2936/2946] Built SierpinskiFormal.DilationWindowThreshold (2.9s)
info: SierpinskiFormal/DilationWindowThreshold.lean:113:0: 'IndependentZeroBlocks.polynomialDilationMatrixDegree_le_threshold_mul' depends on axioms: [propext,
 Classical.choice,
 Quot.sound]
info: SierpinskiFormal/DilationWindowThreshold.lean:114:0: 'IndependentZeroBlocks.polynomialDilationWindowThreshold_minimal' depends on axioms: [propext,
 Classical.choice,
 Quot.sound]
info: SierpinskiFormal/DilationWindowThreshold.lean:115:0: 'IndependentZeroBlocks.polynomial_dilation_matrix_zeroBlocks_iff_threshold' depends on axioms: [propext,
 Classical.choice,
 Quot.sound]
✔ [2937/2949] Built SierpinskiFormal.MissingDigitGrowth (2.2s)
✔ [2938/2949] Built SierpinskiFormal.CompatibleKernels (1.8s)
⚠ [2939/2949] Built SierpinskiFormal.DilationInitialZero (1.0s)
warning: SierpinskiFormal/DilationInitialZero.lean:41:19: This simp argument is unused:
  Prod.fst

Hint: Omit it from the simp argument list.
  [apply] simp only [Prod.snd]

Note: This linter can be disabled with `set_option linter.unusedSimpArgs false`
warning: SierpinskiFormal/DilationInitialZero.lean:41:29: This simp argument is unused:
  Prod.snd

Hint: Omit it from the simp argument list.
  [apply] simp only [Prod.fst]

Note: This linter can be disabled with `set_option linter.unusedSimpArgs false`
info: SierpinskiFormal/DilationInitialZero.lean:159:0: 'IndependentZeroBlocks.polynomial_dilation_matrix_eq_zero_of_constant_coeff_eq_zero' depends on axioms: [propext,
 Classical.choice,
 Quot.sound]
info: SierpinskiFormal/DilationInitialZero.lean:160:0: 'IndependentZeroBlocks.polynomial_dilation_family_eq_zero_of_constant_coeff_eq_zero' depends on axioms: [propext,
 Classical.choice,
 Quot.sound]
info: SierpinskiFormal/DilationInitialZero.lean:161:0: 'IndependentZeroBlocks.polynomial_dilation_matrix_zeroBlocks_iff_any_window' depends on axioms: [propext,
 Classical.choice,
 Quot.sound]
info: SierpinskiFormal/DilationInitialZero.lean:162:0: 'IndependentZeroBlocks.polynomial_dilation_family_zeroBlocks_iff_any_window' depends on axioms: [propext,
 Classical.choice,
 Quot.sound]
⚠ [2940/2949] Built SierpinskiFormal.UniversalAuxiliaryField (2.4s)
warning: SierpinskiFormal/UniversalAuxiliaryField.lean:38:2: Try this: 
  letI̵

The goal is a proposition, so `let` is preferred over `letI`.
The difference between `let` and `letI` is that `letI` inlines the value.
But this is not relevant for proofs because of proof irrelevance.

Note: This linter can be disabled with `set_option linter.style.haveILetI false`
warning: SierpinskiFormal/UniversalAuxiliaryField.lean:39:2: Try this: 
  letI̵

The goal is a proposition, so `let` is preferred over `letI`.
The difference between `let` and `letI` is that `letI` inlines the value.
But this is not relevant for proofs because of proof irrelevance.

Note: This linter can be disabled with `set_option linter.style.haveILetI false`
warning: SierpinskiFormal/UniversalAuxiliaryField.lean:41:2: Try this: 
  letI̵

The goal is a proposition, so `let` is preferred over `letI`.
The difference between `let` and `letI` is that `letI` inlines the value.
But this is not relevant for proofs because of proof irrelevance.

Note: This linter can be disabled with `set_option linter.style.haveILetI false`
warning: SierpinskiFormal/UniversalAuxiliaryField.lean:42:2: Try this: 
  letI̵

The goal is a proposition, so `let` is preferred over `letI`.
The difference between `let` and `letI` is that `letI` inlines the value.
But this is not relevant for proofs because of proof irrelevance.

Note: This linter can be disabled with `set_option linter.style.haveILetI false`
warning: SierpinskiFormal/UniversalAuxiliaryField.lean:43:2: Try this: 
  letI̵

The goal is a proposition, so `let` is preferred over `letI`.
The difference between `let` and `letI` is that `letI` inlines the value.
But this is not relevant for proofs because of proof irrelevance.

Note: This linter can be disabled with `set_option linter.style.haveILetI false`
warning: SierpinskiFormal/UniversalAuxiliaryField.lean:46:2: Try this: 
  letI̵

The goal is a proposition, so `let` is preferred over `letI`.
The difference between `let` and `letI` is that `letI` inlines the value.
But this is not relevant for proofs because of proof irrelevance.

Note: This linter can be disabled with `set_option linter.style.haveILetI false`
warning: SierpinskiFormal/UniversalAuxiliaryField.lean:56:2: Try this: 
  letI̵

The goal is a proposition, so `let` is preferred over `letI`.
The difference between `let` and `letI` is that `letI` inlines the value.
But this is not relevant for proofs because of proof irrelevance.

Note: This linter can be disabled with `set_option linter.style.haveILetI false`
warning: SierpinskiFormal/UniversalAuxiliaryField.lean:57:2: Try this: 
  letI̵

The goal is a proposition, so `let` is preferred over `letI`.
The difference between `let` and `letI` is that `letI` inlines the value.
But this is not relevant for proofs because of proof irrelevance.

Note: This linter can be disabled with `set_option linter.style.haveILetI false`
warning: SierpinskiFormal/UniversalAuxiliaryField.lean:58:2: Try this: 
  letI̵

The goal is a proposition, so `let` is preferred over `letI`.
The difference between `let` and `letI` is that `letI` inlines the value.
But this is not relevant for proofs because of proof irrelevance.

Note: This linter can be disabled with `set_option linter.style.haveILetI false`
warning: SierpinskiFormal/UniversalAuxiliaryField.lean:59:2: Try this: 
  letI̵

The goal is a proposition, so `let` is preferred over `letI`.
The difference between `let` and `letI` is that `letI` inlines the value.
But this is not relevant for proofs because of proof irrelevance.

Note: This linter can be disabled with `set_option linter.style.haveILetI false`
warning: SierpinskiFormal/UniversalAuxiliaryField.lean:60:2: Try this: 
  letI̵

The goal is a proposition, so `let` is preferred over `letI`.
The difference between `let` and `letI` is that `letI` inlines the value.
But this is not relevant for proofs because of proof irrelevance.

Note: This linter can be disabled with `set_option linter.style.haveILetI false`
warning: SierpinskiFormal/UniversalAuxiliaryField.lean:91:2: Try this: 
  letI̵

The goal is a proposition, so `let` is preferred over `letI`.
The difference between `let` and `letI` is that `letI` inlines the value.
But this is not relevant for proofs because of proof irrelevance.

Note: This linter can be disabled with `set_option linter.style.haveILetI false`
warning: SierpinskiFormal/UniversalAuxiliaryField.lean:92:2: Try this: 
  letI̵

The goal is a proposition, so `let` is preferred over `letI`.
The difference between `let` and `letI` is that `letI` inlines the value.
But this is not relevant for proofs because of proof irrelevance.

Note: This linter can be disabled with `set_option linter.style.haveILetI false`
warning: SierpinskiFormal/UniversalAuxiliaryField.lean:93:2: Try this: 
  letI̵

The goal is a proposition, so `let` is preferred over `letI`.
The difference between `let` and `letI` is that `letI` inlines the value.
But this is not relevant for proofs because of proof irrelevance.

Note: This linter can be disabled with `set_option linter.style.haveILetI false`
info: SierpinskiFormal/UniversalAuxiliaryField.lean:108:0: 'IndependentZeroBlocks.exists_universal_auxiliary_field_with_powerRoots' depends on axioms: [propext,
 Classical.choice,
 Quot.sound]
info: SierpinskiFormal/UniversalAuxiliaryField.lean:109:0: 'IndependentZeroBlocks.exists_universal_auxiliary_field' depends on axioms: [propext, Classical.choice, Quot.sound]
✔ [2941/2949] Built SierpinskiFormal.UniformDigitGrowth (3.0s)
ℹ [2942/2961] Built SierpinskiFormal.DenominatorShift (1.9s)
info: SierpinskiFormal/DenominatorShift.lean:95:0: 'IndependentZeroBlocks.exists_eq_X_pow_mul_coeff_zero_ne_zero' depends on axioms: [propext,
 Classical.choice,
 Quot.sound]
info: SierpinskiFormal/DenominatorShift.lean:96:0: 'IndependentZeroBlocks.hasArbitrarilyLongZeroBlocks_of_X_pow_mul' depends on axioms: [propext,
 Classical.choice,
 Quot.sound]
info: SierpinskiFormal/DenominatorShift.lean:97:0: 'IndependentZeroBlocks.exists_shift_rationalMultiple_of_denominator' depends on axioms: [propext,
 Classical.choice,
 Quot.sound]
✔ [2943/2961] Built SierpinskiFormal.QuantitativeSynchronization (2.1s)
⚠ [2944/2961] Built SierpinskiFormal.UniversalRational (2.4s)
warning: SierpinskiFormal/UniversalRational.lean:28:2: Try this: 
  letI̵

The goal is a proposition, so `let` is preferred over `letI`.
The difference between `let` and `letI` is that `letI` inlines the value.
But this is not relevant for proofs because of proof irrelevance.

Note: This linter can be disabled with `set_option linter.style.haveILetI false`
warning: SierpinskiFormal/UniversalRational.lean:29:2: Try this: 
  letI̵

The goal is a proposition, so `let` is preferred over `letI`.
The difference between `let` and `letI` is that `letI` inlines the value.
But this is not relevant for proofs because of proof irrelevance.

Note: This linter can be disabled with `set_option linter.style.haveILetI false`
warning: SierpinskiFormal/UniversalRational.lean:30:2: Try this: 
  letI̵

The goal is a proposition, so `let` is preferred over `letI`.
The difference between `let` and `letI` is that `letI` inlines the value.
But this is not relevant for proofs because of proof irrelevance.

Note: This linter can be disabled with `set_option linter.style.haveILetI false`
warning: SierpinskiFormal/UniversalRational.lean:31:2: Try this: 
  letI̵

The goal is a proposition, so `let` is preferred over `letI`.
The difference between `let` and `letI` is that `letI` inlines the value.
But this is not relevant for proofs because of proof irrelevance.

Note: This linter can be disabled with `set_option linter.style.haveILetI false`
✔ [2945/2962] Built SierpinskiFormal.PrefixDilation (2.4s)
✔ [2946/2962] Built SierpinskiFormal.UniformPowerClosure (3.4s)
✔ [2947/2962] Built SierpinskiFormal.SimultaneousRational (2.2s)
✔ [2948/2962] Built SierpinskiFormal.PrefixGapCriterion (2.0s)
✔ [2949/2964] Built SierpinskiFormal.LinearObservationDescent (1.9s)
✔ [2950/2964] Built SierpinskiFormal.RationalSpan (2.1s)
⚠ [2951/2974] Built SierpinskiFormal.PoleCompatibility (2.5s)
warning: SierpinskiFormal/PoleCompatibility.lean:30:30: This simp argument is unused:
  hA0

Hint: Omit it from the simp argument list.
  [apply] simp [Polynomial.coeff_mul, hD0] at heq

Note: This linter can be disabled with `set_option linter.unusedSimpArgs false`
warning: SierpinskiFormal/PoleCompatibility.lean:73:37: This simp argument is unused:
  mul_sub

Hint: Omit it from the simp argument list.
  [apply] simp only [geometricDenominator, sub_mul, one_mul]

Note: This linter can be disabled with `set_option linter.unusedSimpArgs false`
⚠ [2952/2974] Built SierpinskiFormal.FiniteWindowSupport (2.7s)
warning: SierpinskiFormal/FiniteWindowSupport.lean:109:45: This simp argument is unused:
  Nat.mul_comm

Hint: Omit it from the simp argument list.
  [apply] simp

Note: This linter can be disabled with `set_option linter.unusedSimpArgs false`
⚠ [2953/2974] Built SierpinskiFormal.MatrixWindowLift (3.5s)
warning: SierpinskiFormal/MatrixWindowLift.lean:70:15: This simp argument is unused:
  Prod.fst

Hint: Omit it from the simp argument list.
  [apply] simp only [Prod.snd, Polynomial.coeff_coe]

Note: This linter can be disabled with `set_option linter.unusedSimpArgs false`
warning: SierpinskiFormal/MatrixWindowLift.lean:70:25: This simp argument is unused:
  Prod.snd

Hint: Omit it from the simp argument list.
  [apply] simp only [Prod.fst, Polynomial.coeff_coe]

Note: This linter can be disabled with `set_option linter.unusedSimpArgs false`
warning: SierpinskiFormal/MatrixWindowLift.lean:142:22: This simp argument is unused:
  q

Hint: Omit it from the simp argument list.
  [apply] simp [hp.1]

Note: This linter can be disabled with `set_option linter.unusedSimpArgs false`
warning: SierpinskiFormal/MatrixWindowLift.lean:142:25: This simp argument is unused:
  hp.1

Hint: Omit it from the simp argument list.
  [apply] simp [q]

Note: This linter can be disabled with `set_option linter.unusedSimpArgs false`
warning: SierpinskiFormal/MatrixWindowLift.lean:186:12: This simp argument is unused:
  q

Hint: Omit it from the simp argument list.
  [apply] simp [hp.1, hindex, Nat.sub_sub_self hp.1]

Note: This linter can be disabled with `set_option linter.unusedSimpArgs false`
warning: SierpinskiFormal/MatrixWindowLift.lean:186:15: This simp argument is unused:
  hp.1

Hint: Omit it from the simp argument list.
  [apply] simp [q, hindex, Nat.sub_sub_self hp.1]

Note: This linter can be disabled with `set_option linter.unusedSimpArgs false`
warning: SierpinskiFormal/MatrixWindowLift.lean:198:17: This simp argument is unused:
  matrixWindowState

Hint: Omit it from the simp argument list.
  [apply] simp [hts, Nat.not_le.mpr hsn]

Note: This linter can be disabled with `set_option linter.unusedSimpArgs false`
info: SierpinskiFormal/MatrixWindowLift.lean:279:0: 'IndependentZeroBlocks.coeff_polynomial_mul_dilate_eq_window' depends on axioms: [propext, Classical.choice, Quot.sound]
info: SierpinskiFormal/MatrixWindowLift.lean:280:0: 'IndependentZeroBlocks.matrixWindowState_digit_recurrence' depends on axioms: [propext, Classical.choice, Quot.sound]
info: SierpinskiFormal/MatrixWindowLift.lean:281:0: 'IndependentZeroBlocks.polynomialDilationMatrix_exists_windowDigitRecurrence' depends on axioms: [propext,
 Classical.choice,
 Quot.sound]
⚠ [2954/2974] Built SierpinskiFormal.SynchronizationBeyondCompatibility (3.7s)
warning: SierpinskiFormal/SynchronizationBeyondCompatibility.lean:41:67: This simp argument is unused:
  show n ≠ 1 by omega

Hint: Omit it from the simp argument list.
  [apply] simp [separatedPrefixKernel, Polynomial.coeff_X_pow, show n ≠ 0 by omega, Polynomial.coeff_one,
    Polynomial.coeff_X, show 1 ≠ n by omega, show n ≠ 2 by omega, show n ≠ 4 by omega]

Note: This linter can be disabled with `set_option linter.unusedSimpArgs false`
warning: SierpinskiFormal/SynchronizationBeyondCompatibility.lean:71:86: This simp argument is unused:
  Polynomial.coeff_X

Hint: Omit it from the simp argument list.
  [apply] simp [hj1, separatedPrefixKernel, Polynomial.coeff_X_pow, Polynomial.coeff_one]

Note: This linter can be disabled with `set_option linter.unusedSimpArgs false`
warning: SierpinskiFormal/SynchronizationBeyondCompatibility.lean:138:33: This simp argument is unused:
  h0

Hint: Omit it from the simp argument list.
  [apply] simp [Finset.sum_range_succ, h1, h2, h3, separatedPrefixKernel, Polynomial.coeff_X_pow, Polynomial.coeff_one,
    Polynomial.coeff_X]

Note: This linter can be disabled with `set_option linter.unusedSimpArgs false`
warning: SierpinskiFormal/SynchronizationBeyondCompatibility.lean:138:37: This simp argument is unused:
  h1

Hint: Omit it from the simp argument list.
  [apply] simp [Finset.sum_range_succ, h0, h2, h3, separatedPrefixKernel, Polynomial.coeff_X_pow, Polynomial.coeff_one,
    Polynomial.coeff_X]

Note: This linter can be disabled with `set_option linter.unusedSimpArgs false`
warning: SierpinskiFormal/SynchronizationBeyondCompatibility.lean:138:41: This simp argument is unused:
  h2

Hint: Omit it from the simp argument list.
  [apply] simp [Finset.sum_range_succ, h0, h1, h3, separatedPrefixKernel, Polynomial.coeff_X_pow, Polynomial.coeff_one,
    Polynomial.coeff_X]

Note: This linter can be disabled with `set_option linter.unusedSimpArgs false`
warning: SierpinskiFormal/SynchronizationBeyondCompatibility.lean:138:45: This simp argument is unused:
  h3

Hint: Omit it from the simp argument list.
  [apply] simp [Finset.sum_range_succ, h0, h1, h2, separatedPrefixKernel, Polynomial.coeff_X_pow, Polynomial.coeff_one,
    Polynomial.coeff_X]

Note: This linter can be disabled with `set_option linter.unusedSimpArgs false`
✔ [2955/2974] Built SierpinskiFormal.QuantitativeGapExamples (2.5s)
✔ [2956/2975] Built SierpinskiFormal.AffinePredicateDensity (4.5s)
✔ [2957/2975] Built SierpinskiFormal.ExactGrowthGapExamples (2.5s)
✔ [2958/2975] Built SierpinskiFormal.SupportGeometryEquivalence (2.7s)
✔ [2959/2975] Built Mathlib.Combinatorics.Enumerative.InclusionExclusion (3.5s)
✔ [2960/2977] Built Mathlib.Data.Finset.Update (1.5s)
✔ [2961/2977] Built SierpinskiFormal.MissingDigitDensity (2.4s)
✔ [2962/2981] Built Mathlib.Data.Prod.TProd (1.4s)
✔ [2963/2984] Built Mathlib.Tactic.Measurability.Init (515ms)
✔ [2964/2984] Built Mathlib.Tactic.Measurability (786ms)
✔ [2965/2984] Built Mathlib.GroupTheory.GroupAction.IterateAct (796ms)
✔ [2966/2984] Built SierpinskiFormal.MissingDigitClassification (3.0s)
✔ [2967/2988] Built Mathlib.MeasureTheory.MeasurableSpace.Defs (2.8s)
✔ [2968/2988] Built SierpinskiFormal.OptimalUniformClassification (2.6s)
✔ [2969/2988] Built Mathlib.MeasureTheory.MeasurableSpace.Instances (1.0s)
✔ [2970/2988] Built Mathlib.MeasureTheory.MeasurableSpace.Basic (1.9s)
✔ [2971/2995] Built Mathlib.MeasureTheory.OuterMeasure.Defs (1.1s)
⚠ [2972/2995] Built SierpinskiFormal.LinearDigitGeometry (2.4s)
warning: SierpinskiFormal/LinearDigitGeometry.lean:86:4: `push_neg` has been deprecated. Prefer using `push Not` instead.
If you'd rather continue using `push_neg` in your project, you can implement it as follows:
```
open Lean.Parser.Tactic in
macro "push_neg" cfg:optConfig loc:(location)? : tactic =>
  `(tactic| push $cfg:optConfig Not $[$loc]?)
```
✔ [2973/2995] Built Mathlib.Order.SetDissipate (1.2s)
✔ [2974/2995] Built Mathlib.MeasureTheory.MeasurableSpace.Constructions (4.0s)
✔ [2975/2995] Built Mathlib.MeasureTheory.OuterMeasure.Basic (2.2s)
⚠ [2976/2995] Built SierpinskiFormal.MatrixSparseGeometry (2.4s)
warning: SierpinskiFormal/MatrixSparseGeometry.lean:29:6: `push_neg` has been deprecated. Prefer using `push Not` instead.
If you'd rather continue using `push_neg` in your project, you can implement it as follows:
```
open Lean.Parser.Tactic in
macro "push_neg" cfg:optConfig loc:(location)? : tactic =>
  `(tactic| push $cfg:optConfig Not $[$loc]?)
```
✔ [2977/2995] Built SierpinskiFormal.ObservableSpan (2.6s)
✔ [2978/2995] Built Mathlib.MeasureTheory.PiSystem (3.7s)
✔ [2979/2995] Built Mathlib.MeasureTheory.OuterMeasure.AE (3.2s)
✔ [2980/2995] Built SierpinskiFormal.MatrixCertificateTransfer (2.1s)
✔ [2981/2995] Built Mathlib.MeasureTheory.OuterMeasure.Operations (2.7s)
✔ [2982/2995] Built SierpinskiFormal.ObservableNoetherian (2.7s)
⚠ [2983/2995] Built SierpinskiFormal.ScalarObservationGeometry (2.6s)
warning: SierpinskiFormal/ScalarObservationGeometry.lean:55:6: `push_neg` has been deprecated. Prefer using `push Not` instead.
If you'd rather continue using `push_neg` in your project, you can implement it as follows:
```
open Lean.Parser.Tactic in
macro "push_neg" cfg:optConfig loc:(location)? : tactic =>
  `(tactic| push $cfg:optConfig Not $[$loc]?)
```
warning: SierpinskiFormal/ScalarObservationGeometry.lean:184:6: `push_neg` has been deprecated. Prefer using `push Not` instead.
If you'd rather continue using `push_neg` in your project, you can implement it as follows:
```
open Lean.Parser.Tactic in
macro "push_neg" cfg:optConfig loc:(location)? : tactic =>
  `(tactic| push $cfg:optConfig Not $[$loc]?)
```
✔ [2984/2995] Built SierpinskiFormal.ObservationCertificate (2.6s)
✔ [2985/2996] Built Mathlib.MeasureTheory.OuterMeasure.OfFunction (3.2s)
✔ [2986/2996] Built SierpinskiFormal.ObservationClassification (2.2s)
✔ [2987/2997] Built Mathlib.MeasureTheory.OuterMeasure.Caratheodory (2.4s)
✔ [2988/2997] Built SierpinskiFormal.CommRingObservationGeometry (2.7s)
✔ [2989/2997] Built Mathlib.MeasureTheory.MeasurableSpace.Embedding (5.3s)
✔ [2990/2998] Built Mathlib.MeasureTheory.OuterMeasure.Induced (3.7s)
✔ [2991/3000] Built Mathlib.MeasureTheory.MeasurableSpace.MeasurablyGenerated (1.0s)
⚠ [2992/3000] Built SierpinskiFormal.NoetherianStaircase (3.4s)
warning: SierpinskiFormal/NoetherianStaircase.lean:188:2: Try this: 
  letI̵

The goal is a proposition, so `let` is preferred over `letI`.
The difference between `let` and `letI` is that `letI` inlines the value.
But this is not relevant for proofs because of proof irrelevance.

Note: This linter can be disabled with `set_option linter.style.haveILetI false`
warning: SierpinskiFormal/NoetherianStaircase.lean:232:2: Try this: 
  letI̵

The goal is a proposition, so `let` is preferred over `letI`.
The difference between `let` and `letI` is that `letI` inlines the value.
But this is not relevant for proofs because of proof irrelevance.

Note: This linter can be disabled with `set_option linter.style.haveILetI false`
✔ [2993/3011] Built Mathlib.MeasureTheory.Measure.MeasureSpaceDef (3.4s)
✔ [2994/3011] Built Mathlib.MeasureTheory.MeasurableSpace.EventuallyMeasurable (909ms)
✔ [2995/3011] Built Mathlib.MeasureTheory.Measure.AEDisjoint (1.9s)
⚠ [2996/3011] Built SierpinskiFormal.BooleanDoubleLimit (2.8s)
warning: SierpinskiFormal/BooleanDoubleLimit.lean:185:6: Unused tactic linter: `change f (x i) (y j) = 1` does nothing

Note: This linter can be disabled with `set_option linter.unusedTactic false`
warning: SierpinskiFormal/BooleanDoubleLimit.lean:199:6: Unused tactic linter: `change f (x j) (y i) = 0` does nothing

Note: This linter can be disabled with `set_option linter.unusedTactic false`
✔ [2997/3011] Built Mathlib.MeasureTheory.Function.AEMeasurableSequence (1.7s)
✔ [2998/3011] Built Mathlib.Order.Interval.Set.Monotone (1.4s)
✔ [2999/3012] Built Mathlib.MeasureTheory.OuterMeasure.BorelCantelli (1.5s)
✔ [3000/3016] Built Mathlib.MeasureTheory.Measure.NullMeasurable (2.8s)
✔ [3001/3016] Built Mathlib.Data.Set.MemPartition (1.3s)
✔ [3002/3016] Built SierpinskiFormal.BooleanDoubleLimitClosure (2.9s)
✔ [3003/3017] Built Mathlib.Order.Filter.CountableSeparatingOn (1.3s)
✔ [3004/3022] Built Mathlib.MeasureTheory.MeasurableSpace.CountablyGenerated (3.4s)
✔ [3005/3022] Built Mathlib.Topology.Separation.GDelta (1.6s)
✔ [3006/3024] Built Mathlib.Topology.GDelta.MetrizableSpace (1.2s)
✔ [3007/3032] Built Mathlib.MeasureTheory.Measure.MeasureSpace (9.0s)
✔ [3008/3032] Built Mathlib.MeasureTheory.MeasurableSpace.Prod (1.2s)
✔ [3009/3032] Built Mathlib.Topology.Metrizable.Real (971ms)
✔ [3010/3039] Built Mathlib.MeasureTheory.Measure.Map (2.5s)
✔ [3011/3039] Built Mathlib.Topology.IndicatorConstPointwise (1.5s)
✔ [3012/3041] Built Mathlib.MeasureTheory.Group.Defs (1.5s)
✔ [3013/3042] Built Mathlib.MeasureTheory.Measure.AbsolutelyContinuous (2.0s)
✔ [3014/3042] Built Mathlib.Topology.Perfect (1.5s)
✔ [3015/3047] Built Mathlib.MeasureTheory.Measure.QuasiMeasurePreserving (2.2s)
✔ [3016/3047] Built Mathlib.MeasureTheory.Measure.Comap (2.5s)
✔ [3017/3049] Built Mathlib.Topology.MetricSpace.PiNat (7.9s)
✔ [3018/3049] Built Mathlib.Topology.MetricSpace.Gluing (4.2s)
✔ [3019/3049] Built Mathlib.Topology.MetricSpace.CantorScheme (1.7s)
✔ [3020/3051] Built Mathlib.Topology.Separation.CountableSeparatingOn (1.0s)
✔ [3021/3051] Built Mathlib.Topology.Metrizable.CompletelyMetrizable (2.3s)
✔ [3022/3054] Built Mathlib.Topology.MetricSpace.Polish (2.5s)
✔ [3023/3059] Built Mathlib.MeasureTheory.Measure.Restrict (7.8s)
✔ [3024/3059] Built Mathlib.Topology.MetricSpace.Perfect (1.7s)
✔ [3025/3059] Built Mathlib.MeasureTheory.Measure.MutuallySingular (2.6s)
✔ [3026/3059] Built Mathlib.MeasureTheory.Measure.Typeclasses.NullSingletonClass (1.6s)
✔ [3027/3062] Built Mathlib.SetTheory.Cardinal.ENNReal (1.0s)
✔ [3028/3063] Built Mathlib.MeasureTheory.Measure.Doubling (2.3s)
✔ [3029/3064] Built Mathlib.MeasureTheory.Measure.Typeclasses.Finite (4.2s)
✔ [3030/3064] Built Mathlib.MeasureTheory.Measure.Typeclasses.Probability (2.2s)
✔ [3031/3064] Built Mathlib.GroupTheory.Complement (6.8s)
✔ [3032/3068] Built Mathlib.MeasureTheory.Measure.Typeclasses.SFinite (4.7s)
✔ [3033/3068] Built Mathlib.Dynamics.Minimal (1.3s)
✔ [3034/3075] Built Mathlib.MeasureTheory.Measure.Decomposition.Exhaustion (2.5s)
✔ [3035/3075] Built Mathlib.MeasureTheory.Measure.Dirac (3.4s)
✔ [3036/3075] Built Mathlib.MeasureTheory.Measure.Trim (1.8s)
✔ [3037/3075] Built Mathlib.MeasureTheory.Measure.Count (1.9s)
✔ [3038/3078] Built Mathlib.Topology.ContinuousMap.CocompactMap (1.4s)
✔ [3039/3078] Built Mathlib.MeasureTheory.Measure.AEMeasurable (2.0s)
✔ [3040/3078] Built Mathlib.Analysis.SpecialFunctions.Pow.Asymptotics (3.9s)
✔ [3041/3078] Built Mathlib.Dynamics.Ergodic.MeasurePreserving (2.5s)
✔ [3042/3078] Built Mathlib.MeasureTheory.Order.Lattice (1.8s)
✔ [3043/3078] Built Mathlib.MeasureTheory.Group.Arithmetic (6.8s)
✔ [3044/3078] Built Mathlib.MeasureTheory.Group.Pointwise (1.6s)
✔ [3045/3078] Built Mathlib.Analysis.SpecialFunctions.Pow.Continuity (6.1s)
✔ [3046/3079] Built Mathlib.MeasureTheory.Group.MeasurableEquiv (4.1s)
✔ [3047/3083] Built Mathlib.MeasureTheory.Constructions.BorelSpace.Basic (4.7s)
✔ [3048/3083] Built Mathlib.Order.Filter.Germ.Basic (5.4s)
✔ [3049/3083] Built Mathlib.MeasureTheory.Constructions.BorelSpace.Order (9.0s)
✔ [3050/3083] Built Mathlib.MeasureTheory.Measure.OpenPos (2.5s)
✔ [3051/3083] Built Mathlib.MeasureTheory.Measure.Regular (6.6s)
✔ [3052/3083] Built Mathlib.Topology.Compactness.CompactlyCoherentSpace (1.6s)
✔ [3053/3083] Built Mathlib.MeasureTheory.Constructions.BorelSpace.Metric (2.1s)
✔ [3054/3083] Built Mathlib.MeasureTheory.Constructions.BorelSpace.Real (4.1s)
✔ [3055/3084] Built Mathlib.MeasureTheory.Group.Action (4.5s)
✔ [3056/3084] Built Mathlib.MeasureTheory.Function.SimpleFunc (10s)
✔ [3057/3084] Built Mathlib.Topology.UniformSpace.CompactConvergence (3.2s)
✔ [3058/3084] Built Mathlib.MeasureTheory.Constructions.BorelSpace.Metrizable (2.0s)
✔ [3059/3085] Built Mathlib.Order.Filter.ENNReal (2.7s)
✔ [3060/3085] Built Mathlib.MeasureTheory.Integral.Lebesgue.Basic (5.8s)
✔ [3061/3085] Built Mathlib.MeasureTheory.Function.SimpleFuncDense (2.7s)
✔ [3062/3085] Built Mathlib.Topology.ContinuousMap.Algebra (8.4s)
✔ [3063/3090] Built Mathlib.Probability.ConditionalProbability (3.5s)
✔ [3064/3090] Built Mathlib.MeasureTheory.Constructions.Polish.Basic (5.8s)
✔ [3065/3090] Built Mathlib.MeasureTheory.Integral.Lebesgue.Norm (1.4s)
✔ [3066/3090] Built Mathlib.MeasureTheory.Integral.Lebesgue.Add (4.6s)
✔ [3067/3094] Built Mathlib.MeasureTheory.MeasurableSpace.Pi (1.4s)
✔ [3068/3094] Built Mathlib.MeasureTheory.Integral.Lebesgue.Map (2.1s)
✔ [3069/3094] Built Mathlib.MeasureTheory.Integral.Lebesgue.Sub (2.4s)
✔ [3070/3094] Built Mathlib.MeasureTheory.Function.StronglyMeasurable.Basic (8.3s)
✔ [3071/3094] Built Mathlib.MeasureTheory.Integral.Lebesgue.Markov (1.0s)
✔ [3072/3094] Built Mathlib.MeasureTheory.Constructions.BorelSpace.Complex (1.4s)
✔ [3073/3096] Built Mathlib.MeasureTheory.Function.Egorov (2.4s)
✔ [3074/3096] Built Mathlib.MeasureTheory.Integral.Lebesgue.Countable (3.6s)
✔ [3075/3096] Built Mathlib.MeasureTheory.Function.StronglyMeasurable.AEStronglyMeasurable (6.4s)
✔ [3076/3096] Built Mathlib.MeasureTheory.Integral.Lebesgue.DominatedConvergence (2.1s)
✔ [3077/3098] Built Mathlib.MeasureTheory.Function.SpecialFunctions.Basic (2.3s)
✔ [3078/3098] Built Mathlib.Analysis.Normed.Group.Indicator (1.3s)
✔ [3079/3098] Built Mathlib.MeasureTheory.Measure.GiryMonad (2.5s)
✔ [3080/3109] Built Mathlib.MeasureTheory.Function.AEEqFun (7.2s)
✔ [3081/3109] Built Mathlib.Order.Monotone.Monovary (2.1s)
✔ [3082/3110] Built Mathlib.MeasureTheory.Measure.Prod (8.9s)
✔ [3083/3110] Built Mathlib.Algebra.Order.Monovary (5.2s)
✔ [3084/3110] Built Mathlib.MeasureTheory.Group.Convolution (2.8s)
✔ [3085/3111] Built Mathlib.MeasureTheory.Group.Measure (7.7s)
✔ [3086/3112] Built Mathlib.Analysis.Convex.Mul (7.3s)
✔ [3087/3112] Built Mathlib.Analysis.Normed.Operator.BoundedLinearMaps (9.8s)
✔ [3088/3112] Built Mathlib.MeasureTheory.Group.LIntegral (2.2s)
✔ [3089/3112] Built Mathlib.MeasureTheory.Constructions.Pi (7.1s)
✔ [3090/3113] Built Mathlib.MeasureTheory.Group.Prod (5.1s)
✔ [3091/3113] Built Mathlib.RingTheory.Finiteness.Cofinite (1.6s)
✔ [3092/3114] Built Mathlib.Topology.Algebra.Module.Determinant (1.6s)
✔ [3093/3114] Built Mathlib.Probability.UniformOn (3.1s)
✔ [3094/3114] Built Mathlib.Analysis.MeanInequalitiesPow (5.4s)
✔ [3095/3114] Built Mathlib.Analysis.LConvolution (2.8s)
✔ [3096/3115] Built Mathlib.Topology.Algebra.Module.Simple (1.6s)
✔ [3097/3115] Built Mathlib.Topology.Algebra.Module.ModuleTopology (4.3s)
✔ [3098/3115] Built Mathlib.MeasureTheory.Function.EssSup (3.5s)
✔ [3099/3117] Built Mathlib.MeasureTheory.Integral.MeanInequalities (4.0s)
✔ [3100/3118] Built Mathlib.MeasureTheory.Measure.WithDensity (6.9s)
✔ [3101/3118] Built Mathlib.Topology.Algebra.Module.ContinuousLinearMap.Idempotent (5.1s)
✔ [3102/3118] Built Mathlib.MeasureTheory.Function.LpSeminorm.Defs (1.9s)
✔ [3103/3118] Built Mathlib.Topology.Algebra.Module.ContinuousLinearMap.Quotient (1.6s)
✔ [3104/3123] Built Mathlib.Topology.Algebra.SeparationQuotient.FiniteDimensional (1.2s)
✔ [3105/3123] Built Mathlib.MeasureTheory.Function.L1Space.HasFiniteIntegral (4.8s)
✔ [3106/3123] Built Mathlib.Topology.Algebra.Module.Complement (6.1s)
✔ [3107/3124] Built Mathlib.MeasureTheory.Function.LpSeminorm.Basic (10s)
✔ [3108/3128] Built Mathlib.Topology.Homeomorph.Quotient (1.0s)
✔ [3109/3128] Built Mathlib.MeasureTheory.Function.LpSeminorm.TriangleInequality (2.6s)
✔ [3110/3128] Built Mathlib.MeasureTheory.Function.LpSeminorm.Monotonicity (3.5s)
✔ [3111/3128] Built Mathlib.MeasureTheory.Function.LpSeminorm.Indicator (3.0s)
✔ [3112/3128] Built Mathlib.MeasureTheory.Function.LpSeminorm.ChebyshevMarkov (2.1s)
✔ [3113/3128] Built Mathlib.Topology.Maps.Strict.Basic (1.5s)
✔ [3114/3128] Built Mathlib.Order.Filter.IndicatorFunction (1.5s)
✔ [3115/3128] Built Mathlib.MeasureTheory.Measure.Real (3.8s)
✔ [3116/3128] Built Mathlib.MeasureTheory.Function.LpSeminorm.SMul (2.8s)
✔ [3117/3129] Built Mathlib.MeasureTheory.Function.LpSeminorm.CompareExp (5.7s)
✔ [3118/3129] Built Mathlib.Topology.Algebra.Module.FiniteDimension (13s)
✔ [3119/3129] Built Mathlib.MeasureTheory.Constructions.Polish.StronglyMeasurable (3.0s)
✔ [3120/3136] Built Mathlib.MeasureTheory.Function.StronglyMeasurable.Lemmas (2.9s)
✔ [3121/3138] Built Mathlib.MeasureTheory.Function.LpSpace.Basic (17s)
✔ [3122/3138] Built Mathlib.Analysis.Normed.Operator.Extend (8.4s)
✔ [3123/3138] Built Mathlib.MeasureTheory.Function.LpSpace.Indicator (4.2s)
✔ [3124/3138] Built Mathlib.MeasureTheory.Function.LpSpace.Complete (3.0s)
✔ [3125/3139] Built Mathlib.Analysis.Normed.Group.Lemmas (1.5s)
✔ [3126/3139] Built Mathlib.Analysis.Asymptotics.AsymptoticEquivalent (4.4s)
✔ [3127/3143] Built Mathlib.Analysis.Normed.Group.AddTorsor (2.6s)
✔ [3128/3145] Built Mathlib.MeasureTheory.Function.ConvergenceInMeasure (4.2s)
✔ [3129/3146] Built Mathlib.MeasureTheory.Function.LpOrder (2.3s)
✔ [3130/3149] Built Mathlib.Analysis.Normed.Module.RCLike.Basic (2.8s)
✔ [3131/3149] Built Mathlib.Topology.Algebra.ContinuousAffineMap (9.2s)
✔ [3132/3149] Built Mathlib.Topology.Instances.Matrix (3.9s)
✔ [3133/3149] Built Mathlib.Analysis.Normed.Module.RieszLemma (2.5s)
✔ [3134/3149] Built Mathlib.LinearAlgebra.Dimension.LinearMap (2.2s)
✔ [3135/3150] Built Mathlib.MeasureTheory.Function.L1Space.Integrable (12s)
✔ [3136/3150] Built Mathlib.MeasureTheory.Function.L1Space.AEEqFun (3.6s)
✔ [3137/3150] Built Mathlib.Topology.Algebra.ContinuousAffineEquiv (5.4s)
✔ [3138/3150] Built Mathlib.Algebra.Module.MinimalAxioms (933ms)
✔ [3139/3150] Built Mathlib.MeasureTheory.Integral.IntegrableOn (7.0s)
✔ [3140/3154] Built Mathlib.Topology.Algebra.AffineSubspace (1.9s)
✔ [3141/3154] Built Mathlib.MeasureTheory.Function.SimpleFuncDenseLp (11s)
✔ [3142/3154] Built Mathlib.MeasureTheory.Function.LocallyIntegrable (7.4s)
✔ [3143/3157] Built Mathlib.Topology.Algebra.Indicator (1.1s)
✔ [3144/3157] Built Mathlib.Topology.Bornology.BoundedOperation (2.4s)
✔ [3145/3159] Built Mathlib.Analysis.Normed.Affine.Isometry (12s)
✔ [3146/3159] Built Mathlib.MeasureTheory.Integral.FinMeasAdditive (8.8s)
✔ [3147/3159] Built Mathlib.Topology.ContinuousMap.Star (2.2s)
✔ [3148/3159] Built Mathlib.Topology.ContinuousMap.Bounded.Basic (7.5s)
✔ [3149/3160] Built Mathlib.Analysis.Normed.Module.FiniteDimension (10s)
✔ [3150/3160] Built Mathlib.Topology.MetricSpace.ThickenedIndicator (3.6s)
✔ [3151/3161] Built Mathlib.Topology.ContinuousMap.Bounded.Normed (10s)
✔ [3152/3164] Built Mathlib.Algebra.Order.Module.PositiveLinearMap (2.3s)
✔ [3153/3164] Built Mathlib.Topology.ContinuousMap.Bounded.Star (2.4s)
✔ [3154/3164] Built Mathlib.Topology.Algebra.Order.Support (1.3s)
✔ [3155/3164] Built Mathlib.MeasureTheory.Integral.SetToL1 (28s)
✔ [3156/3165] Built Mathlib.Topology.ContinuousMap.ZeroAtInfty (7.2s)
✔ [3157/3165] Built Mathlib.Topology.ContinuousMap.Compact (6.3s)
✔ [3158/3165] Built Mathlib.MeasureTheory.Integral.Bochner.L1 (11s)
✔ [3159/3166] Built Mathlib.Topology.ContinuousMap.CompactlySupported (9.9s)
✔ [3160/3167] Built Mathlib.MeasureTheory.Measure.Content (4.0s)
✔ [3161/3167] Built Mathlib.Topology.Compactness.Paracompact (2.1s)
✔ [3162/3168] Built Mathlib.Topology.ShrinkingLemma (2.4s)
✔ [3163/3174] Built Mathlib.Analysis.Normed.Affine.AddTorsor (4.1s)
✔ [3164/3176] Built Mathlib.LinearAlgebra.AffineSpace.Slope (2.8s)
✔ [3165/3176] Built Mathlib.MeasureTheory.Integral.Bochner.Basic (14s)
✔ [3166/3176] Built Mathlib.Topology.ContinuousMap.Ordered (1.4s)
✔ [3167/3176] Built Mathlib.Order.Interval.Set.Union (1.1s)
✔ [3168/3176] Built Mathlib.MeasureTheory.Integral.CompactlySupported (2.4s)
✔ [3169/3176] Built Mathlib.LinearAlgebra.AffineSpace.Ordered (4.9s)
✔ [3170/3177] Built Mathlib.MeasureTheory.Integral.Bochner.SumMeasure (2.0s)
✔ [3171/3177] Built Mathlib.Topology.UrysohnsLemma (3.0s)
✔ [3172/3178] Built Mathlib.Algebra.Central.Defs (996ms)
✔ [3173/3178] Built Mathlib.Topology.PartitionOfUnity (4.7s)
✔ [3174/3178] Built Mathlib.Algebra.Central.Basic (1.9s)
✔ [3175/3178] Built Mathlib.MeasureTheory.Integral.Bochner.Set (11s)
✔ [3176/3183] Built Mathlib.MeasureTheory.Integral.RieszMarkovKakutani.Basic (3.8s)
✔ [3177/3187] Built Mathlib.Algebra.Group.Submonoid.Support (2.1s)
✔ [3178/3187] Built Mathlib.Geometry.Convex.Cone.Basic (6.9s)
✔ [3179/3189] Built Mathlib.MeasureTheory.Integral.RieszMarkovKakutani.Real (9.2s)
✔ [3180/3189] Built Mathlib.Analysis.Convex.Gauge (7.5s)
✔ [3181/3189] Built Mathlib.Analysis.RCLike.Extend (4.9s)
✔ [3182/3190] Built Mathlib.Geometry.Convex.Cone.Pointed (4.2s)
✔ [3183/3191] Built Mathlib.Analysis.Convex.Cone.Extension (2.6s)
✔ [3184/3191] Built Mathlib.Topology.ContinuousMap.ContinuousMapZero (7.1s)
✔ [3185/3193] Built Mathlib.LinearAlgebra.Matrix.Diagonal (2.1s)
✔ [3186/3193] Built Mathlib.MeasureTheory.Integral.Marginal (2.0s)
✔ [3187/3193] Built Mathlib.Topology.Order.LeftRightLim (4.2s)
✔ [3188/3195] Built Mathlib.Analysis.LocallyConvex.Separation (7.6s)
✔ [3189/3195] Built Mathlib.MeasureTheory.Measure.Stieltjes (7.0s)
✔ [3190/3195] Built Mathlib.Topology.Algebra.Group.Compact (1.3s)
✔ [3191/3195] Built Mathlib.Analysis.LocallyConvex.SeparatingDual (6.5s)
✔ [3192/3198] Built Mathlib.Analysis.Normed.Operator.CompleteCodomain (3.0s)
✔ [3193/3198] Built Mathlib.MeasureTheory.Measure.Haar.Basic (6.1s)
✔ [3194/3204] Built Mathlib.MeasureTheory.Integral.Bochner.ContinuousLinearMap (7.7s)
✔ [3195/3208] Built Mathlib.Topology.Baire.CompleteMetrizable (1.8s)
✔ [3196/3208] Built Mathlib.Analysis.InnerProductSpace.Defs (7.1s)
✔ [3197/3210] Built Mathlib.LinearAlgebra.SesquilinearForm.Orthogonal (2.1s)
✔ [3198/3210] Built Mathlib.Topology.Algebra.Module.ClosedSubmodule (5.1s)
✔ [3199/3211] Built Mathlib.Analysis.Normed.Operator.Banach (13s)
✔ [3200/3215] Built Mathlib.Analysis.RCLike.Lemmas (3.1s)
✔ [3201/3215] Built Mathlib.Analysis.InnerProductSpace.Basic (11s)
✔ [3202/3217] Built Mathlib.Algebra.DirectSum.Decomposition (3.4s)
✔ [3203/3217] Built Mathlib.Analysis.Normed.Lp.Matrix (3.5s)
✔ [3204/3221] Built Mathlib.Analysis.InnerProductSpace.Continuous (2.7s)
✔ [3205/3221] Built Mathlib.Data.Matrix.Reflection (2.1s)
✔ [3206/3223] Built Mathlib.Analysis.InnerProductSpace.Projection.Minimal (4.8s)
✔ [3207/3223] Built Mathlib.Util.Superscript (2.2s)
✔ [3208/3224] Built Mathlib.LinearAlgebra.UnitaryGroup (4.6s)
✔ [3209/3226] Built Mathlib.MeasureTheory.Topology (1.4s)
✔ [3210/3230] Built Mathlib.Topology.Algebra.IsUniformGroup.Order (1.3s)
✔ [3211/3230] Built Mathlib.Analysis.InnerProductSpace.LinearMap (11s)
✔ [3212/3231] Built Mathlib.Topology.Algebra.Module.Spaces.WeakBilin (2.0s)
✔ [3213/3231] Built Mathlib.Analysis.InnerProductSpace.Orthonormal (5.6s)
✔ [3214/3231] Built Mathlib.Analysis.LocallyConvex.Polar (4.1s)
✔ [3215/3234] Built Mathlib.Topology.Algebra.Module.Spaces.WeakDual (3.9s)
✔ [3216/3235] Built Mathlib.Analysis.InnerProductSpace.Subspace (3.0s)
✔ [3217/3239] Built Mathlib.Analysis.Convex.TotallyBounded (1.4s)
✔ [3218/3239] Built Mathlib.Analysis.LocallyConvex.WeakSpace (3.8s)
✔ [3219/3240] Built Mathlib.Analysis.LocallyConvex.WeakDual (4.2s)
✔ [3220/3240] Built Mathlib.Analysis.InnerProductSpace.Orthogonal (8.3s)
✔ [3221/3240] Built Mathlib.Analysis.LocallyConvex.AbsConvex (3.7s)
✔ [3222/3240] Built SierpinskiFormal.KreinWeakHullReduction (2.3s)
✔ [3223/3244] Built Mathlib.Analysis.Normed.Module.RCLike.Extend (4.4s)
✔ [3224/3244] Built Mathlib.Analysis.Normed.Operator.Completeness (2.8s)
✔ [3225/3244] Built Mathlib.Analysis.LocallyConvex.AbsConvexOpen (2.6s)
✔ [3226/3244] Built Mathlib.Analysis.InnerProductSpace.Symmetric (5.3s)
✔ [3227/3244] Built Mathlib.Analysis.LocallyConvex.Barrelled (2.5s)
✔ [3228/3244] Built Mathlib.Analysis.LocallyConvex.HahnBanach (3.0s)
✔ [3229/3244] Built Mathlib.Analysis.Normed.Operator.BanachSteinhaus (1.8s)
✔ [3230/3249] Built Mathlib.Analysis.Normed.Module.HahnBanach (3.0s)
✔ [3231/3249] Built Mathlib.Analysis.Normed.Module.Dual (3.8s)
✔ [3232/3253] Built Mathlib.Dynamics.BirkhoffSum.Basic (1.2s)
✔ [3233/3253] Built Mathlib.Analysis.InnerProductSpace.Projection.Basic (12s)
✔ [3234/3253] Built Mathlib.Dynamics.BirkhoffSum.Average (1.4s)
✔ [3235/3253] Built Mathlib.Control.Traversable.Instances (1.8s)
✔ [3236/3253] Built Mathlib.Analysis.Normed.Module.WeakDual (9.1s)
✔ [3237/3253] Built Mathlib.Analysis.InnerProductSpace.Projection.Submodule (4.7s)
✔ [3238/3253] Built Mathlib.Dynamics.BirkhoffSum.NormedSpace (2.0s)
✔ [3239/3253] Built Mathlib.Order.Filter.ListTraverse (1.2s)
✔ [3240/3253] Built Mathlib.Analysis.InnerProductSpace.Projection.Reflection (3.9s)
✔ [3241/3254] Built Mathlib.Topology.List (2.1s)
✔ [3242/3256] Built Mathlib.Analysis.InnerProductSpace.MeanErgodic (2.9s)
✔ [3243/3259] Built SierpinskiFormal.BooleanFilterLimit (2.0s)
⚠ [3244/3259] Built SierpinskiFormal.WeakMeanErgodic (3.9s)
warning: SierpinskiFormal/WeakMeanErgodic.lean:28:4: `isClosed_setOf_tendsto_birkhoffAverage` has been deprecated: Use `isClosed_setOfPred_tendsto_birkhoffAverage` instead
warning: SierpinskiFormal/WeakMeanErgodic.lean:54:40: This simp argument is unused:
  hs

Hint: Omit it from the simp argument list.
  [apply] simp [birkhoffAverage, birkhoffSum, Finset.sum_add_distrib, smul_add, smul_sub]

Note: This linter can be disabled with `set_option linter.unusedSimpArgs false`
warning: SierpinskiFormal/WeakMeanErgodic.lean:54:44: This simp argument is unused:
  Finset.sum_add_distrib

Hint: Omit it from the simp argument list.
  [apply] simp [birkhoffAverage, birkhoffSum, hs, smul_add, smul_sub]

Note: This linter can be disabled with `set_option linter.unusedSimpArgs false`
warning: SierpinskiFormal/WeakMeanErgodic.lean:54:68: This simp argument is unused:
  smul_add

Hint: Omit it from the simp argument list.
  [apply] simp [birkhoffAverage, birkhoffSum, hs, Finset.sum_add_distrib, smul_sub]

Note: This linter can be disabled with `set_option linter.unusedSimpArgs false`
warning: SierpinskiFormal/WeakMeanErgodic.lean:103:11: `NormedSpace.eq_iff_forall_dual_eq` has been deprecated: Use `SeparatingDual.eq_iff_forall_dual_eq` instead

Note: The updated constant has a different type:
  ∀ {R : Type u_1} {V : Type u_2} [inst : Ring R] [inst_1 : AddCommGroup V] [inst_2 : TopologicalSpace V]
    [inst_3 : TopologicalSpace R] [inst_4 : Module R V] [SeparatingDual R V] {x y : V},
    x = y ↔ ∀ (g : StrongDual R V), g x = g y
instead of
  ∀ (𝕜 : Type u_1) [inst : RCLike 𝕜] {E : Type u_2} [inst_1 : NormedAddCommGroup E] [inst_2 : NormedSpace 𝕜 E]
    {x y : E}, x = y ↔ ∀ (g : StrongDual 𝕜 E), g x = g y

Note: The updated constant is in a different namespace. Dot notation may need to be changed (e.g., from `x.eq_iff_forall_dual_eq` to `SeparatingDual.eq_iff_forall_dual_eq x`).
warning: SierpinskiFormal/WeakMeanErgodic.lean:115:13: `NormedSpace.eq_iff_forall_dual_eq` has been deprecated: Use `SeparatingDual.eq_iff_forall_dual_eq` instead

Note: The updated constant has a different type:
  ∀ {R : Type u_1} {V : Type u_2} [inst : Ring R] [inst_1 : AddCommGroup V] [inst_2 : TopologicalSpace V]
    [inst_3 : TopologicalSpace R] [inst_4 : Module R V] [SeparatingDual R V] {x y : V},
    x = y ↔ ∀ (g : StrongDual R V), g x = g y
instead of
  ∀ (𝕜 : Type u_1) [inst : RCLike 𝕜] {E : Type u_2} [inst_1 : NormedAddCommGroup E] [inst_2 : NormedSpace 𝕜 E]
    {x y : E}, x = y ↔ ∀ (g : StrongDual 𝕜 E), g x = g y

Note: The updated constant is in a different namespace. Dot notation may need to be changed (e.g., from `x.eq_iff_forall_dual_eq` to `SeparatingDual.eq_iff_forall_dual_eq x`).
warning: SierpinskiFormal/WeakMeanErgodic.lean:148:2: Try this: 
  haveI̵

The goal is a proposition, so `have` is preferred over `haveI`.
The difference between `have` and `haveI` is that `haveI` inlines the value.
But this is not relevant for proofs because of proof irrelevance.

Note: This linter can be disabled with `set_option linter.style.haveILetI false`
✔ [3245/3259] Built Mathlib.Analysis.InnerProductSpace.Projection.FiniteDimensional (7.4s)
✔ [3246/3264] Built SierpinskiFormal.DenseSequentialExtension (1.2s)
✔ [3247/3264] Built Mathlib.Topology.Compactification.StoneCech (1.9s)
✔ [3248/3264] Built SierpinskiFormal.IidCompactWordAverages (3.3s)
✔ [3249/3264] Built SierpinskiFormal.BooleanUltrafilterExtension (2.6s)
⚠ [3250/3268] Built SierpinskiFormal.CommutingConvexAverages (3.0s)
warning: SierpinskiFormal/CommutingConvexAverages.lean:67:15: `ContinuousLinearMap.add_apply` has been deprecated: Use `add_apply` instead

Note: The updated constant is in a different namespace. Dot notation may need to be changed (e.g., from `x.add_apply` to `add_apply x`).
warning: SierpinskiFormal/CommutingConvexAverages.lean:67:46: `ContinuousLinearMap.smul_apply` has been deprecated: Use `smul_apply` instead

Note: The updated constant is in a different namespace. Dot notation may need to be changed (e.g., from `x.smul_apply` to `smul_apply x`).
warning: SierpinskiFormal/CommutingConvexAverages.lean:77:15: `ContinuousLinearMap.add_apply` has been deprecated: Use `add_apply` instead

Note: The updated constant is in a different namespace. Dot notation may need to be changed (e.g., from `x.add_apply` to `add_apply x`).
warning: SierpinskiFormal/CommutingConvexAverages.lean:77:46: `ContinuousLinearMap.smul_apply` has been deprecated: Use `smul_apply` instead

Note: The updated constant is in a different namespace. Dot notation may need to be changed (e.g., from `x.smul_apply` to `smul_apply x`).
⚠ [3251/3268] Built SierpinskiFormal.BooleanRowCompactness (2.7s)
warning: SierpinskiFormal/BooleanRowCompactness.lean:33:2: Try this: 
  letI̵

The goal is a proposition, so `let` is preferred over `letI`.
The difference between `let` and `letI` is that `letI` inlines the value.
But this is not relevant for proofs because of proof irrelevance.

Note: This linter can be disabled with `set_option linter.style.haveILetI false`
warning: SierpinskiFormal/BooleanRowCompactness.lean:53:2: Try this: 
  haveI̵

The goal is a proposition, so `have` is preferred over `haveI`.
The difference between `have` and `haveI` is that `haveI` inlines the value.
But this is not relevant for proofs because of proof irrelevance.

Note: This linter can be disabled with `set_option linter.style.haveILetI false`
✔ [3252/3270] Built Mathlib.LinearAlgebra.Dimension.OrzechProperty (5.3s)
✔ [3253/3270] Built Mathlib.LinearAlgebra.Matrix.DotProduct (2.6s)
⚠ [3254/3270] Built SierpinskiFormal.CountableWeakBooleanClosure (2.9s)
warning: SierpinskiFormal/CountableWeakBooleanClosure.lean:35:2: Try this: 
  haveI̵

The goal is a proposition, so `have` is preferred over `haveI`.
The difference between `have` and `haveI` is that `haveI` inlines the value.
But this is not relevant for proofs because of proof irrelevance.

Note: This linter can be disabled with `set_option linter.style.haveILetI false`
✔ [3255/3270] Built Mathlib.Analysis.InnerProductSpace.PiL2 (24s)
✔ [3256/3272] Built Mathlib.LinearAlgebra.Matrix.Rank (8.5s)
✔ [3257/3273] Built Mathlib.MeasureTheory.Measure.Haar.OfBasis (6.7s)
✔ [3258/3273] Built SierpinskiFormal.MinimalRankCompression (3.2s)
⚠ [3259/3275] Built SierpinskiFormal.FiniteModuleWordRepresentation (2.0s)
warning: SierpinskiFormal/FiniteModuleWordRepresentation.lean:55:27: This simp argument is unused:
  Pi.single_apply

Hint: Omit it from the simp argument list.
  [apply] simp [basisVector, hji]

Note: This linter can be disabled with `set_option linter.unusedSimpArgs false`
warning: SierpinskiFormal/FiniteModuleWordRepresentation.lean:85:27: This simp argument is unused:
  Pi.single_apply

Hint: Omit it from the simp argument list.
  [apply] simp [basisVector, hij]

Note: This linter can be disabled with `set_option linter.unusedSimpArgs false`
✔ [3260/3275] Built Mathlib.GroupTheory.FreeGroup.Reduce (2.8s)
✔ [3261/3278] Built Mathlib.MeasureTheory.Measure.Lebesgue.Basic (6.8s)
✔ [3262/3278] Built SierpinskiFormal.ReversibleModuleAction (3.1s)
✔ [3263/3278] Built Mathlib.SetTheory.Cardinal.Free (1.6s)
✔ [3264/3279] Built SierpinskiFormal.RadixRegularRepresentation (2.7s)
⚠ [3265/3279] Built SierpinskiFormal.MatrixRadixRegularity (2.0s)
warning: SierpinskiFormal/MatrixRadixRegularity.lean:25:2: Try this: 
  letI̵

The goal is a proposition, so `let` is preferred over `letI`.
The difference between `let` and `letI` is that `letI` inlines the value.
But this is not relevant for proofs because of proof irrelevance.

Note: This linter can be disabled with `set_option linter.style.haveILetI false`
✔ [3266/3284] Built Mathlib.RingTheory.Noetherian.Nilpotent (1.4s)
✔ [3267/3284] Built Mathlib.RingTheory.Artinian.Ring (1.7s)
✔ [3268/3284] Built Mathlib.RingTheory.Ideal.MinimalPrime.Noetherian (1.5s)
✔ [3269/3284] Built Mathlib.RingTheory.Spectrum.Prime.Noetherian (2.2s)
✔ [3270/3285] Built Mathlib.MeasureTheory.Integral.IntervalIntegral.Basic (14s)
✔ [3271/3285] Built Mathlib.Order.Irreducible (1.8s)
✔ [3272/3285] Built Mathlib.RingTheory.HopkinsLevitzki (2.9s)
✔ [3273/3289] Built Mathlib.RingTheory.Ideal.MinimalPrime.Colon (2.9s)
✔ [3274/3289] Built Mathlib.RingTheory.Ideal.AssociatedPrime.Basic (3.7s)
✔ [3275/3289] Built Mathlib.MeasureTheory.Integral.DominatedConvergence (7.3s)
⚠ [3276/3289] Built SierpinskiFormal.WeakContinuousMapConvergence (2.6s)
warning: SierpinskiFormal/WeakContinuousMapConvergence.lean:55:2: Try this: 
  letI̵

The goal is a proposition, so `let` is preferred over `letI`.
The difference between `let` and `letI` is that `letI` inlines the value.
But this is not relevant for proofs because of proof irrelevance.

Note: This linter can be disabled with `set_option linter.style.haveILetI false`
✔ [3277/3289] Built Mathlib.RingTheory.Lasker (3.8s)
⚠ [3278/3290] Built SierpinskiFormal.CountableWeakKrein (4.3s)
warning: SierpinskiFormal/CountableWeakKrein.lean:77:15: `Set.setOf_forall` has been deprecated: Use `Set.ofPred_forall` instead
warning: SierpinskiFormal/CountableWeakKrein.lean:159:9: `NormedSpace.eq_iff_forall_dual_eq` has been deprecated: Use `SeparatingDual.eq_iff_forall_dual_eq` instead

Note: The updated constant has a different type:
  ∀ {R : Type u_1} {V : Type u_2} [inst : Ring R] [inst_1 : AddCommGroup V] [inst_2 : TopologicalSpace V]
    [inst_3 : TopologicalSpace R] [inst_4 : Module R V] [SeparatingDual R V] {x y : V},
    x = y ↔ ∀ (g : StrongDual R V), g x = g y
instead of
  ∀ (𝕜 : Type u_1) [inst : RCLike 𝕜] {E : Type u_2} [inst_1 : NormedAddCommGroup E] [inst_2 : NormedSpace 𝕜 E]
    {x y : E}, x = y ↔ ∀ (g : StrongDual 𝕜 E), g x = g y

Note: The updated constant is in a different namespace. Dot notation may need to be changed (e.g., from `x.eq_iff_forall_dual_eq` to `SeparatingDual.eq_iff_forall_dual_eq x`).
warning: SierpinskiFormal/CountableWeakKrein.lean:167:0: automatically included section variable(s) unused in theorem `IndependentZeroBlocks.stronglyMeasurable_of_countable_domain`:
  [CompactSpace X]
consider restructuring your `variable` declarations so that the variables are not in scope or explicitly omit them:
  omit [CompactSpace X] in theorem ...

Note: This linter can be disabled with `set_option linter.unusedSectionVars false`
warning: SierpinskiFormal/CountableWeakKrein.lean:227:2: Try this: 
  letI̵

The goal is a proposition, so `let` is preferred over `letI`.
The difference between `let` and `letI` is that `letI` inlines the value.
But this is not relevant for proofs because of proof irrelevance.

Note: This linter can be disabled with `set_option linter.style.haveILetI false`
warning: SierpinskiFormal/CountableWeakKrein.lean:247:6: `NormedSpace.eq_iff_forall_dual_eq` has been deprecated: Use `SeparatingDual.eq_iff_forall_dual_eq` instead

Note: The updated constant has a different type:
  ∀ {R : Type u_1} {V : Type u_2} [inst : Ring R] [inst_1 : AddCommGroup V] [inst_2 : TopologicalSpace V]
    [inst_3 : TopologicalSpace R] [inst_4 : Module R V] [SeparatingDual R V] {x y : V},
    x = y ↔ ∀ (g : StrongDual R V), g x = g y
instead of
  ∀ (𝕜 : Type u_1) [inst : RCLike 𝕜] {E : Type u_2} [inst_1 : NormedAddCommGroup E] [inst_2 : NormedSpace 𝕜 E]
    {x y : E}, x = y ↔ ∀ (g : StrongDual 𝕜 E), g x = g y

Note: The updated constant is in a different namespace. Dot notation may need to be changed (e.g., from `x.eq_iff_forall_dual_eq` to `SeparatingDual.eq_iff_forall_dual_eq x`).
warning: SierpinskiFormal/CountableWeakKrein.lean:275:6: `NormedSpace.eq_iff_forall_dual_eq` has been deprecated: Use `SeparatingDual.eq_iff_forall_dual_eq` instead

Note: The updated constant has a different type:
  ∀ {R : Type u_1} {V : Type u_2} [inst : Ring R] [inst_1 : AddCommGroup V] [inst_2 : TopologicalSpace V]
    [inst_3 : TopologicalSpace R] [inst_4 : Module R V] [SeparatingDual R V] {x y : V},
    x = y ↔ ∀ (g : StrongDual R V), g x = g y
instead of
  ∀ (𝕜 : Type u_1) [inst : RCLike 𝕜] {E : Type u_2} [inst_1 : NormedAddCommGroup E] [inst_2 : NormedSpace 𝕜 E]
    {x y : E}, x = y ↔ ∀ (g : StrongDual 𝕜 E), g x = g y

Note: The updated constant is in a different namespace. Dot notation may need to be changed (e.g., from `x.eq_iff_forall_dual_eq` to `SeparatingDual.eq_iff_forall_dual_eq x`).
warning: SierpinskiFormal/CountableWeakKrein.lean:333:9: `NormedSpace.eq_iff_forall_dual_eq` has been deprecated: Use `SeparatingDual.eq_iff_forall_dual_eq` instead

Note: The updated constant has a different type:
  ∀ {R : Type u_1} {V : Type u_2} [inst : Ring R] [inst_1 : AddCommGroup V] [inst_2 : TopologicalSpace V]
    [inst_3 : TopologicalSpace R] [inst_4 : Module R V] [SeparatingDual R V] {x y : V},
    x = y ↔ ∀ (g : StrongDual R V), g x = g y
instead of
  ∀ (𝕜 : Type u_1) [inst : RCLike 𝕜] {E : Type u_2} [inst_1 : NormedAddCommGroup E] [inst_2 : NormedSpace 𝕜 E]
    {x y : E}, x = y ↔ ∀ (g : StrongDual 𝕜 E), g x = g y

Note: The updated constant is in a different namespace. Dot notation may need to be changed (e.g., from `x.eq_iff_forall_dual_eq` to `SeparatingDual.eq_iff_forall_dual_eq x`).
warning: SierpinskiFormal/CountableWeakKrein.lean:346:2: Try this: 
  letI̵

The goal is a proposition, so `let` is preferred over `letI`.
The difference between `let` and `letI` is that `letI` inlines the value.
But this is not relevant for proofs because of proof irrelevance.

Note: This linter can be disabled with `set_option linter.style.haveILetI false`
warning: SierpinskiFormal/CountableWeakKrein.lean:347:2: Try this: 
  letI̵

The goal is a proposition, so `let` is preferred over `letI`.
The difference between `let` and `letI` is that `letI` inlines the value.
But this is not relevant for proofs because of proof irrelevance.

Note: This linter can be disabled with `set_option linter.style.haveILetI false`
warning: SierpinskiFormal/CountableWeakKrein.lean:348:2: Try this: 
  letI̵

The goal is a proposition, so `let` is preferred over `letI`.
The difference between `let` and `letI` is that `letI` inlines the value.
But this is not relevant for proofs because of proof irrelevance.

Note: This linter can be disabled with `set_option linter.style.haveILetI false`
warning: SierpinskiFormal/CountableWeakKrein.lean:351:2: Try this: 
  letI̵

The goal is a proposition, so `let` is preferred over `letI`.
The difference between `let` and `letI` is that `letI` inlines the value.
But this is not relevant for proofs because of proof irrelevance.

Note: This linter can be disabled with `set_option linter.style.haveILetI false`
warning: SierpinskiFormal/CountableWeakKrein.lean:352:2: Try this: 
  letI̵

The goal is a proposition, so `let` is preferred over `letI`.
The difference between `let` and `letI` is that `letI` inlines the value.
But this is not relevant for proofs because of proof irrelevance.

Note: This linter can be disabled with `set_option linter.style.haveILetI false`
warning: SierpinskiFormal/CountableWeakKrein.lean:353:2: Try this: 
  letI̵

The goal is a proposition, so `let` is preferred over `letI`.
The difference between `let` and `letI` is that `letI` inlines the value.
But this is not relevant for proofs because of proof irrelevance.

Note: This linter can be disabled with `set_option linter.style.haveILetI false`
warning: SierpinskiFormal/CountableWeakKrein.lean:354:2: Try this: 
  letI̵

The goal is a proposition, so `let` is preferred over `letI`.
The difference between `let` and `letI` is that `letI` inlines the value.
But this is not relevant for proofs because of proof irrelevance.

Note: This linter can be disabled with `set_option linter.style.haveILetI false`
⚠ [3279/3293] Built SierpinskiFormal.PositiveFunctionalDecomposition (5.6s)
warning: SierpinskiFormal/PositiveFunctionalDecomposition.lean:120:2: Try this: 
  letI̵

The goal is a proposition, so `let` is preferred over `letI`.
The difference between `let` and `letI` is that `letI` inlines the value.
But this is not relevant for proofs because of proof irrelevance.

Note: This linter can be disabled with `set_option linter.style.haveILetI false`
warning: SierpinskiFormal/PositiveFunctionalDecomposition.lean:121:2: Try this: 
  letI̵

The goal is a proposition, so `let` is preferred over `letI`.
The difference between `let` and `letI` is that `letI` inlines the value.
But this is not relevant for proofs because of proof irrelevance.

Note: This linter can be disabled with `set_option linter.style.haveILetI false`
warning: SierpinskiFormal/PositiveFunctionalDecomposition.lean:271:6: Try this: 
  letI̵

The goal is a proposition, so `let` is preferred over `letI`.
The difference between `let` and `letI` is that `letI` inlines the value.
But this is not relevant for proofs because of proof irrelevance.

Note: This linter can be disabled with `set_option linter.style.haveILetI false`
warning: SierpinskiFormal/PositiveFunctionalDecomposition.lean:274:6: Try this: 
  letI̵

The goal is a proposition, so `let` is preferred over `letI`.
The difference between `let` and `letI` is that `letI` inlines the value.
But this is not relevant for proofs because of proof irrelevance.

Note: This linter can be disabled with `set_option linter.style.haveILetI false`
✔ [3280/3293] Built Mathlib.Analysis.SumOverResidueClass (1.6s)
⚠ [3281/3293] Built SierpinskiFormal.NoetherianArtinianEmbedding (3.0s)
warning: SierpinskiFormal/NoetherianArtinianEmbedding.lean:47:2: Try this: 
  letI̵

The goal is a proposition, so `let` is preferred over `letI`.
The difference between `let` and `letI` is that `letI` inlines the value.
But this is not relevant for proofs because of proof irrelevance.

Note: This linter can be disabled with `set_option linter.style.haveILetI false`
warning: SierpinskiFormal/NoetherianArtinianEmbedding.lean:62:2: Try this: 
  letI̵

The goal is a proposition, so `let` is preferred over `letI`.
The difference between `let` and `letI` is that `letI` inlines the value.
But this is not relevant for proofs because of proof irrelevance.

Note: This linter can be disabled with `set_option linter.style.haveILetI false`
warning: SierpinskiFormal/NoetherianArtinianEmbedding.lean:66:4: Try this: 
  letI̵

The goal is a proposition, so `let` is preferred over `letI`.
The difference between `let` and `letI` is that `letI` inlines the value.
But this is not relevant for proofs because of proof irrelevance.

Note: This linter can be disabled with `set_option linter.style.haveILetI false`
warning: SierpinskiFormal/NoetherianArtinianEmbedding.lean:68:2: Try this: 
  letI̵

The goal is a proposition, so `let` is preferred over `letI`.
The difference between `let` and `letI` is that `letI` inlines the value.
But this is not relevant for proofs because of proof irrelevance.

Note: This linter can be disabled with `set_option linter.style.haveILetI false`
warning: SierpinskiFormal/NoetherianArtinianEmbedding.lean:70:2: Try this: 
  letI̵

The goal is a proposition, so `let` is preferred over `letI`.
The difference between `let` and `letI` is that `letI` inlines the value.
But this is not relevant for proofs because of proof irrelevance.

Note: This linter can be disabled with `set_option linter.style.haveILetI false`
warning: SierpinskiFormal/NoetherianArtinianEmbedding.lean:109:36: `Pi.ringHom` has been deprecated: Use `RingHom.pi` instead

Note: The updated constant is in a different namespace. Dot notation may need to be changed (e.g., from `x.ringHom` to `RingHom.pi x`).
⚠ [3282/3294] Built SierpinskiFormal.BooleanWeakCompactness (2.4s)
warning: SierpinskiFormal/BooleanWeakCompactness.lean:29:2: Try this: 
  letI̵

The goal is a proposition, so `let` is preferred over `letI`.
The difference between `let` and `letI` is that `letI` inlines the value.
But this is not relevant for proofs because of proof irrelevance.

Note: This linter can be disabled with `set_option linter.style.haveILetI false`
warning: SierpinskiFormal/BooleanWeakCompactness.lean:30:2: Try this: 
  letI̵

The goal is a proposition, so `let` is preferred over `letI`.
The difference between `let` and `letI` is that `letI` inlines the value.
But this is not relevant for proofs because of proof irrelevance.

Note: This linter can be disabled with `set_option linter.style.haveILetI false`
warning: SierpinskiFormal/BooleanWeakCompactness.lean:66:15: `NormedSpace.eq_iff_forall_dual_eq` has been deprecated: Use `SeparatingDual.eq_iff_forall_dual_eq` instead

Note: The updated constant has a different type:
  ∀ {R : Type u_1} {V : Type u_2} [inst : Ring R] [inst_1 : AddCommGroup V] [inst_2 : TopologicalSpace V]
    [inst_3 : TopologicalSpace R] [inst_4 : Module R V] [SeparatingDual R V] {x y : V},
    x = y ↔ ∀ (g : StrongDual R V), g x = g y
instead of
  ∀ (𝕜 : Type u_1) [inst : RCLike 𝕜] {E : Type u_2} [inst_1 : NormedAddCommGroup E] [inst_2 : NormedSpace 𝕜 E]
    {x y : E}, x = y ↔ ∀ (g : StrongDual 𝕜 E), g x = g y

Note: The updated constant is in a different namespace. Dot notation may need to be changed (e.g., from `x.eq_iff_forall_dual_eq` to `SeparatingDual.eq_iff_forall_dual_eq x`).
✔ [3283/3294] Built Mathlib.Analysis.Asymptotics.SpecificAsymptotics (3.1s)
✔ [3284/3294] Built SierpinskiFormal.BooleanWordCesaro (3.3s)
⚠ [3285/3294] Built SierpinskiFormal.RegularSequenceRing (2.6s)
warning: SierpinskiFormal/RegularSequenceRing.lean:16:10: This simp argument is unused:
  Matrix.mulVecLin_apply

Hint: Omit it from the simp argument list.
  [apply] simp [u]

Note: This linter can be disabled with `set_option linter.unusedSimpArgs false`
⚠ [3286/3294] Built SierpinskiFormal.WeightedWordCesaro (3.8s)
warning: SierpinskiFormal/WeightedWordCesaro.lean:23:8: automatically included section variable(s) unused in theorem `IndependentZeroBlocks.weightedLetterAverage_apply`:
  [Nonempty A]
consider restructuring your `variable` declarations so that the variables are not in scope or explicitly omit them:
  omit [Nonempty A] in theorem ...

Note: This linter can be disabled with `set_option linter.unusedSectionVars false`
warning: SierpinskiFormal/WeightedWordCesaro.lean:63:6: `ContinuousLinearMap.sum_apply` has been deprecated: Use `sum_apply` instead

Note: The updated constant is in a different namespace. Dot notation may need to be changed (e.g., from `x.sum_apply` to `sum_apply x`).
warning: SierpinskiFormal/WeightedWordCesaro.lean:56:0: automatically included section variable(s) unused in theorem `IndependentZeroBlocks.mapsTo_weightedLetterAverage`:
  [Nonempty A]
consider restructuring your `variable` declarations so that the variables are not in scope or explicitly omit them:
  omit [Nonempty A] in theorem ...

Note: This linter can be disabled with `set_option linter.unusedSectionVars false`
✔ [3287/3294] Built Mathlib.Analysis.PSeries (6.1s)
⚠ [3288/3297] Built SierpinskiFormal.GroupBooleanTranslations (3.3s)
warning: SierpinskiFormal/GroupBooleanTranslations.lean:23:8: automatically included section variable(s) unused in theorem `IndependentZeroBlocks.booleanGroupIndicator_apply`:
  [Group G]
consider restructuring your `variable` declarations so that the variables are not in scope or explicitly omit them:
  omit [Group G] in theorem ...

Note: This linter can be disabled with `set_option linter.unusedSectionVars false`
warning: SierpinskiFormal/GroupBooleanTranslations.lean:119:0: automatically included section variable(s) unused in theorem `IndependentZeroBlocks.continuous_booleanGroupRightShift`:
  [TopologicalSpace G]
  [DiscreteTopology G]
consider restructuring your `variable` declarations so that the variables are not in scope or explicitly omit them:
  omit [TopologicalSpace G] [DiscreteTopology G] in theorem ...

Note: This linter can be disabled with `set_option linter.unusedSectionVars false`
warning: SierpinskiFormal/GroupBooleanTranslations.lean:158:0: automatically included section variable(s) unused in theorem `IndependentZeroBlocks.booleanGroupRightRowClosure_countable`:
  [TopologicalSpace G]
  [DiscreteTopology G]
consider restructuring your `variable` declarations so that the variables are not in scope or explicitly omit them:
  omit [TopologicalSpace G] [DiscreteTopology G] in theorem ...

Note: This linter can be disabled with `set_option linter.unusedSectionVars false`
✔ [3289/3297] Built SierpinskiFormal.PredicateLogDensity (4.4s)
✔ [3290/3297] Built SierpinskiFormal.ReversibleFreeGroup (3.0s)
✔ [3291/3301] Built SierpinskiFormal.NoetherianObservationDLP (2.4s)
✔ [3292/3301] Built SierpinskiFormal.MonoidDigitProduct (2.1s)
⚠ [3293/3302] Built SierpinskiFormal.ObservationFamilies (2.3s)
warning: SierpinskiFormal/ObservationFamilies.lean:103:6: `push_neg` has been deprecated. Prefer using `push Not` instead.
If you'd rather continue using `push_neg` in your project, you can implement it as follows:
```
open Lean.Parser.Tactic in
macro "push_neg" cfg:optConfig loc:(location)? : tactic =>
  `(tactic| push $cfg:optConfig Not $[$loc]?)
```
⚠ [3294/3302] Built SierpinskiFormal.ReversibleSequenceSections (4.1s)
warning: SierpinskiFormal/ReversibleSequenceSections.lean:134:2: Try this: 
  letI̵

The goal is a proposition, so `let` is preferred over `letI`.
The difference between `let` and `letI` is that `letI` inlines the value.
But this is not relevant for proofs because of proof irrelevance.

Note: This linter can be disabled with `set_option linter.style.haveILetI false`
warning: SierpinskiFormal/ReversibleSequenceSections.lean:153:2: Try this: 
  letI̵

The goal is a proposition, so `let` is preferred over `letI`.
The difference between `let` and `letI` is that `letI` inlines the value.
But this is not relevant for proofs because of proof irrelevance.

Note: This linter can be disabled with `set_option linter.style.haveILetI false`
warning: SierpinskiFormal/ReversibleSequenceSections.lean:169:2: Try this: 
  letI̵

The goal is a proposition, so `let` is preferred over `letI`.
The difference between `let` and `letI` is that `letI` inlines the value.
But this is not relevant for proofs because of proof irrelevance.

Note: This linter can be disabled with `set_option linter.style.haveILetI false`
warning: SierpinskiFormal/ReversibleSequenceSections.lean:178:16: This simp argument is unused:
  Fin.val_ofNat

Hint: Omit it from the simp argument list.
  [apply] simp [Nat.mod_eq_of_lt (hL x (by simp))]

Note: This linter can be disabled with `set_option linter.unusedSimpArgs false`
warning: SierpinskiFormal/ReversibleSequenceSections.lean:239:13: This simp argument is unused:
  List.reverse_singleton

Hint: Omit it from the simp argument list.
  [apply] simp only [linearWord_cons, linearWord_nil, Module.End.mul_apply, Module.End.one_apply,
    Matrix.mulVecLin_apply, Matrix.mulVec_transpose]

Note: This linter can be disabled with `set_option linter.unusedSimpArgs false`
warning: SierpinskiFormal/ReversibleSequenceSections.lean:313:22: This simp argument is unused:
  Matrix.mulVecLin_apply

Hint: Omit it from the simp argument list.
  [apply] simp [hr, Matrix.mulVec, Matrix.vecMul, dotProduct, mul_comm]

Note: This linter can be disabled with `set_option linter.unusedSimpArgs false`
warning: SierpinskiFormal/ReversibleSequenceSections.lean:313:46: This simp argument is unused:
  Matrix.mulVec

Hint: Omit it from the simp argument list.
  [apply] simp [hr, Matrix.mulVecLin_apply, Matrix.vecMul, dotProduct, mul_comm]

Note: This linter can be disabled with `set_option linter.unusedSimpArgs false`
warning: SierpinskiFormal/ReversibleSequenceSections.lean:321:20: This simp argument is unused:
  Matrix.mulVecLin_apply

Hint: Omit it from the simp argument list.
  [apply] simp [hn, Matrix.mulVec, Matrix.vecMul, dotProduct, mul_comm]

Note: This linter can be disabled with `set_option linter.unusedSimpArgs false`
warning: SierpinskiFormal/ReversibleSequenceSections.lean:321:44: This simp argument is unused:
  Matrix.mulVec

Hint: Omit it from the simp argument list.
  [apply] simp [hn, Matrix.mulVecLin_apply, Matrix.vecMul, dotProduct, mul_comm]

Note: This linter can be disabled with `set_option linter.unusedSimpArgs false`
warning: SierpinskiFormal/ReversibleSequenceSections.lean:331:28: This simp argument is unused:
  Matrix.mulVecLin_apply

Hint: Omit it from the simp argument list.
  [apply] simp [W, N, hr, Matrix.mulVec, dotProduct, Fintype.sum_option]

Note: This linter can be disabled with `set_option linter.unusedSimpArgs false`
warning: SierpinskiFormal/ReversibleSequenceSections.lean:331:52: This simp argument is unused:
  Matrix.mulVec

Hint: Omit it from the simp argument list.
  [apply] simp [W, N, hr, Matrix.mulVecLin_apply, dotProduct, Fintype.sum_option]

Note: This linter can be disabled with `set_option linter.unusedSimpArgs false`
warning: SierpinskiFormal/ReversibleSequenceSections.lean:332:14: This simp argument is unused:
  dotProduct

Hint: Omit it from the simp argument list.
  [apply] simp [W, N, hr, Matrix.mulVecLin_apply, Matrix.mulVec, Fintype.sum_option]

Note: This linter can be disabled with `set_option linter.unusedSimpArgs false`
warning: SierpinskiFormal/ReversibleSequenceSections.lean:334:28: This simp argument is unused:
  hindex

Hint: Omit it from the simp argument list.
  [apply] simp [W, N, hr, Matrix.mulVecLin_apply, Matrix.mulVec, dotProduct, Fintype.sum_option]

Note: This linter can be disabled with `set_option linter.unusedSimpArgs false`
warning: SierpinskiFormal/ReversibleSequenceSections.lean:334:36: This simp argument is unused:
  Matrix.mulVecLin_apply

Hint: Omit it from the simp argument list.
  [apply] simp [W, N, hr, hindex, Matrix.mulVec, dotProduct, Fintype.sum_option]

Note: This linter can be disabled with `set_option linter.unusedSimpArgs false`
warning: SierpinskiFormal/ReversibleSequenceSections.lean:334:60: This simp argument is unused:
  Matrix.mulVec

Hint: Omit it from the simp argument list.
  [apply] simp [W, N, hr, hindex, Matrix.mulVecLin_apply, dotProduct, Fintype.sum_option]

Note: This linter can be disabled with `set_option linter.unusedSimpArgs false`
warning: SierpinskiFormal/ReversibleSequenceSections.lean:335:14: This simp argument is unused:
  dotProduct

Hint: Omit it from the simp argument list.
  [apply] simp [W, N, hr, hindex, Matrix.mulVecLin_apply, Matrix.mulVec, Fintype.sum_option]

Note: This linter can be disabled with `set_option linter.unusedSimpArgs false`
warning: SierpinskiFormal/ReversibleSequenceSections.lean:340:26: This simp argument is unused:
  hindex

Hint: Omit it from the simp argument list.
  [apply] simp [W, N, hn, Matrix.mulVecLin_apply, Matrix.mulVec, dotProduct, Fintype.sum_option, hb0]

Note: This linter can be disabled with `set_option linter.unusedSimpArgs false`
warning: SierpinskiFormal/ReversibleSequenceSections.lean:340:34: This simp argument is unused:
  Matrix.mulVecLin_apply

Hint: Omit it from the simp argument list.
  [apply] simp [W, N, hn, hindex, Matrix.mulVec, dotProduct, Fintype.sum_option, hb0]

Note: This linter can be disabled with `set_option linter.unusedSimpArgs false`
warning: SierpinskiFormal/ReversibleSequenceSections.lean:340:58: This simp argument is unused:
  Matrix.mulVec

Hint: Omit it from the simp argument list.
  [apply] simp [W, N, hn, hindex, Matrix.mulVecLin_apply, dotProduct, Fintype.sum_option, hb0]

Note: This linter can be disabled with `set_option linter.unusedSimpArgs false`
warning: SierpinskiFormal/ReversibleSequenceSections.lean:341:12: This simp argument is unused:
  dotProduct

Hint: Omit it from the simp argument list.
  [apply] simp [W, N, hn, hindex, Matrix.mulVecLin_apply, Matrix.mulVec, Fintype.sum_option, hb0]

Note: This linter can be disabled with `set_option linter.unusedSimpArgs false`
warning: SierpinskiFormal/ReversibleSequenceSections.lean:367:2: Try this: 
  letI̵

The goal is a proposition, so `let` is preferred over `letI`.
The difference between `let` and `letI` is that `letI` inlines the value.
But this is not relevant for proofs because of proof irrelevance.

Note: This linter can be disabled with `set_option linter.style.haveILetI false`
⚠ [3295/3302] Built SierpinskiFormal.MortalWordCounting (3.2s)
warning: SierpinskiFormal/MortalWordCounting.lean:30:67: This simp argument is unused:
  hw

Hint: Omit it from the simp argument list.
  [apply] simp [radixDigitSupportCount, coeff_oneForbiddenDigitPolynomial]

Note: This linter can be disabled with `set_option linter.unusedSimpArgs false`
warning: SierpinskiFormal/MortalWordCounting.lean:101:54: This simp argument is unused:
  hwpos

Hint: Omit it from the simp argument list.
  [apply] simp [A, coeff_oneForbiddenDigitPolynomial, Nat.ne_of_lt hwpos, pow_pos (by omega : 0 < b) ell]

Note: This linter can be disabled with `set_option linter.unusedSimpArgs false`
warning: SierpinskiFormal/MortalWordCounting.lean:124:48: This simp argument is unused:
  hwpos

Hint: Omit it from the simp argument list.
  [apply] simp [A, coeff_oneForbiddenDigitPolynomial, Nat.ne_of_lt hwpos, B, pow_pos (by omega : 0 < b) ell]

Note: This linter can be disabled with `set_option linter.unusedSimpArgs false`
warning: SierpinskiFormal/MortalWordCounting.lean:158:48: This simp argument is unused:
  hwpos

Hint: Omit it from the simp argument list.
  [apply] simp [A, coeff_oneForbiddenDigitPolynomial, Nat.ne_of_lt hwpos, B, pow_pos (by omega : 0 < b) ell]

Note: This linter can be disabled with `set_option linter.unusedSimpArgs false`
✔ [3296/3308] Built SierpinskiFormal.CommRingObservationFamilies (2.2s)
⚠ [3297/3308] Built SierpinskiFormal.PolynomialMatrixObservation (2.2s)
warning: SierpinskiFormal/PolynomialMatrixObservation.lean:34:8: This simp argument is unused:
  matrixCurrentObservation

Hint: Omit it from the simp argument list.
  [apply] simp [matrixCurrentProjection, matrixWindowState]

Note: This linter can be disabled with `set_option linter.unusedSimpArgs false`
warning: SierpinskiFormal/PolynomialMatrixObservation.lean:89:56: This simp argument is unused:
  m

Hint: Omit it from the simp argument list.
  [apply] simp only [PolynomialMatrixCurrentObservedWordMortal, L]

Note: This linter can be disabled with `set_option linter.unusedSimpArgs false`
warning: SierpinskiFormal/PolynomialMatrixObservation.lean:89:59: This simp argument is unused:
  L

Hint: Omit it from the simp argument list.
  [apply] simp only [PolynomialMatrixCurrentObservedWordMortal, m]

Note: This linter can be disabled with `set_option linter.unusedSimpArgs false`
⚠ [3298/3308] Built SierpinskiFormal.ModuleReturnGroup (2.9s)
warning: SierpinskiFormal/ModuleReturnGroup.lean:191:2: Try this: 
  letI̵

The goal is a proposition, so `let` is preferred over `letI`.
The difference between `let` and `letI` is that `letI` inlines the value.
But this is not relevant for proofs because of proof irrelevance.

Note: This linter can be disabled with `set_option linter.style.haveILetI false`
⚠ [3299/3308] Built SierpinskiFormal.ZeroCylinderCounting (2.6s)
warning: SierpinskiFormal/ZeroCylinderCounting.lean:32:15: This simp argument is unused:
  List.length

Hint: Omit it from the simp argument list.
  [apply] simp only [pow_succ]

Note: This linter can be disabled with `set_option linter.unusedSimpArgs false`
⚠ [3300/3308] Built SierpinskiFormal.MatrixCoefficientDescent (2.8s)
warning: SierpinskiFormal/MatrixCoefficientDescent.lean:140:4: This simp argument is unused:
  map_sum (matrixCoefficientSubring B U).subtype

Hint: Omit it from the simp argument list.
  [apply] simp only [matrixDescendedSeries_coeff, map_sum, PowerSeries.coeff_mul, Subring.coe_mul, Polynomial.coeff_coe]

Note: This linter can be disabled with `set_option linter.unusedSimpArgs false`
warning: SierpinskiFormal/MatrixCoefficientDescent.lean:140:52: This simp argument is unused:
  Subring.coe_mul

Hint: Omit it from the simp argument list.
  [apply] simp only [matrixDescendedSeries_coeff, map_sum, PowerSeries.coeff_mul,
    map_sum (matrixCoefficientSubring B U).subtype, Polynomial.coeff_coe]

Note: This linter can be disabled with `set_option linter.unusedSimpArgs false`
✔ [3301/3308] Built SierpinskiFormal.ForbiddenWordGeometry (2.1s)
✔ [3302/3310] Built SierpinskiFormal.RegularSupportClassification (2.1s)
✔ [3303/3311] Built SierpinskiFormal.CommRingMatrixGeometry (2.7s)
✔ [3304/3311] Built Mathlib.Analysis.Analytic.CPolynomial (11s)
✔ [3305/3311] Built SierpinskiFormal.UnifiedObservationTheorem (2.5s)
✔ [3306/3311] Built Mathlib.Analysis.Analytic.Inverse (14s)
✔ [3307/3315] Built Mathlib.Analysis.Analytic.Within (2.6s)
✔ [3308/3315] Built SierpinskiFormal.RegularSupportApplications (2.3s)
✔ [3309/3317] Built Mathlib.Analysis.Normed.Operator.Asymptotics (2.1s)
✔ [3310/3321] Built Mathlib.Analysis.Convex.EGauge (4.4s)
✔ [3311/3321] Built SierpinskiFormal.PolynomialObservedSupport (2.5s)
✔ [3312/3323] Built Mathlib.Analysis.Calculus.TangentCone.Defs (1.6s)
✔ [3313/3323] Built SierpinskiFormal.LogDensityClassification (2.4s)
✔ [3314/3324] Built Mathlib.Analysis.Calculus.TangentCone.Basic (3.5s)
✔ [3315/3326] Built Mathlib.Analysis.Calculus.TangentCone.DimOne (1.5s)
✔ [3316/3334] Built Mathlib.Analysis.Calculus.TangentCone.Real (2.6s)
✔ [3317/3334] Built Mathlib.Analysis.Asymptotics.TVS (13s)
✔ [3318/3341] Built Mathlib.Analysis.Calculus.FDeriv.Defs (2.7s)
✔ [3319/3341] Built Mathlib.Topology.Algebra.Module.Alternating.Basic (7.7s)
✔ [3320/3341] Built Mathlib.Topology.MetricSpace.Completion (2.9s)
✔ [3321/3341] Built Mathlib.Analysis.Calculus.FDeriv.Basic (12s)
✔ [3322/3341] Built Mathlib.Analysis.Normed.Group.Completion (1.8s)
✔ [3323/3343] Built Mathlib.Topology.Algebra.Module.Alternating.Topology (8.0s)
✔ [3324/3343] Built Mathlib.Analysis.Calculus.FDeriv.Linear (2.4s)
✔ [3325/3343] Built Mathlib.Analysis.Calculus.FDeriv.Comp (5.3s)
✔ [3326/3343] Built Mathlib.Analysis.Calculus.FDeriv.Congr (3.5s)
✔ [3327/3346] Built Mathlib.Analysis.Normed.Module.Completion (2.4s)
✔ [3328/3346] Built Mathlib.Analysis.Calculus.FDeriv.Const (4.6s)
✔ [3329/3346] Built Mathlib.Analysis.Calculus.FDeriv.RestrictScalars (3.9s)
✔ [3330/3346] Built Mathlib.Analysis.Normed.Module.Alternating.Basic (13s)
✔ [3331/3347] Built Mathlib.Analysis.Calculus.FDeriv.Prod (18s)
✔ [3332/3350] Built Mathlib.Analysis.Calculus.FDeriv.Add (16s)
✔ [3333/3350] Built Mathlib.Analysis.Calculus.FDeriv.Bilinear (5.3s)
✔ [3334/3350] Built Mathlib.Analysis.Calculus.Deriv.Basic (11s)
✔ [3335/3350] Built Mathlib.Analysis.Calculus.FDeriv.Equiv (12s)
✔ [3336/3350] Built Mathlib.Analysis.Calculus.Deriv.Add (6.1s)
✔ [3337/3350] Built Mathlib.Analysis.Calculus.FDeriv.CompCLM (17s)
✔ [3338/3350] Built Mathlib.Analysis.Calculus.Deriv.Support (1.0s)
✔ [3339/3352] Built Mathlib.Analysis.Calculus.Deriv.Comp (8.3s)
✔ [3340/3354] Built Mathlib.Analysis.Calculus.Deriv.Linear (2.3s)
✔ [3341/3356] Built Mathlib.Analysis.Calculus.Deriv.AffineMap (2.5s)
✔ [3342/3356] Built Mathlib.Topology.Algebra.Module.PerfectSpace (2.2s)
✔ [3343/3357] Built Mathlib.Topology.LocallyConstant.Basic (3.7s)
✔ [3344/3360] Built Mathlib.Analysis.Calculus.Deriv.Slope (4.4s)
✔ [3345/3367] Built Mathlib.Analysis.Analytic.Uniqueness (4.6s)
✔ [3346/3371] Built Mathlib.Analysis.Calculus.FDeriv.Affine (2.2s)
✔ [3347/3373] Built Mathlib.Analysis.Calculus.ContDiff.FTaylorSeries (24s)
✔ [3348/3374] Built Mathlib.Topology.OpenPartialHomeomorph.IsImage (2.5s)
✔ [3349/3375] Built Mathlib.Analysis.Calculus.FDeriv.OfCompLeft (3.5s)
✔ [3350/3378] Built Mathlib.Analysis.Calculus.Deriv.Inverse (3.5s)
✔ [3351/3378] Built Mathlib.Analysis.Normed.Algebra.Exponential (9.0s)
✔ [3352/3379] Built Mathlib.Topology.MetricSpace.CauSeqFilter (2.4s)
✔ [3353/3386] Built Mathlib.Analysis.Calculus.LocalExtr.Basic (3.6s)
✔ [3354/3392] Built Mathlib.Topology.ExtendFrom (1.6s)
✔ [3355/3392] Built Mathlib.NumberTheory.Harmonic.Defs (872ms)
✔ [3356/3392] Built Mathlib.Topology.Order.ExtendFrom (1.4s)
✔ [3357/3395] Built Mathlib.Analysis.Calculus.FDeriv.Analytic (23s)
✔ [3358/3396] Built Mathlib.Topology.Order.Rolle (1.5s)
✔ [3359/3396] Built SierpinskiFormal.CesaroSqueeze (1.8s)
✔ [3360/3396] Built Mathlib.Analysis.SpecialFunctions.Exponential (7.0s)
✔ [3361/3396] Built Mathlib.Analysis.Calculus.ContDiff.FaaDiBruno (22s)
✔ [3362/3396] Built Mathlib.Analysis.Calculus.ContDiff.Defs (21s)
✔ [3363/3396] Built Mathlib.Data.List.SplitOn (264ms)
⚠ [3364/3396] Built SierpinskiFormal.FieldReturnGroup (4.6s)
warning: SierpinskiFormal/FieldReturnGroup.lean:71:8: This simp argument is unused:
  MonoidHom.coe_mk

Hint: Omit it from the simp argument list.
  [apply] simp only [positiveFreeGroupWord, List.map_cons, List.prod_cons, map_mul, OneHom.coe_mk,
    LinearEquiv.mul_apply]

Note: This linter can be disabled with `set_option linter.unusedSimpArgs false`
warning: SierpinskiFormal/FieldReturnGroup.lean:71:26: This simp argument is unused:
  OneHom.coe_mk

Hint: Omit it from the simp argument list.
  [apply] simp only [positiveFreeGroupWord, List.map_cons, List.prod_cons, map_mul, MonoidHom.coe_mk,
    LinearEquiv.mul_apply]

Note: This linter can be disabled with `set_option linter.unusedSimpArgs false`
warning: SierpinskiFormal/FieldReturnGroup.lean:218:8: This simp argument is unused:
  MonoidHom.coe_mk

Hint: Omit it from the simp argument list.
  [apply] simp only [positiveFreeGroupWord, List.map_cons, List.prod_cons, map_mul, OneHom.coe_mk,
    LinearEquiv.mul_apply]

Note: This linter can be disabled with `set_option linter.unusedSimpArgs false`
warning: SierpinskiFormal/FieldReturnGroup.lean:218:26: This simp argument is unused:
  OneHom.coe_mk

Hint: Omit it from the simp argument list.
  [apply] simp only [positiveFreeGroupWord, List.map_cons, List.prod_cons, map_mul, MonoidHom.coe_mk,
    LinearEquiv.mul_apply]

Note: This linter can be disabled with `set_option linter.unusedSimpArgs false`
warning: SierpinskiFormal/FieldReturnGroup.lean:339:2: Try this: 
  letI̵

The goal is a proposition, so `let` is preferred over `letI`.
The difference between `let` and `letI` is that `letI` inlines the value.
But this is not relevant for proofs because of proof irrelevance.

Note: This linter can be disabled with `set_option linter.style.haveILetI false`
✔ [3365/3398] Built Mathlib.Analysis.Calculus.LocalExtr.Rolle (1.6s)
✔ [3366/3398] Built Mathlib.Analysis.Calculus.ContDiff.Basic (12s)
⚠ [3367/3399] Built SierpinskiFormal.RenewalWordDecomposition (2.9s)
warning: SierpinskiFormal/RenewalWordDecomposition.lean:1:0: Upstreamed to core
'Mathlib.Data.List.SplitOn' has been deprecated: please replace this import by
warning: SierpinskiFormal/RenewalWordDecomposition.lean:32:45: `List.splitOnP_cons` has been deprecated: Use `List.splitOnP_cons_eq_if_modifyHead` instead
warning: SierpinskiFormal/RenewalWordDecomposition.lean:40:44: `List.splitOnP_cons` has been deprecated: Use `List.splitOnP_cons_eq_if_modifyHead` instead
warning: SierpinskiFormal/RenewalWordDecomposition.lean:49:25: try 'simp' instead of 'simpa'

Note: This linter can be disabled with `set_option linter.unnecessarySimpa false`
warning: SierpinskiFormal/RenewalWordDecomposition.lean:78:8: automatically included section variable(s) unused in theorem `IndependentZeroBlocks.wordWeight_nil`:
  [DecidableEq C]
consider restructuring your `variable` declarations so that the variables are not in scope or explicitly omit them:
  omit [DecidableEq C] in theorem ...

Note: This linter can be disabled with `set_option linter.unusedSectionVars false`
warning: SierpinskiFormal/RenewalWordDecomposition.lean:81:8: automatically included section variable(s) unused in theorem `IndependentZeroBlocks.wordWeight_cons`:
  [DecidableEq C]
consider restructuring your `variable` declarations so that the variables are not in scope or explicitly omit them:
  omit [DecidableEq C] in theorem ...

Note: This linter can be disabled with `set_option linter.unusedSectionVars false`
warning: SierpinskiFormal/RenewalWordDecomposition.lean:84:8: automatically included section variable(s) unused in theorem `IndependentZeroBlocks.wordWeight_append`:
  [DecidableEq C]
consider restructuring your `variable` declarations so that the variables are not in scope or explicitly omit them:
  omit [DecidableEq C] in theorem ...

Note: This linter can be disabled with `set_option linter.unusedSectionVars false`
warning: SierpinskiFormal/RenewalWordDecomposition.lean:101:0: automatically included section variable(s) unused in theorem `IndependentZeroBlocks.length_intercalate_marker`:
  [DecidableEq C]
consider restructuring your `variable` declarations so that the variables are not in scope or explicitly omit them:
  omit [DecidableEq C] in theorem ...

Note: This linter can be disabled with `set_option linter.unusedSectionVars false`
warning: SierpinskiFormal/RenewalWordDecomposition.lean:146:0: automatically included section variable(s) unused in theorem `IndependentZeroBlocks.returnMatrix_prod_intercalate_marker`:
  [DecidableEq C]
consider restructuring your `variable` declarations so that the variables are not in scope or explicitly omit them:
  omit [DecidableEq C] in theorem ...

Note: This linter can be disabled with `set_option linter.unusedSectionVars false`
✔ [3368/3399] Built Mathlib.Analysis.Normed.Group.Tannery (1.0s)
✔ [3369/3399] Built Mathlib.Analysis.Calculus.FDeriv.Mul (30s)
⚠ [3370/3403] Built SierpinskiFormal.RenewalWordGenerating (5.2s)
warning: SierpinskiFormal/RenewalWordGenerating.lean:26:0: automatically included section variable(s) unused in theorem `IndependentZeroBlocks.tsum_wordWeight_eq_tsum_letterMass_pow`:
  [DecidableEq C]
consider restructuring your `variable` declarations so that the variables are not in scope or explicitly omit them:
  omit [DecidableEq C] in theorem ...

Note: This linter can be disabled with `set_option linter.unusedSectionVars false`
warning: SierpinskiFormal/RenewalWordGenerating.lean:44:0: automatically included section variable(s) unused in theorem `IndependentZeroBlocks.wordWeight_eraseMarker`:
  [Fintype C]
consider restructuring your `variable` declarations so that the variables are not in scope or explicitly omit them:
  omit [Fintype C] in theorem ...

Note: This linter can be disabled with `set_option linter.unusedSectionVars false`
warning: SierpinskiFormal/RenewalWordGenerating.lean:99:15: `Set.mem_setOf_eq` has been deprecated: Use `Set.mem_ofPred_eq` instead
warning: SierpinskiFormal/RenewalWordGenerating.lean:118:6: `push_neg` has been deprecated. Prefer using `push Not` instead.
If you'd rather continue using `push_neg` in your project, you can implement it as follows:
```
open Lean.Parser.Tactic in
macro "push_neg" cfg:optConfig loc:(location)? : tactic =>
  `(tactic| push $cfg:optConfig Not $[$loc]?)
```
warning: SierpinskiFormal/RenewalWordGenerating.lean:173:0: automatically included section variable(s) unused in theorem `IndependentZeroBlocks.tsum_markerGapListTerms_eq_geometricMoments`:
  [DecidableEq C]
consider restructuring your `variable` declarations so that the variables are not in scope or explicitly omit them:
  omit [DecidableEq C] in theorem ...

Note: This linter can be disabled with `set_option linter.unusedSectionVars false`
warning: SierpinskiFormal/RenewalWordGenerating.lean:285:28: Variable name `hmass` is not explicitly referenced.

Hint: The binding can be removed (if unused) or named `_` (if used implicitly). Alternatively, prefix the name with `_` to silence this warning:
  [apply] _hmass

Note: This linter can be disabled with `set_option linter.unusedVariables false`
warning: SierpinskiFormal/RenewalWordGenerating.lean:330:5: Variable name `hs0` is not explicitly referenced.

Hint: The binding can be removed (if unused) or named `_` (if used implicitly). Alternatively, prefix the name with `_` to silence this warning:
  [apply] _hs0

Note: This linter can be disabled with `set_option linter.unusedVariables false`
warning: SierpinskiFormal/RenewalWordGenerating.lean:371:0: automatically included section variable(s) unused in theorem `IndependentZeroBlocks.wordWeight_nonneg`:
  [Fintype C]
consider restructuring your `variable` declarations so that the variables are not in scope or explicitly omit them:
  omit [Fintype C] in theorem ...

Note: This linter can be disabled with `set_option linter.unusedSectionVars false`
warning: SierpinskiFormal/RenewalWordGenerating.lean:377:0: automatically included section variable(s) unused in theorem `IndependentZeroBlocks.wordWeight_pos`:
  [Fintype C]
consider restructuring your `variable` declarations so that the variables are not in scope or explicitly omit them:
  omit [Fintype C] in theorem ...

Note: This linter can be disabled with `set_option linter.unusedSectionVars false`
warning: SierpinskiFormal/RenewalWordGenerating.lean:383:0: automatically included section variable(s) unused in theorem `IndependentZeroBlocks.ofReal_wordWeight`:
  [Fintype C]
consider restructuring your `variable` declarations so that the variables are not in scope or explicitly omit them:
  omit [Fintype C] in theorem ...

Note: This linter can be disabled with `set_option linter.unusedSectionVars false`
warning: SierpinskiFormal/RenewalWordGenerating.lean:401:40: This simp argument is unused:
  hp c

Hint: Omit it from the simp argument list.
  [apply] simp [hce]

Note: This linter can be disabled with `set_option linter.unusedSimpArgs false`
warning: SierpinskiFormal/RenewalWordGenerating.lean:473:0: automatically included section variable(s) unused in theorem `IndependentZeroBlocks.wordWeight_mul_left`:
  [Fintype C]
consider restructuring your `variable` declarations so that the variables are not in scope or explicitly omit them:
  omit [Fintype C] in theorem ...

Note: This linter can be disabled with `set_option linter.unusedSectionVars false`
warning: SierpinskiFormal/RenewalWordGenerating.lean:537:0: automatically included section variable(s) unused in theorem `IndependentZeroBlocks.continuous_tiltedGapLaw`:
  [Fintype C]
  [DecidableEq C]
consider restructuring your `variable` declarations so that the variables are not in scope or explicitly omit them:
  omit [Fintype C] [DecidableEq C] in theorem ...

Note: This linter can be disabled with `set_option linter.unusedSectionVars false`
✔ [3371/3403] Built Mathlib.Analysis.Calculus.DSlope (3.1s)
✔ [3372/3403] Built Mathlib.Analysis.Calculus.ContDiff.Comp (11s)
✔ [3373/3403] Built Mathlib.Analysis.Calculus.FDeriv.Pow (7.0s)
✔ [3374/3403] Built Mathlib.Data.Finite.Vector (826ms)
✔ [3375/3405] Built Mathlib.Analysis.Calculus.Deriv.Mul (17s)
✔ [3376/3405] Built Mathlib.Analysis.Analytic.IsolatedZeros (6.9s)
✔ [3377/3405] Built Mathlib.Analysis.Calculus.ContDiff.Deriv (3.5s)
✔ [3378/3405] Built Mathlib.Analysis.Calculus.Deriv.Pow (3.8s)
✔ [3379/3405] Built Mathlib.Data.Set.Finite.List (958ms)
✔ [3380/3406] Built SierpinskiFormal.FiniteLengthCompression (2.0s)
✔ [3381/3406] Built Mathlib.Analysis.Calculus.Deriv.MeanValue (4.7s)
✔ [3382/3406] Built Mathlib.Analysis.Calculus.ContDiff.Operations (24s)
✔ [3383/3406] Built Mathlib.Analysis.Calculus.MeanValue (9.2s)
✔ [3384/3406] Built Mathlib.Analysis.Calculus.Deriv.CompMul (1.0s)
✔ [3385/3406] Built Mathlib.Analysis.Calculus.Deriv.Inv (4.6s)
✔ [3386/3406] Built Mathlib.Analysis.Calculus.IteratedDeriv.Defs (5.2s)
✔ [3387/3406] Built Mathlib.Analysis.Complex.RealDeriv (3.8s)
✔ [3388/3406] Built Mathlib.Analysis.Calculus.ContDiff.RCLike (3.4s)
✔ [3389/3413] Built Mathlib.Algebra.Order.Group.DenselyOrdered (1.5s)
✔ [3390/3413] Built Mathlib.Analysis.Calculus.Deriv.Shift (2.3s)
✔ [3391/3413] Built Mathlib.Topology.Algebra.Order.LiminfLimsup (2.7s)
✔ [3392/3415] Built Mathlib.Analysis.Calculus.Deriv.ZPow (4.1s)
✔ [3393/3415] Built Mathlib.MeasureTheory.Integral.BoundedContinuousFunction (2.9s)
✔ [3394/3417] Built Mathlib.Analysis.Calculus.LogDeriv (4.2s)
⚠ [3395/3417] Built SierpinskiFormal.GroupFlowAtomic (2.7s)
warning: SierpinskiFormal/GroupFlowAtomic.lean:36:5: Variable name `hnonneg` is not explicitly referenced.

Hint: The binding can be removed (if unused) or named `_` (if used implicitly). Alternatively, prefix the name with `_` to silence this warning:
  [apply] _hnonneg

Note: This linter can be disabled with `set_option linter.unusedVariables false`
warning: SierpinskiFormal/GroupFlowAtomic.lean:49:2: `push_neg` has been deprecated. Prefer using `push Not` instead.
If you'd rather continue using `push_neg` in your project, you can implement it as follows:
```
open Lean.Parser.Tactic in
macro "push_neg" cfg:optConfig loc:(location)? : tactic =>
  `(tactic| push $cfg:optConfig Not $[$loc]?)
```
warning: SierpinskiFormal/GroupFlowAtomic.lean:65:0: automatically included section variable(s) unused in theorem `IndependentZeroBlocks.inverse_step_mapsTo_maxLevel`:
  [Nonempty D]
consider restructuring your `variable` declarations so that the variables are not in scope or explicitly omit them:
  omit [Nonempty D] in theorem ...

Note: This linter can be disabled with `set_option linter.unusedSectionVars false`
✔ [3396/3417] Built Mathlib.MeasureTheory.Measure.HasOuterApproxClosed (3.1s)
⚠ [3397/3417] Built SierpinskiFormal.GroupFlowProbability (2.5s)
warning: SierpinskiFormal/GroupFlowProbability.lean:25:0: automatically included section variable(s) unused in theorem `IndependentZeroBlocks.measureAtomMass_nonneg`:
  [MeasurableSingletonClass X]
  [Countable X]
consider restructuring your `variable` declarations so that the variables are not in scope or explicitly omit them:
  omit [MeasurableSingletonClass X] [Countable X] in theorem ...

Note: This linter can be disabled with `set_option linter.unusedSectionVars false`
warning: SierpinskiFormal/GroupFlowProbability.lean:71:4: Try `simp at this` instead of `simpa using this`

Note: This linter can be disabled with `set_option linter.unnecessarySimpa false`
✔ [3398/3417] Built Mathlib.Analysis.Calculus.IteratedDeriv.Lemmas (17s)
✔ [3399/3417] Built SierpinskiFormal.CountableGroupFlowAtomic (2.4s)
⚠ [3400/3417] Built SierpinskiFormal.GroupFlowStationaryState (4.3s)
warning: SierpinskiFormal/GroupFlowStationaryState.lean:23:0: automatically included section variable(s) unused in theorem `IndependentZeroBlocks.weakDual_finset_sum_apply`:
  [CompactSpace X]
  [T2Space X]
consider restructuring your `variable` declarations so that the variables are not in scope or explicitly omit them:
  omit [CompactSpace X] [T2Space X] in theorem ...

Note: This linter can be disabled with `set_option linter.unusedSectionVars false`
warning: SierpinskiFormal/GroupFlowStationaryState.lean:50:8: automatically included section variable(s) unused in theorem `IndependentZeroBlocks.pullbackState_apply`:
  [CompactSpace X]
  [T2Space X]
consider restructuring your `variable` declarations so that the variables are not in scope or explicitly omit them:
  omit [CompactSpace X] [T2Space X] in theorem ...

Note: This linter can be disabled with `set_option linter.unusedSectionVars false`
warning: SierpinskiFormal/GroupFlowStationaryState.lean:59:0: automatically included section variable(s) unused in theorem `IndependentZeroBlocks.continuous_pullbackState`:
  [CompactSpace X]
  [T2Space X]
consider restructuring your `variable` declarations so that the variables are not in scope or explicitly omit them:
  omit [CompactSpace X] [T2Space X] in theorem ...

Note: This linter can be disabled with `set_option linter.unusedSectionVars false`
warning: SierpinskiFormal/GroupFlowStationaryState.lean:138:4: Unused tactic linter: `change
  ((n + 1 : ℕ) : ℝ)⁻¹ * ∑ k ∈ Finset.range (n + 1), (((pullbackState X P hP)^[k] L).1 (P f)) - _ = _` does nothing

Note: This linter can be disabled with `set_option linter.unusedTactic false`
warning: SierpinskiFormal/GroupFlowStationaryState.lean:186:2: Try this: 
  letI̵

The goal is a proposition, so `let` is preferred over `letI`.
The difference between `let` and `letI` is that `letI` inlines the value.
But this is not relevant for proofs because of proof irrelevance.

Note: This linter can be disabled with `set_option linter.style.haveILetI false`
warning: SierpinskiFormal/GroupFlowStationaryState.lean:194:2: Try this: 
  haveI̵

The goal is a proposition, so `have` is preferred over `haveI`.
The difference between `have` and `haveI` is that `haveI` inlines the value.
But this is not relevant for proofs because of proof irrelevance.

Note: This linter can be disabled with `set_option linter.style.haveILetI false`
warning: SierpinskiFormal/GroupFlowStationaryState.lean:241:8: automatically included section variable(s) unused in theorem `IndependentZeroBlocks.continuousPrecompCLM_apply`:
  [T2Space X]
consider restructuring your `variable` declarations so that the variables are not in scope or explicitly omit them:
  omit [T2Space X] in theorem ...

Note: This linter can be disabled with `set_option linter.unusedSectionVars false`
warning: SierpinskiFormal/GroupFlowStationaryState.lean:249:8: automatically included section variable(s) unused in theorem `IndependentZeroBlocks.finiteMapAverage_apply`:
  [Nonempty D]
consider restructuring your `variable` declarations so that the variables are not in scope or explicitly omit them:
  omit [Nonempty D] in theorem ...

Note: This linter can be disabled with `set_option linter.unusedSectionVars false`
warning: SierpinskiFormal/GroupFlowStationaryState.lean:306:2: Try this: 
  letI̵

The goal is a proposition, so `let` is preferred over `letI`.
The difference between `let` and `letI` is that `letI` inlines the value.
But this is not relevant for proofs because of proof irrelevance.

Note: This linter can be disabled with `set_option linter.style.haveILetI false`
warning: SierpinskiFormal/GroupFlowStationaryState.lean:335:6: `MeasureTheory.integral_finset_sum_measure` has been deprecated: Use `MeasureTheory.integral_finsetSum_measure` instead
warning: SierpinskiFormal/GroupFlowStationaryState.lean:350:4: Try this: 
  letI̵

The goal is a proposition, so `let` is preferred over `letI`.
The difference between `let` and `letI` is that `letI` inlines the value.
But this is not relevant for proofs because of proof irrelevance.

Note: This linter can be disabled with `set_option linter.style.haveILetI false`
warning: SierpinskiFormal/GroupFlowStationaryState.lean:354:4: Try this: 
  letI̵

The goal is a proposition, so `let` is preferred over `letI`.
The difference between `let` and `letI` is that `letI` inlines the value.
But this is not relevant for proofs because of proof irrelevance.

Note: This linter can be disabled with `set_option linter.style.haveILetI false`
warning: SierpinskiFormal/GroupFlowStationaryState.lean:309:35: This simp argument is unused:
  Measure.sum_apply

Hint: Omit it from the simp argument list.
  [apply] simp [finiteMapMeasureAverage, Measure.smul_apply, Measure.map_apply, (T _).continuous.measurable]

Note: This linter can be disabled with `set_option linter.unusedSimpArgs false`
warning: SierpinskiFormal/GroupFlowStationaryState.lean:309:54: This simp argument is unused:
  Measure.smul_apply

Hint: Omit it from the simp argument list.
  [apply] simp [finiteMapMeasureAverage, Measure.sum_apply, Measure.map_apply, (T _).continuous.measurable]

Note: This linter can be disabled with `set_option linter.unusedSimpArgs false`
✔ [3401/3420] Built Mathlib.Analysis.SpecialFunctions.ExpDeriv (4.3s)
⚠ [3402/3420] Built SierpinskiFormal.CountableGroupFlowStationary (2.6s)
warning: SierpinskiFormal/CountableGroupFlowStationary.lean:84:4: Try `simp at this` instead of `simpa using this`

Note: This linter can be disabled with `set_option linter.unnecessarySimpa false`
warning: SierpinskiFormal/CountableGroupFlowStationary.lean:66:0: automatically included section variable(s) unused in theorem `IndependentZeroBlocks.countable_exists_invariant_finite_orbit_finset_of_stationary_probability`:
  [TopologicalSpace X]
  [BorelSpace X]
  [ContinuousConstSMul G X]
consider restructuring your `variable` declarations so that the variables are not in scope or explicitly omit them:
  omit [TopologicalSpace X] [BorelSpace X] [ContinuousConstSMul G X] in theorem ...

Note: This linter can be disabled with `set_option linter.unusedSectionVars false`
⚠ [3403/3420] Built SierpinskiFormal.AbelMarkovState (4.3s)
warning: SierpinskiFormal/AbelMarkovState.lean:28:0: automatically included section variable(s) unused in theorem `IndependentZeroBlocks.summable_discountedStateTerm`:
  [T2Space X]
consider restructuring your `variable` declarations so that the variables are not in scope or explicitly omit them:
  omit [T2Space X] in theorem ...

Note: This linter can be disabled with `set_option linter.unusedSectionVars false`
warning: SierpinskiFormal/AbelMarkovState.lean:182:0: automatically included section variable(s) unused in theorem `IndependentZeroBlocks.norm_state_apply_le`:
  [T2Space X]
consider restructuring your `variable` declarations so that the variables are not in scope or explicitly omit them:
  omit [T2Space X] in theorem ...

Note: This linter can be disabled with `set_option linter.unusedSectionVars false`
warning: SierpinskiFormal/AbelMarkovState.lean:201:2: Try this: 
  haveI̵

The goal is a proposition, so `have` is preferred over `haveI`.
The difference between `have` and `haveI` is that `haveI` inlines the value.
But this is not relevant for proofs because of proof irrelevance.

Note: This linter can be disabled with `set_option linter.style.haveILetI false`
warning: SierpinskiFormal/AbelMarkovState.lean:348:2: `push_neg` has been deprecated. Prefer using `push Not` instead.
If you'd rather continue using `push_neg` in your project, you can implement it as follows:
```
open Lean.Parser.Tactic in
macro "push_neg" cfg:optConfig loc:(location)? : tactic =>
  `(tactic| push $cfg:optConfig Not $[$loc]?)
```
warning: SierpinskiFormal/AbelMarkovState.lean:355:2: Try this: 
  haveI̵

The goal is a proposition, so `have` is preferred over `haveI`.
The difference between `have` and `haveI` is that `haveI` inlines the value.
But this is not relevant for proofs because of proof irrelevance.

Note: This linter can be disabled with `set_option linter.style.haveILetI false`
warning: SierpinskiFormal/AbelMarkovState.lean:356:2: Try this: 
  letI̵

The goal is a proposition, so `let` is preferred over `letI`.
The difference between `let` and `letI` is that `letI` inlines the value.
But this is not relevant for proofs because of proof irrelevance.

Note: This linter can be disabled with `set_option linter.style.haveILetI false`
warning: SierpinskiFormal/AbelMarkovState.lean:363:2: Try this: 
  haveI̵

The goal is a proposition, so `have` is preferred over `haveI`.
The difference between `have` and `haveI` is that `haveI` inlines the value.
But this is not relevant for proofs because of proof irrelevance.

Note: This linter can be disabled with `set_option linter.style.haveILetI false`
warning: SierpinskiFormal/AbelMarkovState.lean:340:0: automatically included section variable(s) unused in theorem `IndependentZeroBlocks.tendsto_state_eval_of_forall_mapClusterPt`:
  [T2Space X]
consider restructuring your `variable` declarations so that the variables are not in scope or explicitly omit them:
  omit [T2Space X] in theorem ...

Note: This linter can be disabled with `set_option linter.unusedSectionVars false`
⚠ [3404/3422] Built SierpinskiFormal.GroupBooleanFlow (3.6s)
warning: SierpinskiFormal/GroupBooleanFlow.lean:20:2: Try this: 
  letI̵

The goal is a proposition, so `let` is preferred over `letI`.
The difference between `let` and `letI` is that `letI` inlines the value.
But this is not relevant for proofs because of proof irrelevance.

Note: This linter can be disabled with `set_option linter.style.haveILetI false`
✔ [3405/3422] Built SierpinskiFormal.GroupFiniteOrbitAverage (4.2s)
✔ [3406/3424] Built Mathlib.Analysis.Normed.Module.Ray (2.6s)
✔ [3407/3424] Built Mathlib.Analysis.SpecialFunctions.Log.Deriv (9.3s)
⚠ [3408/3425] Built SierpinskiFormal.GroupBooleanInversion (3.4s)
warning: SierpinskiFormal/GroupBooleanInversion.lean:40:0: automatically included section variable(s) unused in theorem `IndependentZeroBlocks.inverseGroupPredicate_hasBooleanDoubleLimitProperty`:
  [TopologicalSpace G]
  [DiscreteTopology G]
consider restructuring your `variable` declarations so that the variables are not in scope or explicitly omit them:
  omit [TopologicalSpace G] [DiscreteTopology G] in theorem ...

Note: This linter can be disabled with `set_option linter.unusedSectionVars false`
✔ [3409/3425] Built Mathlib.Analysis.Convex.StrictConvexSpace (2.8s)
✔ [3410/3425] Built Mathlib.MeasureTheory.Function.StronglyMeasurable.ENNReal (1.4s)
✔ [3411/3428] Built Mathlib.MeasureTheory.Function.StronglyMeasurable.Lp (1.9s)
✔ [3412/3432] Built Mathlib.Analysis.Complex.ExponentialBounds (3.5s)
✔ [3413/3432] Built Mathlib.MeasureTheory.Function.AEEqOfLIntegral (2.7s)
✔ [3414/3432] Built Mathlib.Order.Filter.Germ.OrderedMonoid (1.2s)
✔ [3415/3435] Built Mathlib.NumberTheory.Harmonic.EulerMascheroni (2.5s)
✔ [3416/3435] Built Mathlib.Order.Filter.Ring (1.3s)
✔ [3417/3439] Built SierpinskiFormal.LogDensityNormalization (3.6s)
✔ [3418/3439] Built Mathlib.MeasureTheory.Integral.Average (9.0s)
✔ [3419/3439] Built Mathlib.Topology.Metrizable.Urysohn (1.9s)
✔ [3420/3442] Built Mathlib.MeasureTheory.Function.AEEqOfIntegral (4.5s)
⚠ [3421/3442] Built SierpinskiFormal.RadixLogDensityTransfer (6.1s)
warning: SierpinskiFormal/RadixLogDensityTransfer.lean:266:13: `tendsto_finset_sum` has been deprecated: Use `tendsto_finsetSum` instead
warning: SierpinskiFormal/RadixLogDensityTransfer.lean:290:13: `tendsto_finset_sum` has been deprecated: Use `tendsto_finsetSum` instead
⚠ [3422/3446] Built SierpinskiFormal.GroupFlowStationaryMeasure (3.1s)
warning: SierpinskiFormal/GroupFlowStationaryMeasure.lean:33:8: automatically included section variable(s) unused in theorem `IndependentZeroBlocks.groupActionContinuousMap_apply`:
  [CompactSpace X]
  [T2Space X]
  [MeasurableSpace X]
  [BorelSpace X]
  [HasOuterApproxClosed X]
  [MeasurableSingletonClass X]
  [Countable X]
consider restructuring your `variable` declarations so that the variables are not in scope or explicitly omit them:
  omit [CompactSpace
  X] [T2Space
  X] [MeasurableSpace
  X] [BorelSpace X] [HasOuterApproxClosed X] [MeasurableSingletonClass X] [Countable X] in theorem ...

Note: This linter can be disabled with `set_option linter.unusedSectionVars false`
warning: SierpinskiFormal/GroupFlowStationaryMeasure.lean:53:2: Try this: 
  letI̵

The goal is a proposition, so `let` is preferred over `letI`.
The difference between `let` and `letI` is that `letI` inlines the value.
But this is not relevant for proofs because of proof irrelevance.

Note: This linter can be disabled with `set_option linter.style.haveILetI false`
warning: SierpinskiFormal/GroupFlowStationaryMeasure.lean:42:0: automatically included section variable(s) unused in theorem `IndependentZeroBlocks.exists_stationary_group_action_state_isMapClusterPt`:
  [MeasurableSpace X]
  [BorelSpace X]
  [HasOuterApproxClosed X]
  [MeasurableSingletonClass X]
  [Countable X]
consider restructuring your `variable` declarations so that the variables are not in scope or explicitly omit them:
  omit [MeasurableSpace
  X] [BorelSpace X] [HasOuterApproxClosed X] [MeasurableSingletonClass X] [Countable X] in theorem ...

Note: This linter can be disabled with `set_option linter.unusedSectionVars false`
warning: SierpinskiFormal/GroupFlowStationaryMeasure.lean:61:0: automatically included section variable(s) unused in theorem `IndependentZeroBlocks.stateRieszMeasure_eq_groupActionMeasureAverage`:
  [MeasurableSingletonClass X]
  [Countable X]
consider restructuring your `variable` declarations so that the variables are not in scope or explicitly omit them:
  omit [MeasurableSingletonClass X] [Countable X] in theorem ...

Note: This linter can be disabled with `set_option linter.unusedSectionVars false`
warning: SierpinskiFormal/GroupFlowStationaryMeasure.lean:107:6: `MeasureTheory.Measure.finset_sum_apply` has been deprecated: Use `MeasureTheory.Measure.finsetSum_apply` instead
warning: SierpinskiFormal/GroupFlowStationaryMeasure.lean:76:0: automatically included section variable(s) unused in theorem `IndependentZeroBlocks.isStationaryMass_measureAtomMass_of_groupActionMeasureAverage`:
  [CompactSpace X]
  [T2Space X]
  [HasOuterApproxClosed X]
  [Countable X]
  [Nonempty D]
consider restructuring your `variable` declarations so that the variables are not in scope or explicitly omit them:
  omit [CompactSpace X] [T2Space X] [HasOuterApproxClosed X] [Countable X] [Nonempty D] in theorem ...

Note: This linter can be disabled with `set_option linter.unusedSectionVars false`
warning: SierpinskiFormal/GroupFlowStationaryMeasure.lean:170:2: Try this: 
  letI̵

The goal is a proposition, so `let` is preferred over `letI`.
The difference between `let` and `letI` is that `letI` inlines the value.
But this is not relevant for proofs because of proof irrelevance.

Note: This linter can be disabled with `set_option linter.style.haveILetI false`
✔ [3423/3446] Built Mathlib.Analysis.Convex.Integral (4.5s)
⚠ [3424/3446] Built SierpinskiFormal.CommonContextLogDensity (3.9s)
warning: SierpinskiFormal/CommonContextLogDensity.lean:73:13: `tendsto_finset_sum` has been deprecated: Use `tendsto_finsetSum` instead
warning: SierpinskiFormal/CommonContextLogDensity.lean:109:13: `tendsto_finset_sum` has been deprecated: Use `tendsto_finsetSum` instead
✔ [3425/3446] Built SierpinskiFormal.RenewalBoundaryMixture (2.8s)
⚠ [3426/3446] Built SierpinskiFormal.CesaroAbelTransfer (5.4s)
warning: SierpinskiFormal/CesaroAbelTransfer.lean:45:39: This simp argument is unused:
  mul_left_comm

Hint: Omit it from the simp argument list.
  [apply] simp [cesaroAbelKernel, mul_assoc, mul_comm]

Note: This linter can be disabled with `set_option linter.unusedSimpArgs false`
warning: SierpinskiFormal/CesaroAbelTransfer.lean:94:6: This simp argument is unused:
  abs_of_nonneg hB0

Hint: Omit it from the simp argument list.
  [apply] simp only [Real.norm_eq_abs, abs_mul, abs_of_nonneg (hker0 n)]

Note: This linter can be disabled with `set_option linter.unusedSimpArgs false`
⚠ [3427/3446] Built SierpinskiFormal.MatrixWordLogDensityBridge (3.3s)
warning: SierpinskiFormal/MatrixWordLogDensityBridge.lean:126:12: This simp argument is unused:
  x

Hint: Omit it from the simp argument list.
  [apply] simp

Note: This linter can be disabled with `set_option linter.unusedSimpArgs false`
warning: SierpinskiFormal/MatrixWordLogDensityBridge.lean:189:2: Try this: 
  letI̵

The goal is a proposition, so `let` is preferred over `letI`.
The difference between `let` and `letI` is that `letI` inlines the value.
But this is not relevant for proofs because of proof irrelevance.

Note: This linter can be disabled with `set_option linter.style.haveILetI false`
warning: SierpinskiFormal/MatrixWordLogDensityBridge.lean:237:2: Try this: 
  letI̵

The goal is a proposition, so `let` is preferred over `letI`.
The difference between `let` and `letI` is that `letI` inlines the value.
But this is not relevant for proofs because of proof irrelevance.

Note: This linter can be disabled with `set_option linter.style.haveILetI false`
⚠ [3428/3446] Built SierpinskiFormal.CountableGroupFlowRiesz (2.8s)
warning: SierpinskiFormal/CountableGroupFlowRiesz.lean:51:2: Try this: 
  letI̵

The goal is a proposition, so `let` is preferred over `letI`.
The difference between `let` and `letI` is that `letI` inlines the value.
But this is not relevant for proofs because of proof irrelevance.

Note: This linter can be disabled with `set_option linter.style.haveILetI false`
warning: SierpinskiFormal/CountableGroupFlowRiesz.lean:42:0: automatically included section variable(s) unused in theorem `IndependentZeroBlocks.stateRieszMeasure_eq_countableGroupActionMeasureAverage`:
  [MeasurableSingletonClass X]
  [Countable X]
consider restructuring your `variable` declarations so that the variables are not in scope or explicitly omit them:
  omit [MeasurableSingletonClass X] [Countable X] in theorem ...

Note: This linter can be disabled with `set_option linter.unusedSectionVars false`
⚠ [3429/3446] Built SierpinskiFormal.CesaroResidueAssembly (2.2s)
warning: SierpinskiFormal/CesaroResidueAssembly.lean:46:5: `tendsto_finset_sum` has been deprecated: Use `tendsto_finsetSum` instead
⚠ [3430/3446] Built SierpinskiFormal.GroupInvariantBarycenter (3.2s)
warning: SierpinskiFormal/GroupInvariantBarycenter.lean:25:2: Try this: 
  letI̵

The goal is a proposition, so `let` is preferred over `letI`.
The difference between `let` and `letI` is that `letI` inlines the value.
But this is not relevant for proofs because of proof irrelevance.

Note: This linter can be disabled with `set_option linter.style.haveILetI false`
⚠ [3431/3453] Built SierpinskiFormal.GroupFlowWordAverages (3.6s)
warning: SierpinskiFormal/GroupFlowWordAverages.lean:27:8: automatically included section variable(s) unused in theorem `IndependentZeroBlocks.booleanGroupFlowPoint_apply`:
  [TopologicalSpace G]
  [DiscreteTopology G]
consider restructuring your `variable` declarations so that the variables are not in scope or explicitly omit them:
  omit [TopologicalSpace G] [DiscreteTopology G] in theorem ...

Note: This linter can be disabled with `set_option linter.unusedSectionVars false`
warning: SierpinskiFormal/GroupFlowWordAverages.lean:37:8: automatically included section variable(s) unused in theorem `IndependentZeroBlocks.booleanGroupFlowCoordinate_apply`:
  [TopologicalSpace G]
  [DiscreteTopology G]
consider restructuring your `variable` declarations so that the variables are not in scope or explicitly omit them:
  omit [TopologicalSpace G] [DiscreteTopology G] in theorem ...

Note: This linter can be disabled with `set_option linter.unusedSectionVars false`
warning: SierpinskiFormal/GroupFlowWordAverages.lean:50:27: Variable name `a` is not explicitly referenced.

Hint: The binding can be removed (if unused) or named `_` (if used implicitly). Alternatively, prefix the name with `_` to silence this warning:
  [apply] _a

Note: This linter can be disabled with `set_option linter.unusedVariables false`
warning: SierpinskiFormal/GroupFlowWordAverages.lean:52:0: automatically included section variable(s) unused in theorem `IndependentZeroBlocks.uniformAlphabetWeight_nonneg`:
  [TopologicalSpace A]
  [DiscreteTopology A]
  [Nonempty A]
consider restructuring your `variable` declarations so that the variables are not in scope or explicitly omit them:
  omit [TopologicalSpace A] [DiscreteTopology A] [Nonempty A] in theorem ...

Note: This linter can be disabled with `set_option linter.unusedSectionVars false`
warning: SierpinskiFormal/GroupFlowWordAverages.lean:56:0: automatically included section variable(s) unused in theorem `IndependentZeroBlocks.uniformAlphabetWeight_pos`:
  [TopologicalSpace A]
  [DiscreteTopology A]
consider restructuring your `variable` declarations so that the variables are not in scope or explicitly omit them:
  omit [TopologicalSpace A] [DiscreteTopology A] in theorem ...

Note: This linter can be disabled with `set_option linter.unusedSectionVars false`
warning: SierpinskiFormal/GroupFlowWordAverages.lean:60:0: automatically included section variable(s) unused in theorem `IndependentZeroBlocks.sum_uniformAlphabetWeight`:
  [TopologicalSpace A]
  [DiscreteTopology A]
consider restructuring your `variable` declarations so that the variables are not in scope or explicitly omit them:
  omit [TopologicalSpace A] [DiscreteTopology A] in theorem ...

Note: This linter can be disabled with `set_option linter.unusedSectionVars false`
info: SierpinskiFormal/GroupFlowWordAverages.lean:82:4: Try this:
  [apply] ring_nf
  
  The `ring` tactic failed to close the goal. Use `ring_nf` to obtain a normal form.
    
  Note that `ring` works primarily in *commutative* rings. If you have a noncommutative ring, abelian group or module, consider using `noncomm_ring`, `abel` or `module` instead.
warning: SierpinskiFormal/GroupFlowWordAverages.lean:96:8: automatically included section variable(s) unused in theorem `IndependentZeroBlocks.booleanGroupContextWordIndicator_apply`:
  [TopologicalSpace G]
  [DiscreteTopology G]
  [Fintype A]
  [Nonempty A]
consider restructuring your `variable` declarations so that the variables are not in scope or explicitly omit them:
  omit [TopologicalSpace G] [DiscreteTopology G] [Fintype A] [Nonempty A] in theorem ...

Note: This linter can be disabled with `set_option linter.unusedSectionVars false`
warning: SierpinskiFormal/GroupFlowWordAverages.lean:116:40: This simp argument is unused:
  groupActionContinuousMap_apply

Hint: Omit it from the simp argument list.
  [apply] simp only [uniformAlphabetWeight]

Note: This linter can be disabled with `set_option linter.unusedSimpArgs false`
warning: SierpinskiFormal/GroupFlowWordAverages.lean:194:2: Try this: 
  letI̵

The goal is a proposition, so `let` is preferred over `letI`.
The difference between `let` and `letI` is that `letI` inlines the value.
But this is not relevant for proofs because of proof irrelevance.

Note: This linter can be disabled with `set_option linter.style.haveILetI false`
⚠ [3432/3453] Built SierpinskiFormal.WeightedWordEnumeration (2.6s)
warning: SierpinskiFormal/WeightedWordEnumeration.lean:14:0: automatically included section variable(s) unused in theorem `IndependentZeroBlocks.weightedWordExtensionAverage_eq_tuple_sum`:
  [DiscreteTopology A]
  [Nonempty A]
consider restructuring your `variable` declarations so that the variables are not in scope or explicitly omit them:
  omit [DiscreteTopology A] [Nonempty A] in theorem ...

Note: This linter can be disabled with `set_option linter.unusedSectionVars false`
warning: SierpinskiFormal/WeightedWordEnumeration.lean:33:0: automatically included section variable(s) unused in theorem `IndependentZeroBlocks.sum_tuple_wordWeight_eq_one`:
  [TopologicalSpace A]
  [DiscreteTopology A]
  [Nonempty A]
consider restructuring your `variable` declarations so that the variables are not in scope or explicitly omit them:
  omit [TopologicalSpace A] [DiscreteTopology A] [Nonempty A] in theorem ...

Note: This linter can be disabled with `set_option linter.unusedSectionVars false`
⚠ [3433/3453] Built SierpinskiFormal.CountableGroupRationalMean (2.5s)
warning: SierpinskiFormal/CountableGroupRationalMean.lean:43:2: Try this: 
  letI̵

The goal is a proposition, so `let` is preferred over `letI`.
The difference between `let` and `letI` is that `letI` inlines the value.
But this is not relevant for proofs because of proof irrelevance.

Note: This linter can be disabled with `set_option linter.style.haveILetI false`
✔ [3434/3453] Built SierpinskiFormal.WeightedBlockCoding (2.9s)
⚠ [3435/3453] Built SierpinskiFormal.MatrixBoundaryExpansion (3.8s)
warning: SierpinskiFormal/MatrixBoundaryExpansion.lean:35:8: automatically included section variable(s) unused in theorem `IndependentZeroBlocks.MarkerBoundary.length_word`:
  [DecidableEq A]
consider restructuring your `variable` declarations so that the variables are not in scope or explicitly omit them:
  omit [DecidableEq A] in theorem ...

Note: This linter can be disabled with `set_option linter.unusedSectionVars false`
warning: SierpinskiFormal/MatrixBoundaryExpansion.lean:47:0: automatically included section variable(s) unused in theorem `IndependentZeroBlocks.append_marker_inj_of_prefix_free`:
  [DecidableEq A]
consider restructuring your `variable` declarations so that the variables are not in scope or explicitly omit them:
  omit [DecidableEq A] in theorem ...

Note: This linter can be disabled with `set_option linter.unusedSectionVars false`
warning: SierpinskiFormal/MatrixBoundaryExpansion.lean:120:0: automatically included section variable(s) unused in theorem `IndependentZeroBlocks.exactLengthWordSum_eq_tuple_sum`:
  [DecidableEq A]
consider restructuring your `variable` declarations so that the variables are not in scope or explicitly omit them:
  omit [DecidableEq A] in theorem ...

Note: This linter can be disabled with `set_option linter.unusedSectionVars false`
warning: SierpinskiFormal/MatrixBoundaryExpansion.lean:163:10: `summable_of_finite_support` has been deprecated: Use `summable_of_hasFiniteSupport` instead
warning: SierpinskiFormal/MatrixBoundaryExpansion.lean:172:10: `summable_of_finite_support` has been deprecated: Use `summable_of_hasFiniteSupport` instead
warning: SierpinskiFormal/MatrixBoundaryExpansion.lean:188:14: This simp argument is unused:
  exactLengthWordSum

Hint: Omit it from the simp argument list.
  [apply] simp [lengthSet, term, hlen, hb, boundarySet]

Note: This linter can be disabled with `set_option linter.unusedSimpArgs false`
warning: SierpinskiFormal/MatrixBoundaryExpansion.lean:189:14: This simp argument is unused:
  exactLengthWordSum

Hint: Omit it from the simp argument list.
  [apply] simp [lengthSet, term, hlen, hb, boundarySet]

Note: This linter can be disabled with `set_option linter.unusedSimpArgs false`
warning: SierpinskiFormal/MatrixBoundaryExpansion.lean:190:12: This simp argument is unused:
  exactLengthWordSum

Hint: Omit it from the simp argument list.
  [apply] simp [lengthSet, hlen]

Note: This linter can be disabled with `set_option linter.unusedSimpArgs false`
warning: SierpinskiFormal/MatrixBoundaryExpansion.lean:210:20: This simp argument is unused:
  Equiv.ofInjective_apply

Hint: Omit it from the simp argument list.
  [apply] simp only [E]

Note: This linter can be disabled with `set_option linter.unusedSimpArgs false`
warning: SierpinskiFormal/MatrixBoundaryExpansion.lean:217:37: This simp argument is unused:
  hlen'

Hint: Omit it from the simp argument list.
  [apply] simp [lengthSet, term, hlen]

Note: This linter can be disabled with `set_option linter.unusedSimpArgs false`
warning: SierpinskiFormal/MatrixBoundaryExpansion.lean:220:31: This simp argument is unused:
  hlen

Hint: Omit it from the simp argument list.
  [apply] simp [lengthSet, term, hlen']

Note: This linter can be disabled with `set_option linter.unusedSimpArgs false`
warning: SierpinskiFormal/MatrixBoundaryExpansion.lean:242:0: automatically included section variable(s) unused in theorem `IndependentZeroBlocks.matrixCoefficientNonzero_boundary`:
  [DecidableEq A]
consider restructuring your `variable` declarations so that the variables are not in scope or explicitly omit them:
  omit [DecidableEq A] in theorem ...

Note: This linter can be disabled with `set_option linter.unusedSectionVars false`
warning: SierpinskiFormal/MatrixBoundaryExpansion.lean:306:10: `summable_of_finite_support` has been deprecated: Use `summable_of_hasFiniteSupport` instead
warning: SierpinskiFormal/MatrixBoundaryExpansion.lean:311:35: `Set.mem_setOf_eq` has been deprecated: Use `Set.mem_ofPred_eq` instead
warning: SierpinskiFormal/MatrixBoundaryExpansion.lean:439:10: This simp argument is unused:
  hlen

Hint: Omit it from the simp argument list.
  [apply] simp [hlen']

Note: This linter can be disabled with `set_option linter.unusedSimpArgs false`
⚠ [3436/3453] Built SierpinskiFormal.CountableAbelGroupMean (5.8s)
warning: SierpinskiFormal/CountableAbelGroupMean.lean:28:0: automatically included section variable(s) unused in theorem `IndependentZeroBlocks.norm_continuousPrecompCLM_groupAction_le`:
  [T2Space X]
  [Nonempty X]
consider restructuring your `variable` declarations so that the variables are not in scope or explicitly omit them:
  omit [T2Space X] [Nonempty X] in theorem ...

Note: This linter can be disabled with `set_option linter.unusedSectionVars false`
warning: SierpinskiFormal/CountableAbelGroupMean.lean:42:6: `ContinuousLinearMap.smul_apply` has been deprecated: Use `smul_apply` instead

Note: The updated constant is in a different namespace. Dot notation may need to be changed (e.g., from `x.smul_apply` to `smul_apply x`).
warning: SierpinskiFormal/CountableAbelGroupMean.lean:287:2: Try this: 
  letI̵

The goal is a proposition, so `let` is preferred over `letI`.
The difference between `let` and `letI` is that `letI` inlines the value.
But this is not relevant for proofs because of proof irrelevance.

Note: This linter can be disabled with `set_option linter.style.haveILetI false`
warning: SierpinskiFormal/CountableAbelGroupMean.lean:305:2: Try this: 
  letI̵

The goal is a proposition, so `let` is preferred over `letI`.
The difference between `let` and `letI` is that `letI` inlines the value.
But this is not relevant for proofs because of proof irrelevance.

Note: This linter can be disabled with `set_option linter.style.haveILetI false`
⚠ [3437/3453] Built SierpinskiFormal.RareMarkerDecay (4.1s)
warning: SierpinskiFormal/RareMarkerDecay.lean:46:21: This simp argument is unused:
  ha

Hint: Omit it from the simp argument list.
  [apply] simp [Ne.symm ha, t.left_free]

Note: This linter can be disabled with `set_option linter.unusedSimpArgs false`
warning: SierpinskiFormal/RareMarkerDecay.lean:86:29: This simp argument is unused:
  Ne.symm hae

Hint: Omit it from the simp argument list.
  [apply] simp [zeroMarkerMass, hae]

Note: This linter can be disabled with `set_option linter.unusedSimpArgs false`
warning: SierpinskiFormal/RareMarkerDecay.lean:102:28: This simp argument is unused:
  Ne.symm hae

Hint: Omit it from the simp argument list.
  [apply] simp [oneMarkerMass, hae]

Note: This linter can be disabled with `set_option linter.unusedSimpArgs false`
warning: SierpinskiFormal/RareMarkerDecay.lean:122:0: automatically included section variable(s) unused in theorem `IndependentZeroBlocks.rareBoundaryWordSum_eq_count_sum`:
  [Fintype A]
consider restructuring your `variable` declarations so that the variables are not in scope or explicitly omit them:
  omit [Fintype A] in theorem ...

Note: This linter can be disabled with `set_option linter.unusedSectionVars false`
warning: SierpinskiFormal/RareMarkerDecay.lean:133:18: This simp argument is unused:
  hc

Hint: Omit it from the simp argument list.
  [apply] simp [hlen, hm]

Note: This linter can be disabled with `set_option linter.unusedSimpArgs false`
warning: SierpinskiFormal/RareMarkerDecay.lean:136:18: This simp argument is unused:
  hc

Hint: Omit it from the simp argument list.
  [apply] simp [hlen, hm]

Note: This linter can be disabled with `set_option linter.unusedSimpArgs false`
warning: SierpinskiFormal/RareMarkerDecay.lean:133:26: Used `tac1 <;> tac2` where `(tac1; tac2)` would suffice

Note: This linter can be disabled with `set_option linter.unnecessarySeqFocus false`
warning: SierpinskiFormal/RareMarkerDecay.lean:136:26: Used `tac1 <;> tac2` where `(tac1; tac2)` would suffice

Note: This linter can be disabled with `set_option linter.unnecessarySeqFocus false`
⚠ [3438/3453] Built SierpinskiFormal.ModuleBoundaryExpansion (3.3s)
warning: SierpinskiFormal/ModuleBoundaryExpansion.lean:66:10: `summable_of_finite_support` has been deprecated: Use `summable_of_hasFiniteSupport` instead
warning: SierpinskiFormal/ModuleBoundaryExpansion.lean:71:35: `Set.mem_setOf_eq` has been deprecated: Use `Set.mem_ofPred_eq` instead
warning: SierpinskiFormal/ModuleBoundaryExpansion.lean:184:10: This simp argument is unused:
  hlen

Hint: Omit it from the simp argument list.
  [apply] simp [hlen']

Note: This linter can be disabled with `set_option linter.unusedSimpArgs false`
⚠ [3439/3454] Built SierpinskiFormal.ArtinianCoefficientDescent (3.2s)
warning: SierpinskiFormal/ArtinianCoefficientDescent.lean:31:8: automatically included section variable(s) unused in theorem `IndependentZeroBlocks.commRingMatrixWord_nil`:
  [Fintype A]
consider restructuring your `variable` declarations so that the variables are not in scope or explicitly omit them:
  omit [Fintype A] in theorem ...

Note: This linter can be disabled with `set_option linter.unusedSectionVars false`
warning: SierpinskiFormal/ArtinianCoefficientDescent.lean:35:8: automatically included section variable(s) unused in theorem `IndependentZeroBlocks.commRingMatrixWord_append`:
  [Fintype A]
consider restructuring your `variable` declarations so that the variables are not in scope or explicitly omit them:
  omit [Fintype A] in theorem ...

Note: This linter can be disabled with `set_option linter.unusedSectionVars false`
warning: SierpinskiFormal/ArtinianCoefficientDescent.lean:70:0: automatically included section variable(s) unused in theorem `IndependentZeroBlocks.matrixObservationCoefficientSubring_matrix_mem`:
  [DecidableEq ι]
consider restructuring your `variable` declarations so that the variables are not in scope or explicitly omit them:
  omit [DecidableEq ι] in theorem ...

Note: This linter can be disabled with `set_option linter.unusedSectionVars false`
warning: SierpinskiFormal/ArtinianCoefficientDescent.lean:81:0: automatically included section variable(s) unused in theorem `IndependentZeroBlocks.matrixObservationCoefficientSubring_left_mem`:
  [DecidableEq ι]
consider restructuring your `variable` declarations so that the variables are not in scope or explicitly omit them:
  omit [DecidableEq ι] in theorem ...

Note: This linter can be disabled with `set_option linter.unusedSectionVars false`
warning: SierpinskiFormal/ArtinianCoefficientDescent.lean:91:0: automatically included section variable(s) unused in theorem `IndependentZeroBlocks.matrixObservationCoefficientSubring_seed_mem`:
  [DecidableEq ι]
consider restructuring your `variable` declarations so that the variables are not in scope or explicitly omit them:
  omit [DecidableEq ι] in theorem ...

Note: This linter can be disabled with `set_option linter.unusedSectionVars false`
warning: SierpinskiFormal/ArtinianCoefficientDescent.lean:250:2: Try this: 
  letI̵

The goal is a proposition, so `let` is preferred over `letI`.
The difference between `let` and `letI` is that `letI` inlines the value.
But this is not relevant for proofs because of proof irrelevance.

Note: This linter can be disabled with `set_option linter.style.haveILetI false`
warning: SierpinskiFormal/ArtinianCoefficientDescent.lean:271:0: automatically included section variable(s) unused in theorem `IndependentZeroBlocks.commRingMatrixWord_eq_matrixWord`:
  [Fintype A]
consider restructuring your `variable` declarations so that the variables are not in scope or explicitly omit them:
  omit [Fintype A] in theorem ...

Note: This linter can be disabled with `set_option linter.unusedSectionVars false`
warning: SierpinskiFormal/ArtinianCoefficientDescent.lean:277:0: automatically included section variable(s) unused in theorem `IndependentZeroBlocks.commRingMatrixCoefficientNonzero_eq_matrixCoefficientNonzero`:
  [Fintype A]
consider restructuring your `variable` declarations so that the variables are not in scope or explicitly omit them:
  omit [Fintype A] in theorem ...

Note: This linter can be disabled with `set_option linter.unusedSectionVars false`
⚠ [3440/3455] Built SierpinskiFormal.StationarySkew (3.6s)
warning: SierpinskiFormal/StationarySkew.lean:139:12: This simp argument is unused:
  stationaryWordSkew

Hint: Omit it from the simp argument list.
  [apply] simp [wordRightTranslate_apply]

Note: This linter can be disabled with `set_option linter.unusedSimpArgs false`
⚠ [3441/3455] Built SierpinskiFormal.CountableGroupMoments (3.0s)
warning: SierpinskiFormal/CountableGroupMoments.lean:114:0: automatically included section variable(s) unused in theorem `IndependentZeroBlocks.summable_countableGroupTupleMoment_term`:
  [TopologicalSpace G]
  [DiscreteTopology G]
consider restructuring your `variable` declarations so that the variables are not in scope or explicitly omit them:
  omit [TopologicalSpace G] [DiscreteTopology G] in theorem ...

Note: This linter can be disabled with `set_option linter.unusedSectionVars false`
warning: SierpinskiFormal/CountableGroupMoments.lean:134:8: automatically included section variable(s) unused in theorem `IndependentZeroBlocks.countableGroupTupleMoment_zero`:
  [TopologicalSpace G]
  [DiscreteTopology G]
consider restructuring your `variable` declarations so that the variables are not in scope or explicitly omit them:
  omit [TopologicalSpace G] [DiscreteTopology G] in theorem ...

Note: This linter can be disabled with `set_option linter.unusedSectionVars false`
warning: SierpinskiFormal/CountableGroupMoments.lean:182:19: This simp argument is unused:
  countableTupleWeight

Hint: Omit it from the simp argument list.
  [apply] simp only [countableTupleProduct, List.map_append, List.map_singleton, List.prod_append, List.prod_singleton]

Note: This linter can be disabled with `set_option linter.unusedSimpArgs false`
warning: SierpinskiFormal/CountableGroupMoments.lean:182:41: This simp argument is unused:
  countableTupleProduct

Hint: Omit it from the simp argument list.
  [apply] simp only [countableTupleWeight, List.map_append, List.map_singleton, List.prod_append, List.prod_singleton]

Note: This linter can be disabled with `set_option linter.unusedSimpArgs false`
info: SierpinskiFormal/CountableGroupMoments.lean:333:6: Try this:
  [apply] ring_nf
  
  The `ring` tactic failed to close the goal. Use `ring_nf` to obtain a normal form.
    
  Note that `ring` works primarily in *commutative* rings. If you have a noncommutative ring, abelian group or module, consider using `noncomm_ring`, `abel` or `module` instead.
warning: SierpinskiFormal/CountableGroupMoments.lean:472:4: try 'simp' instead of 'simpa'

Note: This linter can be disabled with `set_option linter.unnecessarySimpa false`
warning: SierpinskiFormal/CountableGroupMoments.lean:476:4: try 'simp' instead of 'simpa'

Note: This linter can be disabled with `set_option linter.unnecessarySimpa false`
warning: SierpinskiFormal/CountableGroupMoments.lean:451:20: This simp argument is unused:
  h

Hint: Omit it from the simp argument list.
  [apply] simp [hk]

Note: This linter can be disabled with `set_option linter.unusedSimpArgs false`
warning: SierpinskiFormal/CountableGroupMoments.lean:479:0: automatically included section variable(s) unused in theorem `IndependentZeroBlocks.markerGapFiberEquivTuple_symm_list`:
  [DecidableEq C]
consider restructuring your `variable` declarations so that the variables are not in scope or explicitly omit them:
  omit [DecidableEq C] in theorem ...

Note: This linter can be disabled with `set_option linter.unusedSectionVars false`
warning: SierpinskiFormal/CountableGroupMoments.lean:502:27: This simp argument is unused:
  Function.comp_apply

Hint: Omit it from the simp argument list.
  [apply] simp only [List.map_map]

Note: This linter can be disabled with `set_option linter.unusedSimpArgs false`
⚠ [3442/3455] Built SierpinskiFormal.RealWordGenerating (4.7s)
info: SierpinskiFormal/RealWordGenerating.lean:64:4: Try this:
  [apply] ring_nf
  
  The `ring` tactic failed to close the goal. Use `ring_nf` to obtain a normal form.
    
  Note that `ring` works primarily in *commutative* rings. If you have a noncommutative ring, abelian group or module, consider using `noncomm_ring`, `abel` or `module` instead.
warning: SierpinskiFormal/RealWordGenerating.lean:86:16: This simp argument is unused:
  Function.comp_def

Hint: Omit it from the simp argument list.
  [apply] simp [term, List.equivSigmaTuple, List.ofFn_get]

Note: This linter can be disabled with `set_option linter.unusedSimpArgs false`
info: SierpinskiFormal/RealWordGenerating.lean:123:8: Try this:
  [apply] ring_nf
  
  The `ring` tactic failed to close the goal. Use `ring_nf` to obtain a normal form.
    
  Note that `ring` works primarily in *commutative* rings. If you have a noncommutative ring, abelian group or module, consider using `noncomm_ring`, `abel` or `module` instead.
warning: SierpinskiFormal/RealWordGenerating.lean:135:0: automatically included section variable(s) unused in theorem `IndependentZeroBlocks.realRawTiltedGapWeight_nonneg`:
  [TopologicalSpace C]
  [DiscreteTopology C]
  [Nonempty C]
consider restructuring your `variable` declarations so that the variables are not in scope or explicitly omit them:
  omit [TopologicalSpace C] [DiscreteTopology C] [Nonempty C] in theorem ...

Note: This linter can be disabled with `set_option linter.unusedSectionVars false`
warning: SierpinskiFormal/RealWordGenerating.lean:141:8: automatically included section variable(s) unused in theorem `_private.SierpinskiFormal.RealWordGenerating.0.IndependentZeroBlocks.toReal_tiltedWordWeight_ofReal`:
  [TopologicalSpace C]
  [DiscreteTopology C]
  [Nonempty C]
consider restructuring your `variable` declarations so that the variables are not in scope or explicitly omit them:
  omit [TopologicalSpace C] [DiscreteTopology C] [Nonempty C] in theorem ...

Note: This linter can be disabled with `set_option linter.unusedSectionVars false`
warning: SierpinskiFormal/RealWordGenerating.lean:156:8: automatically included section variable(s) unused in theorem `_private.SierpinskiFormal.RealWordGenerating.0.IndependentZeroBlocks.tiltedWordWeight_ofReal_eq`:
  [TopologicalSpace C]
  [DiscreteTopology C]
  [Nonempty C]
consider restructuring your `variable` declarations so that the variables are not in scope or explicitly omit them:
  omit [TopologicalSpace C] [DiscreteTopology C] [Nonempty C] in theorem ...

Note: This linter can be disabled with `set_option linter.unusedSectionVars false`
warning: SierpinskiFormal/RealWordGenerating.lean:219:8: automatically included section variable(s) unused in theorem `_private.SierpinskiFormal.RealWordGenerating.0.IndependentZeroBlocks.summable_countableGroupTupleMoment_term_of_summable`:
  [TopologicalSpace G]
  [DiscreteTopology G]
consider restructuring your `variable` declarations so that the variables are not in scope or explicitly omit them:
  omit [TopologicalSpace G] [DiscreteTopology G] in theorem ...

Note: This linter can be disabled with `set_option linter.unusedSectionVars false`
warning: SierpinskiFormal/RealWordGenerating.lean:251:44: This simp argument is unused:
  hq

Hint: Omit it from the simp argument list.
  [apply] simp [boolIndicator]

Note: This linter can be disabled with `set_option linter.unusedSimpArgs false`
warning: SierpinskiFormal/RealWordGenerating.lean:300:17: This simp argument is unused:
  pE

Hint: Omit it from the simp argument list.
  [apply] simp only [fE, countableTupleWeight, countableTupleProduct]

Note: This linter can be disabled with `set_option linter.unusedSimpArgs false`
warning: SierpinskiFormal/RealWordGenerating.lean:358:8: automatically included section variable(s) unused in theorem `_private.SierpinskiFormal.RealWordGenerating.0.IndependentZeroBlocks.countableGroupTupleMoment_tiltedGapLaw`:
  [TopologicalSpace C]
  [DiscreteTopology C]
  [Fintype C]
  [Nonempty C]
  [DecidableEq C]
  [TopologicalSpace G]
  [DiscreteTopology G]
consider restructuring your `variable` declarations so that the variables are not in scope or explicitly omit them:
  omit [TopologicalSpace
  C] [DiscreteTopology
  C] [Fintype C] [Nonempty C] [DecidableEq C] [TopologicalSpace G] [DiscreteTopology G] in theorem ...

Note: This linter can be disabled with `set_option linter.unusedSectionVars false`
warning: SierpinskiFormal/RealWordGenerating.lean:400:51: This simp argument is unused:
  hq

Hint: Omit it from the simp argument list.
  [apply] simp [boolIndicator]

Note: This linter can be disabled with `set_option linter.unusedSimpArgs false`
warning: SierpinskiFormal/RealWordGenerating.lean:404:51: This simp argument is unused:
  hq

Hint: Omit it from the simp argument list.
  [apply] simp [boolIndicator]

Note: This linter can be disabled with `set_option linter.unusedSimpArgs false`
✔ [3443/3456] Built Mathlib.MeasureTheory.Function.UniformIntegrable (8.4s)
⚠ [3444/3461] Built SierpinskiFormal.CountableGroupCanonicalMean (3.9s)
warning: SierpinskiFormal/CountableGroupCanonicalMean.lean:47:2: Try this: 
  letI̵

The goal is a proposition, so `let` is preferred over `letI`.
The difference between `let` and `letI` is that `letI` inlines the value.
But this is not relevant for proofs because of proof irrelevance.

Note: This linter can be disabled with `set_option linter.style.haveILetI false`
warning: SierpinskiFormal/CountableGroupCanonicalMean.lean:96:2: Try this: 
  letI̵

The goal is a proposition, so `let` is preferred over `letI`.
The difference between `let` and `letI` is that `letI` inlines the value.
But this is not relevant for proofs because of proof irrelevance.

Note: This linter can be disabled with `set_option linter.style.haveILetI false`
warning: SierpinskiFormal/CountableGroupCanonicalMean.lean:114:2: Try this: 
  letI̵

The goal is a proposition, so `let` is preferred over `letI`.
The difference between `let` and `letI` is that `letI` inlines the value.
But this is not relevant for proofs because of proof irrelevance.

Note: This linter can be disabled with `set_option linter.style.haveILetI false`
✔ [3445/3461] Built Mathlib.MeasureTheory.Measure.Sub (1.8s)
✔ [3446/3461] Built Mathlib.MeasureTheory.Measure.Decomposition.Hahn (2.5s)
⚠ [3447/3462] Built SierpinskiFormal.HigherRankCentralReturnMean (4.4s)
warning: SierpinskiFormal/HigherRankCentralReturnMean.lean:95:8: automatically included section variable(s) unused in theorem `IndependentZeroBlocks.gapFreeGroupLetter_gap`:
  [Fintype C]
  [Nonempty C]
  [TopologicalSpace C]
  [DiscreteTopology C]
consider restructuring your `variable` declarations so that the variables are not in scope or explicitly omit them:
  omit [Fintype C] [Nonempty C] [TopologicalSpace C] [DiscreteTopology C] in theorem ...

Note: This linter can be disabled with `set_option linter.unusedSectionVars false`
warning: SierpinskiFormal/HigherRankCentralReturnMean.lean:103:0: automatically included section variable(s) unused in theorem `IndependentZeroBlocks.typedMarkerGaps_map_val`:
  [Fintype C]
  [Nonempty C]
  [TopologicalSpace C]
  [DiscreteTopology C]
consider restructuring your `variable` declarations so that the variables are not in scope or explicitly omit them:
  omit [Fintype C] [Nonempty C] [TopologicalSpace C] [DiscreteTopology C] in theorem ...

Note: This linter can be disabled with `set_option linter.unusedSectionVars false`
warning: SierpinskiFormal/HigherRankCentralReturnMean.lean:119:0: automatically included section variable(s) unused in theorem `IndependentZeroBlocks.centralReturnGroupPredicate_positiveGapWord`:
  [Fintype C]
  [Nonempty C]
  [TopologicalSpace C]
  [DiscreteTopology C]
consider restructuring your `variable` declarations so that the variables are not in scope or explicitly omit them:
  omit [Fintype C] [Nonempty C] [TopologicalSpace C] [DiscreteTopology C] in theorem ...

Note: This linter can be disabled with `set_option linter.unusedSectionVars false`
warning: SierpinskiFormal/HigherRankCentralReturnMean.lean:192:0: automatically included section variable(s) unused in theorem `IndependentZeroBlocks.centralReturnPredicate_hasBooleanDoubleLimitProperty`:
  [Fintype C]
  [Nonempty C]
  [DecidableEq C]
  [TopologicalSpace C]
  [DiscreteTopology C]
consider restructuring your `variable` declarations so that the variables are not in scope or explicitly omit them:
  omit [Fintype C] [Nonempty C] [DecidableEq C] [TopologicalSpace C] [DiscreteTopology C] in theorem ...

Note: This linter can be disabled with `set_option linter.unusedSectionVars false`
warning: SierpinskiFormal/HigherRankCentralReturnMean.lean:294:2: Try this: 
  letI̵

The goal is a proposition, so `let` is preferred over `letI`.
The difference between `let` and `letI` is that `letI` inlines the value.
But this is not relevant for proofs because of proof irrelevance.

Note: This linter can be disabled with `set_option linter.style.haveILetI false`
warning: SierpinskiFormal/HigherRankCentralReturnMean.lean:295:2: Try this: 
  letI̵

The goal is a proposition, so `let` is preferred over `letI`.
The difference between `let` and `letI` is that `letI` inlines the value.
But this is not relevant for proofs because of proof irrelevance.

Note: This linter can be disabled with `set_option linter.style.haveILetI false`
warning: SierpinskiFormal/HigherRankCentralReturnMean.lean:346:2: Try this: 
  letI̵

The goal is a proposition, so `let` is preferred over `letI`.
The difference between `let` and `letI` is that `letI` inlines the value.
But this is not relevant for proofs because of proof irrelevance.

Note: This linter can be disabled with `set_option linter.style.haveILetI false`
warning: SierpinskiFormal/HigherRankCentralReturnMean.lean:347:2: Try this: 
  letI̵

The goal is a proposition, so `let` is preferred over `letI`.
The difference between `let` and `letI` is that `letI` inlines the value.
But this is not relevant for proofs because of proof irrelevance.

Note: This linter can be disabled with `set_option linter.style.haveILetI false`
warning: SierpinskiFormal/HigherRankCentralReturnMean.lean:348:2: Try this: 
  letI̵

The goal is a proposition, so `let` is preferred over `letI`.
The difference between `let` and `letI` is that `letI` inlines the value.
But this is not relevant for proofs because of proof irrelevance.

Note: This linter can be disabled with `set_option linter.style.haveILetI false`
warning: SierpinskiFormal/HigherRankCentralReturnMean.lean:349:2: Try this: 
  letI̵

The goal is a proposition, so `let` is preferred over `letI`.
The difference between `let` and `letI` is that `letI` inlines the value.
But this is not relevant for proofs because of proof irrelevance.

Note: This linter can be disabled with `set_option linter.style.haveILetI false`
warning: SierpinskiFormal/HigherRankCentralReturnMean.lean:471:2: Try this: 
  letI̵

The goal is a proposition, so `let` is preferred over `letI`.
The difference between `let` and `letI` is that `letI` inlines the value.
But this is not relevant for proofs because of proof irrelevance.

Note: This linter can be disabled with `set_option linter.style.haveILetI false`
warning: SierpinskiFormal/HigherRankCentralReturnMean.lean:472:2: Try this: 
  letI̵

The goal is a proposition, so `let` is preferred over `letI`.
The difference between `let` and `letI` is that `letI` inlines the value.
But this is not relevant for proofs because of proof irrelevance.

Note: This linter can be disabled with `set_option linter.style.haveILetI false`
warning: SierpinskiFormal/HigherRankCentralReturnMean.lean:473:2: Try this: 
  letI̵

The goal is a proposition, so `let` is preferred over `letI`.
The difference between `let` and `letI` is that `letI` inlines the value.
But this is not relevant for proofs because of proof irrelevance.

Note: This linter can be disabled with `set_option linter.style.haveILetI false`
warning: SierpinskiFormal/HigherRankCentralReturnMean.lean:474:2: Try this: 
  letI̵

The goal is a proposition, so `let` is preferred over `letI`.
The difference between `let` and `letI` is that `letI` inlines the value.
But this is not relevant for proofs because of proof irrelevance.

Note: This linter can be disabled with `set_option linter.style.haveILetI false`
⚠ [3448/3466] Built SierpinskiFormal.ModuleCentralReturnMean (5.2s)
warning: SierpinskiFormal/ModuleCentralReturnMean.lean:105:8: automatically included section variable(s) unused in theorem `IndependentZeroBlocks.moduleGapFreeGroupLetter_gap`:
  [Fintype C]
  [Nonempty C]
  [TopologicalSpace C]
  [DiscreteTopology C]
consider restructuring your `variable` declarations so that the variables are not in scope or explicitly omit them:
  omit [Fintype C] [Nonempty C] [TopologicalSpace C] [DiscreteTopology C] in theorem ...

Note: This linter can be disabled with `set_option linter.unusedSectionVars false`
warning: SierpinskiFormal/ModuleCentralReturnMean.lean:109:0: automatically included section variable(s) unused in theorem `IndependentZeroBlocks.moduleTypedMarkerGaps_map_val`:
  [Fintype C]
  [Nonempty C]
  [TopologicalSpace C]
  [DiscreteTopology C]
consider restructuring your `variable` declarations so that the variables are not in scope or explicitly omit them:
  omit [Fintype C] [Nonempty C] [TopologicalSpace C] [DiscreteTopology C] in theorem ...

Note: This linter can be disabled with `set_option linter.unusedSectionVars false`
warning: SierpinskiFormal/ModuleCentralReturnMean.lean:126:0: automatically included section variable(s) unused in theorem `IndependentZeroBlocks.moduleCentralReturnGroupPredicate_positiveGapWord`:
  [IsNoetherian R X]
  [IsNoetherian R (Module.Dual R X)]
  [IsNoetherian R B]
  [IsNoetherian R (Module.Dual R B)]
  [Fintype C]
  [Nonempty C]
  [DecidableEq C]
  [TopologicalSpace C]
  [DiscreteTopology C]
consider restructuring your `variable` declarations so that the variables are not in scope or explicitly omit them:
  omit [IsNoetherian R
  X] [IsNoetherian R
  (Module.Dual R
    X)] [IsNoetherian R
  B] [IsNoetherian R
  (Module.Dual R B)] [Fintype C] [Nonempty C] [DecidableEq C] [TopologicalSpace C] [DiscreteTopology C] in theorem ...

Note: This linter can be disabled with `set_option linter.unusedSectionVars false`
warning: SierpinskiFormal/ModuleCentralReturnMean.lean:142:2: Unused tactic linter: `change ((g :: gs).map (fun d ↦ (K d.1).toLinearMap)).prod seed = _` does nothing

Note: This linter can be disabled with `set_option linter.unusedTactic false`
warning: SierpinskiFormal/ModuleCentralReturnMean.lean:184:0: automatically included section variable(s) unused in theorem `IndependentZeroBlocks.moduleCentralReturnPredicate_hasBooleanDoubleLimitProperty`:
  [IsNoetherian R B]
  [IsNoetherian R (Module.Dual R B)]
  [Fintype C]
  [Nonempty C]
  [DecidableEq C]
  [TopologicalSpace C]
  [DiscreteTopology C]
consider restructuring your `variable` declarations so that the variables are not in scope or explicitly omit them:
  omit [IsNoetherian R
  B] [IsNoetherian R
  (Module.Dual R B)] [Fintype C] [Nonempty C] [DecidableEq C] [TopologicalSpace C] [DiscreteTopology C] in theorem ...

Note: This linter can be disabled with `set_option linter.unusedSectionVars false`
warning: SierpinskiFormal/ModuleCentralReturnMean.lean:223:0: automatically included section variable(s) unused in theorem `IndependentZeroBlocks.moduleCentralReturnExactAverage_mem_Icc`:
  [IsNoetherian R X]
  [IsNoetherian R (Module.Dual R X)]
  [IsNoetherian R B]
  [IsNoetherian R (Module.Dual R B)]
consider restructuring your `variable` declarations so that the variables are not in scope or explicitly omit them:
  omit [IsNoetherian R
  X] [IsNoetherian R (Module.Dual R X)] [IsNoetherian R B] [IsNoetherian R (Module.Dual R B)] in theorem ...

Note: This linter can be disabled with `set_option linter.unusedSectionVars false`
warning: SierpinskiFormal/ModuleCentralReturnMean.lean:316:2: Try this: 
  letI̵

The goal is a proposition, so `let` is preferred over `letI`.
The difference between `let` and `letI` is that `letI` inlines the value.
But this is not relevant for proofs because of proof irrelevance.

Note: This linter can be disabled with `set_option linter.style.haveILetI false`
warning: SierpinskiFormal/ModuleCentralReturnMean.lean:317:2: Try this: 
  letI̵

The goal is a proposition, so `let` is preferred over `letI`.
The difference between `let` and `letI` is that `letI` inlines the value.
But this is not relevant for proofs because of proof irrelevance.

Note: This linter can be disabled with `set_option linter.style.haveILetI false`
warning: SierpinskiFormal/ModuleCentralReturnMean.lean:348:2: Try this: 
  letI̵

The goal is a proposition, so `let` is preferred over `letI`.
The difference between `let` and `letI` is that `letI` inlines the value.
But this is not relevant for proofs because of proof irrelevance.

Note: This linter can be disabled with `set_option linter.style.haveILetI false`
warning: SierpinskiFormal/ModuleCentralReturnMean.lean:349:2: Try this: 
  letI̵

The goal is a proposition, so `let` is preferred over `letI`.
The difference between `let` and `letI` is that `letI` inlines the value.
But this is not relevant for proofs because of proof irrelevance.

Note: This linter can be disabled with `set_option linter.style.haveILetI false`
warning: SierpinskiFormal/ModuleCentralReturnMean.lean:350:2: Try this: 
  letI̵

The goal is a proposition, so `let` is preferred over `letI`.
The difference between `let` and `letI` is that `letI` inlines the value.
But this is not relevant for proofs because of proof irrelevance.

Note: This linter can be disabled with `set_option linter.style.haveILetI false`
warning: SierpinskiFormal/ModuleCentralReturnMean.lean:351:2: Try this: 
  letI̵

The goal is a proposition, so `let` is preferred over `letI`.
The difference between `let` and `letI` is that `letI` inlines the value.
But this is not relevant for proofs because of proof irrelevance.

Note: This linter can be disabled with `set_option linter.style.haveILetI false`
✔ [3449/3466] Built SierpinskiFormal.HigherRankMeanBounds (2.4s)
✔ [3450/3466] Built Mathlib.Analysis.Normed.Group.NullSubmodule (2.1s)
✔ [3451/3466] Built Mathlib.MeasureTheory.Measure.Decomposition.Lebesgue (6.6s)
⚠ [3452/3470] Built SierpinskiFormal.ModuleDensityAssembly (3.4s)
warning: SierpinskiFormal/ModuleDensityAssembly.lean:27:0: automatically included section variable(s) unused in theorem `IndependentZeroBlocks.norm_moduleWeightedWordExtensionAverage_boolean_le_one`:
  [Nonempty A]
consider restructuring your `variable` declarations so that the variables are not in scope or explicitly omit them:
  omit [Nonempty A] in theorem ...

Note: This linter can be disabled with `set_option linter.unusedSectionVars false`
warning: SierpinskiFormal/ModuleDensityAssembly.lean:191:0: automatically included section variable(s) unused in theorem `IndependentZeroBlocks.moduleBoundaryCentralSequence_eq_moduleCentralReturnExactAverage`:
  [IsNoetherian R V]
  [IsNoetherian R (Module.Dual R V)]
  [IsNoetherian R B]
  [IsNoetherian R (Module.Dual R B)]
  [Nonempty A]
  [DecidableEq A]
consider restructuring your `variable` declarations so that the variables are not in scope or explicitly omit them:
  omit [IsNoetherian R
  V] [IsNoetherian R
  (Module.Dual R V)] [IsNoetherian R B] [IsNoetherian R (Module.Dual R B)] [Nonempty A] [DecidableEq A] in theorem ...

Note: This linter can be disabled with `set_option linter.unusedSectionVars false`
warning: SierpinskiFormal/ModuleDensityAssembly.lean:204:0: automatically included section variable(s) unused in theorem `IndependentZeroBlocks.tendsto_weightedModuleCoefficient_of_boundary_cesaro`:
  [IsNoetherian R V]
  [IsNoetherian R (Module.Dual R V)]
  [IsNoetherian R B]
  [IsNoetherian R (Module.Dual R B)]
consider restructuring your `variable` declarations so that the variables are not in scope or explicitly omit them:
  omit [IsNoetherian R
  V] [IsNoetherian R (Module.Dual R V)] [IsNoetherian R B] [IsNoetherian R (Module.Dual R B)] in theorem ...

Note: This linter can be disabled with `set_option linter.unusedSectionVars false`
✔ [3453/3470] Built Mathlib.Topology.Algebra.Module.PerfectPairing (1.9s)
⚠ [3454/3470] Built SierpinskiFormal.ArtinianBlockDensity (3.8s)
warning: SierpinskiFormal/ArtinianBlockDensity.lean:221:10: `tendsto_finset_sum` has been deprecated: Use `tendsto_finsetSum` instead
✔ [3455/3470] Built Mathlib.MeasureTheory.Measure.Decomposition.RadonNikodym (4.8s)
⚠ [3456/3470] Built SierpinskiFormal.SupportLogDensityExistence (2.6s)
warning: SierpinskiFormal/SupportLogDensityExistence.lean:100:2: Try this: 
  letI̵

The goal is a proposition, so `let` is preferred over `letI`.
The difference between `let` and `letI` is that `letI` inlines the value.
But this is not relevant for proofs because of proof irrelevance.

Note: This linter can be disabled with `set_option linter.style.haveILetI false`
⚠ [3457/3470] Built SierpinskiFormal.StationaryPairedCompacta (6.0s)
warning: SierpinskiFormal/StationaryPairedCompacta.lean:55:8: automatically included section variable(s) unused in theorem `IndependentZeroBlocks.booleanWordLeftProfilePoint_apply`:
  [TopologicalSpace A]
  [DiscreteTopology A]
consider restructuring your `variable` declarations so that the variables are not in scope or explicitly omit them:
  omit [TopologicalSpace A] [DiscreteTopology A] in theorem ...

Note: This linter can be disabled with `set_option linter.unusedSectionVars false`
warning: SierpinskiFormal/StationaryPairedCompacta.lean:60:0: automatically included section variable(s) unused in theorem `IndependentZeroBlocks.denseRange_booleanWordLeftProfilePoint`:
  [TopologicalSpace A]
  [DiscreteTopology A]
consider restructuring your `variable` declarations so that the variables are not in scope or explicitly omit them:
  omit [TopologicalSpace A] [DiscreteTopology A] in theorem ...

Note: This linter can be disabled with `set_option linter.unusedSectionVars false`
warning: SierpinskiFormal/StationaryPairedCompacta.lean:79:0: automatically included section variable(s) unused in theorem `IndependentZeroBlocks.booleanWordLeftCompactum_countable`:
  [TopologicalSpace A]
  [DiscreteTopology A]
consider restructuring your `variable` declarations so that the variables are not in scope or explicitly omit them:
  omit [TopologicalSpace A] [DiscreteTopology A] in theorem ...

Note: This linter can be disabled with `set_option linter.unusedSectionVars false`
warning: SierpinskiFormal/StationaryPairedCompacta.lean:115:8: automatically included section variable(s) unused in theorem `IndependentZeroBlocks.booleanWordLeftCoordinate_apply`:
  [TopologicalSpace A]
  [DiscreteTopology A]
consider restructuring your `variable` declarations so that the variables are not in scope or explicitly omit them:
  omit [TopologicalSpace A] [DiscreteTopology A] in theorem ...

Note: This linter can be disabled with `set_option linter.unusedSectionVars false`
warning: SierpinskiFormal/StationaryPairedCompacta.lean:211:0: automatically included section variable(s) unused in theorem `IndependentZeroBlocks.isSeparable_booleanWordLeftCoordinateSpan`:
  [TopologicalSpace A]
  [DiscreteTopology A]
consider restructuring your `variable` declarations so that the variables are not in scope or explicitly omit them:
  omit [TopologicalSpace A] [DiscreteTopology A] in theorem ...

Note: This linter can be disabled with `set_option linter.unusedSectionVars false`
warning: SierpinskiFormal/StationaryPairedCompacta.lean:324:2: Try this: 
  letI̵

The goal is a proposition, so `let` is preferred over `letI`.
The difference between `let` and `letI` is that `letI` inlines the value.
But this is not relevant for proofs because of proof irrelevance.

Note: This linter can be disabled with `set_option linter.style.haveILetI false`
warning: SierpinskiFormal/StationaryPairedCompacta.lean:535:0: automatically included section variable(s) unused in theorem `IndependentZeroBlocks.booleanWordLeftCoordinateSpan_norm_eq_iSup_eval`:
  [TopologicalSpace A]
  [DiscreteTopology A]
consider restructuring your `variable` declarations so that the variables are not in scope or explicitly omit them:
  omit [TopologicalSpace A] [DiscreteTopology A] in theorem ...

Note: This linter can be disabled with `set_option linter.unusedSectionVars false`
✔ [3458/3470] Built Mathlib.Analysis.InnerProductSpace.Dual (5.6s)
✔ [3459/3470] Built SierpinskiFormal.ArtinianBoundaryBounds (2.5s)
⚠ [3460/3471] Built SierpinskiFormal.StationaryFiberMeasures (2.1s)
warning: SierpinskiFormal/StationaryFiberMeasures.lean:49:2: Try this: 
  letI̵

The goal is a proposition, so `let` is preferred over `letI`.
The difference between `let` and `letI` is that `letI` inlines the value.
But this is not relevant for proofs because of proof irrelevance.

Note: This linter can be disabled with `set_option linter.style.haveILetI false`
warning: SierpinskiFormal/StationaryFiberMeasures.lean:142:5: `Measurable.ennreal_tsum` has been deprecated: Use `Measurable.tsum` from `Mathlib.MeasureTheory.Constructions.Polish.Basic` instead
⚠ [3461/3471] Built SierpinskiFormal.RecognizableSupportCompactness (2.4s)
warning: SierpinskiFormal/RecognizableSupportCompactness.lean:55:2: Try this: 
  letI̵

The goal is a proposition, so `let` is preferred over `letI`.
The difference between `let` and `letI` is that `letI` inlines the value.
But this is not relevant for proofs because of proof irrelevance.

Note: This linter can be disabled with `set_option linter.style.haveILetI false`
warning: SierpinskiFormal/RecognizableSupportCompactness.lean:82:2: Try this: 
  letI̵

The goal is a proposition, so `let` is preferred over `letI`.
The difference between `let` and `letI` is that `letI` inlines the value.
But this is not relevant for proofs because of proof irrelevance.

Note: This linter can be disabled with `set_option linter.style.haveILetI false`
⚠ [3462/3471] Built SierpinskiFormal.CommRingBoundaryDensity (2.8s)
warning: SierpinskiFormal/CommRingBoundaryDensity.lean:26:8: automatically included section variable(s) unused in theorem `IndependentZeroBlocks.matrixObservationRow_apply`:
  [DecidableEq ι]
consider restructuring your `variable` declarations so that the variables are not in scope or explicitly omit them:
  omit [DecidableEq ι] in theorem ...

Note: This linter can be disabled with `set_option linter.unusedSectionVars false`
warning: SierpinskiFormal/CommRingBoundaryDensity.lean:29:0: automatically included section variable(s) unused in theorem `IndependentZeroBlocks.endoWord_mulVecLin`:
  [Fintype A]
consider restructuring your `variable` declarations so that the variables are not in scope or explicitly omit them:
  omit [Fintype A] in theorem ...

Note: This linter can be disabled with `set_option linter.unusedSectionVars false`
warning: SierpinskiFormal/CommRingBoundaryDensity.lean:40:32: This simp argument is unused:
  Matrix.mulVec_mulVec

Hint: Omit it from the simp argument list.
  [apply] simp [commRingMatrixWord]

Note: This linter can be disabled with `set_option linter.unusedSimpArgs false`
⚠ [3463/3471] Built SierpinskiFormal.StationaryFiberBarycenter (4.7s)
warning: SierpinskiFormal/StationaryFiberBarycenter.lean:122:0: automatically included section variable(s) unused in theorem `IndependentZeroBlocks.countableWeightMeasure_isProbability`:
  [MeasurableSingletonClass K]
  [Countable K]
consider restructuring your `variable` declarations so that the variables are not in scope or explicitly omit them:
  omit [MeasurableSingletonClass K] [Countable K] in theorem ...

Note: This linter can be disabled with `set_option linter.unusedSectionVars false`
warning: SierpinskiFormal/StationaryFiberBarycenter.lean:141:2: Try this: 
  letI̵

The goal is a proposition, so `let` is preferred over `letI`.
The difference between `let` and `letI` is that `letI` inlines the value.
But this is not relevant for proofs because of proof irrelevance.

Note: This linter can be disabled with `set_option linter.style.haveILetI false`
warning: SierpinskiFormal/StationaryFiberBarycenter.lean:160:2: Try this: 
  letI̵

The goal is a proposition, so `let` is preferred over `letI`.
The difference between `let` and `letI` is that `letI` inlines the value.
But this is not relevant for proofs because of proof irrelevance.

Note: This linter can be disabled with `set_option linter.style.haveILetI false`
warning: SierpinskiFormal/StationaryFiberBarycenter.lean:207:2: Try this: 
  letI̵

The goal is a proposition, so `let` is preferred over `letI`.
The difference between `let` and `letI` is that `letI` inlines the value.
But this is not relevant for proofs because of proof irrelevance.

Note: This linter can be disabled with `set_option linter.style.haveILetI false`
warning: SierpinskiFormal/StationaryFiberBarycenter.lean:198:0: automatically included section variable(s) unused in theorem `IndependentZeroBlocks.integral_countableFiberDensityReal_mul_eq_integral_restrict_fiber`:
  [Countable K]
  [CompleteSpace E]
consider restructuring your `variable` declarations so that the variables are not in scope or explicitly omit them:
  omit [Countable K] [CompleteSpace E] in theorem ...

Note: This linter can be disabled with `set_option linter.unusedSectionVars false`
warning: SierpinskiFormal/StationaryFiberBarycenter.lean:228:45: This simp argument is unused:
  mul_assoc

Hint: Omit it from the simp argument list.
  [apply] simp [countableFiberDensityReal, mul_comm, mul_left_comm]

Note: This linter can be disabled with `set_option linter.unusedSimpArgs false`
warning: SierpinskiFormal/StationaryFiberBarycenter.lean:228:56: This simp argument is unused:
  mul_comm

Hint: Omit it from the simp argument list.
  [apply] simp [countableFiberDensityReal, mul_assoc, mul_left_comm]

Note: This linter can be disabled with `set_option linter.unusedSimpArgs false`
warning: SierpinskiFormal/StationaryFiberBarycenter.lean:252:2: Try this: 
  letI̵

The goal is a proposition, so `let` is preferred over `letI`.
The difference between `let` and `letI` is that `letI` inlines the value.
But this is not relevant for proofs because of proof irrelevance.

Note: This linter can be disabled with `set_option linter.style.haveILetI false`
warning: SierpinskiFormal/StationaryFiberBarycenter.lean:245:0: automatically included section variable(s) unused in theorem `IndependentZeroBlocks.integrable_countableFiberDensityReal_mul`:
  [MeasurableSingletonClass K]
  [Countable K]
  [CompleteSpace E]
consider restructuring your `variable` declarations so that the variables are not in scope or explicitly omit them:
  omit [MeasurableSingletonClass K] [Countable K] [CompleteSpace E] in theorem ...

Note: This linter can be disabled with `set_option linter.unusedSectionVars false`
warning: SierpinskiFormal/StationaryFiberBarycenter.lean:274:35: This simp argument is unused:
  mul_assoc

Hint: Omit it from the simp argument list.
  [apply] simp [countableFiberDensityReal, mul_comm, mul_left_comm]

Note: This linter can be disabled with `set_option linter.unusedSimpArgs false`
warning: SierpinskiFormal/StationaryFiberBarycenter.lean:294:2: Try this: 
  letI̵

The goal is a proposition, so `let` is preferred over `letI`.
The difference between `let` and `letI` is that `letI` inlines the value.
But this is not relevant for proofs because of proof irrelevance.

Note: This linter can be disabled with `set_option linter.style.haveILetI false`
warning: SierpinskiFormal/StationaryFiberBarycenter.lean:285:0: automatically included section variable(s) unused in theorem `IndependentZeroBlocks.integral_countableFiberDensityReal_mul_kernel`:
  [Countable K]
consider restructuring your `variable` declarations so that the variables are not in scope or explicitly omit them:
  omit [Countable K] in theorem ...

Note: This linter can be disabled with `set_option linter.unusedSectionVars false`
warning: SierpinskiFormal/StationaryFiberBarycenter.lean:334:2: Try this: 
  letI̵

The goal is a proposition, so `let` is preferred over `letI`.
The difference between `let` and `letI` is that `letI` inlines the value.
But this is not relevant for proofs because of proof irrelevance.

Note: This linter can be disabled with `set_option linter.style.haveILetI false`
warning: SierpinskiFormal/StationaryFiberBarycenter.lean:328:0: automatically included section variable(s) unused in theorem `IndependentZeroBlocks.integrable_countableFiberDensityReal_mul_kernel`:
  [MeasurableSingletonClass K]
  [Countable K]
consider restructuring your `variable` declarations so that the variables are not in scope or explicitly omit them:
  omit [MeasurableSingletonClass K] [Countable K] in theorem ...

Note: This linter can be disabled with `set_option linter.unusedSectionVars false`
warning: SierpinskiFormal/StationaryFiberBarycenter.lean:445:10: `MeasureTheory.integral_finset_sum` has been deprecated: Use `MeasureTheory.integral_finsetSum` instead
✔ [3464/3472] Built Mathlib.Analysis.Normed.Module.DoubleDual (4.4s)
⚠ [3465/3472] Built SierpinskiFormal.StationaryCompactness (5.6s)
warning: SierpinskiFormal/StationaryCompactness.lean:265:2: Try this: 
  haveI̵

The goal is a proposition, so `have` is preferred over `haveI`.
The difference between `have` and `haveI` is that `haveI` inlines the value.
But this is not relevant for proofs because of proof irrelevance.

Note: This linter can be disabled with `set_option linter.style.haveILetI false`
warning: SierpinskiFormal/StationaryCompactness.lean:284:0: automatically included section variable(s) unused in theorem `IndependentZeroBlocks.stateRieszMeasure_univ_eq_one`:
  [BorelSpace X]
consider restructuring your `variable` declarations so that the variables are not in scope or explicitly omit them:
  omit [BorelSpace X] in theorem ...

Note: This linter can be disabled with `set_option linter.unusedSectionVars false`
✔ [3466/3472] Built Mathlib.MeasureTheory.Function.Holder (9.1s)
⚠ [3467/3476] Built SierpinskiFormal.RationalBoundarySeriesBridge (16s)
warning: SierpinskiFormal/RationalBoundarySeriesBridge.lean:32:8: automatically included section variable(s) unused in theorem `IndependentZeroBlocks.gapOfSubtypeList_val`:
  [Fintype A]
  [DecidableEq A]
consider restructuring your `variable` declarations so that the variables are not in scope or explicitly omit them:
  omit [Fintype A] [DecidableEq A] in theorem ...

Note: This linter can be disabled with `set_option linter.unusedSectionVars false`
warning: SierpinskiFormal/RationalBoundarySeriesBridge.lean:42:8: automatically included section variable(s) unused in theorem `IndependentZeroBlocks.map_subtypeListOfGap`:
  [Fintype A]
  [DecidableEq A]
consider restructuring your `variable` declarations so that the variables are not in scope or explicitly omit them:
  omit [Fintype A] [DecidableEq A] in theorem ...

Note: This linter can be disabled with `set_option linter.unusedSectionVars false`
warning: SierpinskiFormal/RationalBoundarySeriesBridge.lean:81:27: This simp argument is unused:
  Function.comp_apply

Hint: Omit it from the simp argument list.
  [apply] simp only [List.map_map]

Note: This linter can be disabled with `set_option linter.unusedSimpArgs false`
warning: SierpinskiFormal/RationalBoundarySeriesBridge.lean:190:17: This simp argument is unused:
  Sierpinski.boundarySeries

Hint: Omit it from the simp argument list.
  [apply] simp only [Sierpinski.boundaryBidegree]

Note: This linter can be disabled with `set_option linter.unusedSimpArgs false`
warning: SierpinskiFormal/RationalBoundarySeriesBridge.lean:205:8: automatically included section variable(s) unused in theorem `IndependentZeroBlocks.finWordMonomial_ofReal`:
  [Fintype A]
  [DecidableEq A]
consider restructuring your `variable` declarations so that the variables are not in scope or explicitly omit them:
  omit [Fintype A] [DecidableEq A] in theorem ...

Note: This linter can be disabled with `set_option linter.unusedSectionVars false`
warning: SierpinskiFormal/RationalBoundarySeriesBridge.lean:220:8: automatically included section variable(s) unused in theorem `IndependentZeroBlocks.complexWordWeight_gapOfSubtypeList`:
  [Fintype A]
  [DecidableEq A]
consider restructuring your `variable` declarations so that the variables are not in scope or explicitly omit them:
  omit [Fintype A] [DecidableEq A] in theorem ...

Note: This linter can be disabled with `set_option linter.unusedSectionVars false`
warning: SierpinskiFormal/RationalBoundarySeriesBridge.lean:225:45: This simp argument is unused:
  List.map_map

Hint: Omit it from the simp argument list.
  [apply] simp [complexWordWeight, gapOfSubtypeList]

Note: This linter can be disabled with `set_option linter.unusedSimpArgs false`
warning: SierpinskiFormal/RationalBoundarySeriesBridge.lean:377:63: Variable name `hh` is not explicitly referenced.

Hint: The binding can be removed (if unused) or named `_` (if used implicitly). Alternatively, prefix the name with `_` to silence this warning:
  [apply] _hh

Note: This linter can be disabled with `set_option linter.unusedVariables false`
warning: SierpinskiFormal/RationalBoundarySeriesBridge.lean:389:13: This simp argument is unused:
  Complex.ofReal_ratCast

Hint: Omit it from the simp argument list.
  [apply] simp only

Note: This linter can be disabled with `set_option linter.unusedSimpArgs false`
✔ [3468/3482] Built Mathlib.MeasureTheory.Function.LpSpace.ContinuousFunctions (5.3s)
⚠ [3469/3482] Built SierpinskiFormal.StationaryL1Skew (5.9s)
warning: SierpinskiFormal/StationaryL1Skew.lean:62:10: This simp argument is unused:
  Set.indicator_apply

Hint: Omit it from the simp argument list.
  [apply] simp [ha.symm]

Note: This linter can be disabled with `set_option linter.unusedSimpArgs false`
warning: SierpinskiFormal/StationaryL1Skew.lean:220:0: automatically included section variable(s) unused in theorem `IndependentZeroBlocks.coeFn_finset_sum_Lp`:
  [NormedSpace ℝ E]
consider restructuring your `variable` declarations so that the variables are not in scope or explicitly omit them:
  omit [NormedSpace ℝ E] in theorem ...

Note: This linter can be disabled with `set_option linter.unusedSectionVars false`
warning: SierpinskiFormal/StationaryL1Skew.lean:342:13: This simp argument is unused:
  id_eq

Hint: Omit it from the simp argument list.
  [apply] simp only [Pi.smul_apply, stationaryWordCesaro]

Note: This linter can be disabled with `set_option linter.unusedSimpArgs false`
warning: SierpinskiFormal/StationaryL1Skew.lean:342:20: This simp argument is unused:
  Pi.smul_apply

Hint: Omit it from the simp argument list.
  [apply] simp only [id_eq, stationaryWordCesaro]

Note: This linter can be disabled with `set_option linter.unusedSimpArgs false`
warning: SierpinskiFormal/StationaryL1Skew.lean:365:0: automatically included section variable(s) unused in theorem `IndependentZeroBlocks.norm_stationaryWordCesaro_le`:
  [MeasurableSpace Ω]
  [Fintype A]
  [DecidableEq A]
  [MeasurableSpace A]
  [MeasurableSingletonClass A]
consider restructuring your `variable` declarations so that the variables are not in scope or explicitly omit them:
  omit [MeasurableSpace Ω] [Fintype A] [DecidableEq A] [MeasurableSpace A] [MeasurableSingletonClass A] in theorem ...

Note: This linter can be disabled with `set_option linter.unusedSectionVars false`
✔ [3470/3482] Built Mathlib.MeasureTheory.Function.ContinuousMapDense (3.9s)
⚠ [3471/3482] Built SierpinskiFormal.StationaryMean (2.5s)
warning: SierpinskiFormal/StationaryMean.lean:38:0: automatically included section variable(s) unused in theorem `IndependentZeroBlocks.convex_booleanWordCompactHull`:
  [Fintype A]
  [Nonempty A]
  [DecidableEq A]
  [MeasurableSpace A]
  [MeasurableSingletonClass A]
consider restructuring your `variable` declarations so that the variables are not in scope or explicitly omit them:
  omit [Fintype A] [Nonempty A] [DecidableEq A] [MeasurableSpace A] [MeasurableSingletonClass A] in theorem ...

Note: This linter can be disabled with `set_option linter.unusedSectionVars false`
warning: SierpinskiFormal/StationaryMean.lean:42:0: automatically included section variable(s) unused in theorem `IndependentZeroBlocks.booleanWordIndicator_mem_compactHull`:
  [Fintype A]
  [Nonempty A]
  [DecidableEq A]
  [MeasurableSpace A]
  [MeasurableSingletonClass A]
consider restructuring your `variable` declarations so that the variables are not in scope or explicitly omit them:
  omit [Fintype A] [Nonempty A] [DecidableEq A] [MeasurableSpace A] [MeasurableSingletonClass A] in theorem ...

Note: This linter can be disabled with `set_option linter.unusedSectionVars false`
warning: SierpinskiFormal/StationaryMean.lean:47:0: automatically included section variable(s) unused in theorem `IndependentZeroBlocks.mapsTo_wordRightTranslate_booleanWordCompactHull`:
  [Fintype A]
  [Nonempty A]
  [DecidableEq A]
  [MeasurableSpace A]
  [MeasurableSingletonClass A]
consider restructuring your `variable` declarations so that the variables are not in scope or explicitly omit them:
  omit [Fintype A] [Nonempty A] [DecidableEq A] [MeasurableSpace A] [MeasurableSingletonClass A] in theorem ...

Note: This linter can be disabled with `set_option linter.unusedSectionVars false`
warning: SierpinskiFormal/StationaryMean.lean:55:0: automatically included section variable(s) unused in theorem `IndependentZeroBlocks.stationaryBooleanWordCesaro_mem_compactHull`:
  [MeasurableSpace Ω]
consider restructuring your `variable` declarations so that the variables are not in scope or explicitly omit them:
  omit [MeasurableSpace Ω] in theorem ...

Note: This linter can be disabled with `set_option linter.unusedSectionVars false`
warning: SierpinskiFormal/StationaryMean.lean:67:0: automatically included section variable(s) unused in theorem `IndependentZeroBlocks.isCompact_toWeakSpace_image_booleanWordCompactHull`:
  [DecidableEq A]
  [MeasurableSpace A]
  [MeasurableSingletonClass A]
consider restructuring your `variable` declarations so that the variables are not in scope or explicitly omit them:
  omit [DecidableEq A] [MeasurableSpace A] [MeasurableSingletonClass A] in theorem ...

Note: This linter can be disabled with `set_option linter.unusedSectionVars false`
warning: SierpinskiFormal/StationaryMean.lean:96:0: automatically included section variable(s) unused in theorem `IndependentZeroBlocks.uniformIntegrable_one_stationaryBooleanWordCesaro`:
  [Nonempty A]
consider restructuring your `variable` declarations so that the variables are not in scope or explicitly omit them:
  omit [Nonempty A] in theorem ...

Note: This linter can be disabled with `set_option linter.unusedSectionVars false`
⚠ [3472/3482] Built SierpinskiFormal.BanachWordSeriesList (9.8s)
warning: SierpinskiFormal/BanachWordSeriesList.lean:37:0: automatically included section variable(s) unused in theorem `Sierpinski.map_banachWordSeries`:
  [CompleteSpace G]
consider restructuring your `variable` declarations so that the variables are not in scope or explicitly omit them:
  omit [CompleteSpace G] in theorem ...

Note: This linter can be disabled with `set_option linter.unusedSectionVars false`
⚠ [3473/3482] Built SierpinskiFormal.StationaryGraphTests (3.8s)
warning: SierpinskiFormal/StationaryGraphTests.lean:58:2: Try this: 
  letI̵

The goal is a proposition, so `let` is preferred over `letI`.
The difference between `let` and `letI` is that `letI` inlines the value.
But this is not relevant for proofs because of proof irrelevance.

Note: This linter can be disabled with `set_option linter.style.haveILetI false`
warning: SierpinskiFormal/StationaryGraphTests.lean:87:4: Try this: 
  letI̵

The goal is a proposition, so `let` is preferred over `letI`.
The difference between `let` and `letI` is that `letI` inlines the value.
But this is not relevant for proofs because of proof irrelevance.

Note: This linter can be disabled with `set_option linter.style.haveILetI false`
warning: SierpinskiFormal/StationaryGraphTests.lean:94:4: `MeasureTheory.integral_finset_sum_measure` has been deprecated: Use `MeasureTheory.integral_finsetSum_measure` instead
warning: SierpinskiFormal/StationaryGraphTests.lean:156:4: `MeasureTheory.integral_finset_sum_measure` has been deprecated: Use `MeasureTheory.integral_finsetSum_measure` instead
✔ [3474/3482] Built SierpinskiFormal.StationaryDualPairing (3.4s)
⚠ [3475/3482] Built SierpinskiFormal.StationaryCompactnessPositive (7.1s)
warning: SierpinskiFormal/StationaryCompactnessPositive.lean:53:23: This simp argument is unused:
  mul_comm

Hint: Omit it from the simp argument list.
  [apply] simp [smul_eq_mul] at h

Note: This linter can be disabled with `set_option linter.unusedSimpArgs false`
⚠ [3476/3482] Built SierpinskiFormal.UniformAtomicTransforms (5.5s)
warning: SierpinskiFormal/UniformAtomicTransforms.lean:20:0: automatically included section variable(s) unused in theorem `Sierpinski.norm_boundedWordCoefficient`:
  [Fintype D]
  [TopologicalSpace D]
  [DiscreteTopology D]
consider restructuring your `variable` declarations so that the variables are not in scope or explicitly omit them:
  omit [Fintype D] [TopologicalSpace D] [DiscreteTopology D] in theorem ...

Note: This linter can be disabled with `set_option linter.unusedSectionVars false`
warning: SierpinskiFormal/UniformAtomicTransforms.lean:43:0: automatically included section variable(s) unused in theorem `Sierpinski.norm_wordEvaluation`:
  [Fintype D]
  [DiscreteTopology D]
consider restructuring your `variable` declarations so that the variables are not in scope or explicitly omit them:
  omit [Fintype D] [DiscreteTopology D] in theorem ...

Note: This linter can be disabled with `set_option linter.unusedSectionVars false`
⚠ [3477/3485] Built SierpinskiFormal.StationaryDualRepresentation (3.8s)
warning: SierpinskiFormal/StationaryDualRepresentation.lean:92:8: automatically included section variable(s) unused in theorem `IndependentZeroBlocks.normingDualKernelContinuous_apply`:
  [MeasurableSpace X]
  [CompactSpace X]
consider restructuring your `variable` declarations so that the variables are not in scope or explicitly omit them:
  omit [MeasurableSpace X] [CompactSpace X] in theorem ...

Note: This linter can be disabled with `set_option linter.unusedSectionVars false`
✔ [3478/3486] Built SierpinskiFormal.StationaryCompactnessPositiveMeasure (2.0s)
✔ [3479/3486] Built Mathlib.Probability.Kernel.Defs (3.1s)
⚠ [3480/3488] Built SierpinskiFormal.StationaryL1Duality (3.4s)
warning: SierpinskiFormal/StationaryL1Duality.lean:26:0: automatically included section variable(s) unused in theorem `IndependentZeroBlocks.normingDualKernelContinuous_eq_signedPairingContinuousMap`:
  [CompactSpace X]
  [T2Space X]
  [MeasurableSpace X]
  [BorelSpace X]
  [SecondCountableTopology X]
  [HasOuterApproxClosed X]
  [T2Space K]
  [Nonempty K]
  [MeasurableSpace K]
  [BorelSpace K]
  [SecondCountableTopology K]
  [Countable K]
consider restructuring your `variable` declarations so that the variables are not in scope or explicitly omit them:
  omit [CompactSpace
  X] [T2Space
  X] [MeasurableSpace
  X] [BorelSpace
  X] [SecondCountableTopology
  X] [HasOuterApproxClosed
  X] [T2Space
  K] [Nonempty K] [MeasurableSpace K] [BorelSpace K] [SecondCountableTopology K] [Countable K] in theorem ...

Note: This linter can be disabled with `set_option linter.unusedSectionVars false`
✔ [3481/3488] Built Mathlib.Probability.Kernel.Basic (2.8s)
✔ [3482/3491] Built Mathlib.Probability.Kernel.MeasurableLIntegral (2.3s)
⚠ [3483/3491] Built SierpinskiFormal.StationaryGraphWeakCluster (4.3s)
warning: SierpinskiFormal/StationaryGraphWeakCluster.lean:31:0: automatically included section variable(s) unused in theorem `IndependentZeroBlocks.stronglyMeasurable_graphRange`:
  [NormedSpace ℝ E]
consider restructuring your `variable` declarations so that the variables are not in scope or explicitly omit them:
  omit [NormedSpace ℝ E] in theorem ...

Note: This linter can be disabled with `set_option linter.unusedSectionVars false`
warning: SierpinskiFormal/StationaryGraphWeakCluster.lean:73:1: automatically included section variable(s) unused in theorem `IndependentZeroBlocks.fiberBarycenterLp_coeFn`:
  [TopologicalSpace X]
  [BorelSpace X]
  [TopologicalSpace K]
  [BorelSpace K]
consider restructuring your `variable` declarations so that the variables are not in scope or explicitly omit them:
  omit [TopologicalSpace X] [BorelSpace X] [TopologicalSpace K] [BorelSpace K] in theorem ...

Note: This linter can be disabled with `set_option linter.unusedSectionVars false`
warning: SierpinskiFormal/StationaryGraphWeakCluster.lean:126:11: `NormedSpace.eq_iff_forall_dual_eq` has been deprecated: Use `SeparatingDual.eq_iff_forall_dual_eq` instead

Note: The updated constant has a different type:
  ∀ {R : Type u_1} {V : Type u_2} [inst : Ring R] [inst_1 : AddCommGroup V] [inst_2 : TopologicalSpace V]
    [inst_3 : TopologicalSpace R] [inst_4 : Module R V] [SeparatingDual R V] {x y : V},
    x = y ↔ ∀ (g : StrongDual R V), g x = g y
instead of
  ∀ (𝕜 : Type u_1) [inst : RCLike 𝕜] {E : Type u_2} [inst_1 : NormedAddCommGroup E] [inst_2 : NormedSpace 𝕜 E]
    {x y : E}, x = y ↔ ∀ (g : StrongDual 𝕜 E), g x = g y

Note: The updated constant is in a different namespace. Dot notation may need to be changed (e.g., from `x.eq_iff_forall_dual_eq` to `SeparatingDual.eq_iff_forall_dual_eq x`).
warning: SierpinskiFormal/StationaryGraphWeakCluster.lean:199:2: Try this: 
  haveI̵

The goal is a proposition, so `have` is preferred over `haveI`.
The difference between `have` and `haveI` is that `haveI` inlines the value.
But this is not relevant for proofs because of proof irrelevance.

Note: This linter can be disabled with `set_option linter.style.haveILetI false`
✔ [3484/3491] Built Mathlib.Probability.Kernel.Composition.CompNotation (1.5s)
✔ [3485/3494] Built Mathlib.Probability.Kernel.Composition.MapComap (4.6s)
✔ [3486/3494] Built Mathlib.Probability.Independence.Kernel.Indep (5.7s)
✔ [3487/3499] Built Mathlib.Probability.Kernel.Composition.Comp (2.8s)
⚠ [3488/3499] Built SierpinskiFormal.StationarySourceBridge (4.5s)
warning: SierpinskiFormal/StationarySourceBridge.lean:74:1: automatically included section variable(s) unused in theorem `IndependentZeroBlocks.continuous_digitShift`:
  [MeasurableSpace A]
consider restructuring your `variable` declarations so that the variables are not in scope or explicitly omit them:
  omit [MeasurableSpace A] in theorem ...

Note: This linter can be disabled with `set_option linter.unusedSectionVars false`
warning: SierpinskiFormal/StationarySourceBridge.lean:79:1: automatically included section variable(s) unused in theorem `IndependentZeroBlocks.continuous_digitHead`:
  [MeasurableSpace A]
consider restructuring your `variable` declarations so that the variables are not in scope or explicitly omit them:
  omit [MeasurableSpace A] in theorem ...

Note: This linter can be disabled with `set_option linter.unusedSectionVars false`
warning: SierpinskiFormal/StationarySourceBridge.lean:93:8: automatically included section variable(s) unused in theorem `IndependentZeroBlocks.stationaryItinerary_apply`:
  [MeasurableSpace Ω]
  [MeasurableSpace A]
consider restructuring your `variable` declarations so that the variables are not in scope or explicitly omit them:
  omit [MeasurableSpace Ω] [MeasurableSpace A] in theorem ...

Note: This linter can be disabled with `set_option linter.unusedSectionVars false`
warning: SierpinskiFormal/StationarySourceBridge.lean:105:8: automatically included section variable(s) unused in theorem `IndependentZeroBlocks.digitHead_stationaryItinerary`:
  [MeasurableSpace Ω]
  [MeasurableSpace A]
consider restructuring your `variable` declarations so that the variables are not in scope or explicitly omit them:
  omit [MeasurableSpace Ω] [MeasurableSpace A] in theorem ...

Note: This linter can be disabled with `set_option linter.unusedSectionVars false`
warning: SierpinskiFormal/StationarySourceBridge.lean:111:0: automatically included section variable(s) unused in theorem `IndependentZeroBlocks.stationaryItinerary_semiconj`:
  [MeasurableSpace Ω]
  [MeasurableSpace A]
consider restructuring your `variable` declarations so that the variables are not in scope or explicitly omit them:
  omit [MeasurableSpace Ω] [MeasurableSpace A] in theorem ...

Note: This linter can be disabled with `set_option linter.unusedSectionVars false`
warning: SierpinskiFormal/StationarySourceBridge.lean:116:58: This simp argument is unused:
  Function.comp_apply

Hint: Omit it from the simp argument list.
  [apply] simp only [stationaryItinerary_apply, digitShift_apply]

Note: This linter can be disabled with `set_option linter.unusedSimpArgs false`
warning: SierpinskiFormal/StationarySourceBridge.lean:213:8: automatically included section variable(s) unused in theorem `IndependentZeroBlocks.stationaryPrefixContinuousMap_apply`:
  [Fintype A]
  [Nonempty A]
  [DecidableEq A]
  [MeasurableSingletonClass A]
consider restructuring your `variable` declarations so that the variables are not in scope or explicitly omit them:
  omit [Fintype A] [Nonempty A] [DecidableEq A] [MeasurableSingletonClass A] in theorem ...

Note: This linter can be disabled with `set_option linter.unusedSectionVars false`
warning: SierpinskiFormal/StationarySourceBridge.lean:230:8: automatically included section variable(s) unused in theorem `IndependentZeroBlocks.stationaryBooleanRawRightContinuousMap_val`:
  [Fintype A]
  [Nonempty A]
  [DecidableEq A]
  [MeasurableSingletonClass A]
consider restructuring your `variable` declarations so that the variables are not in scope or explicitly omit them:
  omit [Fintype A] [Nonempty A] [DecidableEq A] [MeasurableSingletonClass A] in theorem ...

Note: This linter can be disabled with `set_option linter.unusedSectionVars false`
warning: SierpinskiFormal/StationarySourceBridge.lean:237:0: automatically included section variable(s) unused in theorem `IndependentZeroBlocks.booleanWordRawRightOrbitLift_stationaryRawRightContinuousMap`:
  [Fintype A]
  [Nonempty A]
  [DecidableEq A]
  [MeasurableSingletonClass A]
consider restructuring your `variable` declarations so that the variables are not in scope or explicitly omit them:
  omit [Fintype A] [Nonempty A] [DecidableEq A] [MeasurableSingletonClass A] in theorem ...

Note: This linter can be disabled with `set_option linter.unusedSectionVars false`
warning: SierpinskiFormal/StationarySourceBridge.lean:251:0: automatically included section variable(s) unused in theorem `IndependentZeroBlocks.norm_booleanWordRawRightOrbitLift_le_one`:
  [Fintype A]
  [Nonempty A]
  [DecidableEq A]
  [MeasurableSpace A]
  [MeasurableSingletonClass A]
consider restructuring your `variable` declarations so that the variables are not in scope or explicitly omit them:
  omit [Fintype A] [Nonempty A] [DecidableEq A] [MeasurableSpace A] [MeasurableSingletonClass A] in theorem ...

Note: This linter can be disabled with `set_option linter.unusedSectionVars false`
warning: SierpinskiFormal/StationarySourceBridge.lean:264:0: automatically included section variable(s) unused in theorem `IndependentZeroBlocks.booleanWordRawRightCompactum_countable`:
  [TopologicalSpace A]
  [DiscreteTopology A]
  [Fintype A]
  [Nonempty A]
  [DecidableEq A]
  [MeasurableSpace A]
  [MeasurableSingletonClass A]
consider restructuring your `variable` declarations so that the variables are not in scope or explicitly omit them:
  omit [TopologicalSpace
  A] [DiscreteTopology
  A] [Fintype A] [Nonempty A] [DecidableEq A] [MeasurableSpace A] [MeasurableSingletonClass A] in theorem ...

Note: This linter can be disabled with `set_option linter.unusedSectionVars false`
warning: SierpinskiFormal/StationarySourceBridge.lean:321:2: Try this: 
  letI̵

The goal is a proposition, so `let` is preferred over `letI`.
The difference between `let` and `letI` is that `letI` inlines the value.
But this is not relevant for proofs because of proof irrelevance.

Note: This linter can be disabled with `set_option linter.style.haveILetI false`
warning: SierpinskiFormal/StationarySourceBridge.lean:363:32: This simp argument is unused:
  Finset.sum_apply

Hint: Omit it from the simp argument list.
  [apply] simp only [map_smul, map_sum]

Note: This linter can be disabled with `set_option linter.unusedSimpArgs false`
✔ [3489/3499] Built Mathlib.Probability.Kernel.Composition.ParallelComp (2.2s)
✔ [3490/3499] Built Mathlib.Probability.Kernel.Composition.CompMap (1.6s)
✔ [3491/3503] Built Mathlib.Probability.Kernel.Composition.Prod (2.8s)
✔ [3492/3503] Built Mathlib.Probability.Kernel.Composition.CompProd (4.9s)
✔ [3493/3503] Built Mathlib.MeasureTheory.Function.LpSeminorm.Prod (1.5s)
✔ [3494/3503] Built Mathlib.Probability.Kernel.Composition.KernelLemmas (2.1s)
✔ [3495/3504] Built Mathlib.Probability.Kernel.Composition.MeasureCompProd (3.3s)
✔ [3496/3504] Built Mathlib.Probability.Kernel.Composition.MeasureComp (2.8s)
✔ [3497/3504] Built Mathlib.MeasureTheory.Function.LpSpace.CompleteOfCompleteLp (3.6s)
✔ [3498/3507] Built Mathlib.MeasureTheory.Integral.Prod (7.4s)
✔ [3499/3507] Built Mathlib.MeasureTheory.Integral.Pi (3.6s)
✔ [3500/3507] Built Mathlib.MeasureTheory.Function.LpSeminorm.Trim (2.1s)
✔ [3501/3508] Built Mathlib.Probability.Independence.Kernel.IndepFun (7.0s)
✔ [3502/3508] Built Mathlib.MeasureTheory.Function.ConditionalExpectation.AEMeasurable (5.6s)
✔ [3503/3509] Built Mathlib.Algebra.Order.Ring.Star (1.1s)
✔ [3504/3511] Built Mathlib.Probability.Independence.Basic (7.2s)
✔ [3505/3512] Built Mathlib.MeasureTheory.Function.ConditionalExpectation.Unique (2.5s)
✔ [3506/3512] Built Mathlib.LinearAlgebra.Matrix.Hadamard (2.3s)
✔ [3507/3512] Built Mathlib.Probability.Independence.Integrable (1.9s)
✔ [3508/3514] Built Mathlib.Probability.Density (3.2s)
✔ [3509/3514] Built Mathlib.LinearAlgebra.Matrix.ZPow (3.5s)
✔ [3510/3514] Built Mathlib.LinearAlgebra.Matrix.Vec (2.2s)
✔ [3511/3517] Built Mathlib.LinearAlgebra.Matrix.Hermitian (4.3s)
✔ [3512/3517] Built Mathlib.Algebra.Algebra.Unitization (10s)
✔ [3513/3518] Built Mathlib.LinearAlgebra.QuadraticForm.Basic (19s)
✔ [3514/3518] Built Mathlib.Algebra.Algebra.Spectrum.Quasispectrum (7.1s)
✔ [3515/3518] Built Mathlib.Algebra.Algebra.StrictPositivity (1.9s)
✔ [3516/3522] Built Mathlib.Analysis.Complex.Spectrum (1.8s)
✔ [3517/3522] Built Mathlib.LinearAlgebra.Matrix.PosDef (8.1s)
✔ [3518/3528] Built Mathlib.Topology.Maps.Proper.CompactlyGenerated (1.6s)
✔ [3519/3528] Built Mathlib.Data.NNReal.Star (1.2s)
✔ [3520/3528] Built Mathlib.RingTheory.MvPolynomial.Symmetric.Defs (3.5s)
✔ [3521/3528] Built Mathlib.Topology.Algebra.Star.Real (1.0s)
✔ [3522/3529] Built Mathlib.Topology.ContinuousMap.StarOrdered (2.6s)
✔ [3523/3532] Built Mathlib.RingTheory.Polynomial.Vieta (2.3s)
✔ [3524/3532] Built Mathlib.Topology.Algebra.StarSubalgebra (3.6s)
✔ [3525/3532] Built Mathlib.Topology.Algebra.Polynomial (2.7s)
✔ [3526/3532] Built Mathlib.Topology.ContinuousMap.Lattice (1.4s)
✔ [3527/3532] Built Mathlib.Topology.Algebra.NonUnitalAlgebra (2.0s)
✔ [3528/3539] Built Mathlib.Topology.Algebra.NonUnitalStarAlgebra (4.6s)
✔ [3529/3542] Built Mathlib.RingTheory.Derivation.Basic (8.7s)
✔ [3530/3542] Built Mathlib.Analysis.CStarAlgebra.ContinuousFunctionalCalculus.Unital (16s)
✔ [3531/3542] Built Mathlib.Topology.ContinuousMap.Polynomial (2.6s)
✔ [3532/3543] Built Mathlib.Algebra.Order.Module.Basic (1.4s)
✔ [3533/3545] Built Mathlib.Algebra.MvPolynomial.Derivation (2.6s)
✔ [3534/3545] Built Mathlib.Analysis.CStarAlgebra.Classes (10s)
✔ [3535/3545] Built Mathlib.Algebra.MvPolynomial.PDeriv (3.0s)
✔ [3536/3547] Built Mathlib.Analysis.CStarAlgebra.ContinuousFunctionalCalculus.NonUnital (21s)
✔ [3537/3547] Built Mathlib.Analysis.Normed.Algebra.Unitization (6.5s)
✔ [3538/3547] Built Mathlib.RingTheory.Polynomial.Bernstein (5.2s)
✔ [3539/3547] Built Mathlib.Analysis.Real.Spectrum (2.4s)
✔ [3540/3549] Built Mathlib.Analysis.CStarAlgebra.ContinuousFunctionalCalculus.Restrict (9.8s)
✔ [3541/3549] Built Mathlib.Analysis.Normed.Algebra.UnitizationL1 (3.3s)
✔ [3542/3549] Built Mathlib.Analysis.CStarAlgebra.Unitization (6.2s)
✔ [3543/3549] Built Mathlib.Analysis.SpecialFunctions.Bernstein (6.1s)
✔ [3544/3549] Built Mathlib.FieldTheory.IsAlgClosed.Spectrum (2.8s)
✔ [3545/3554] Built Mathlib.Topology.Algebra.Module.Spaces.CharacterSpace (2.8s)
✔ [3546/3555] Built Mathlib.Topology.ContinuousMap.Weierstrass (2.0s)
✔ [3547/3555] Built Mathlib.Topology.Sets.VietorisTopology (12s)
✔ [3548/3555] Built Mathlib.Topology.ContinuousMap.StoneWeierstrass (11s)
✔ [3549/3556] Built Mathlib.Algebra.Star.UnitaryStarAlgAut (2.7s)
✔ [3550/3556] Built Mathlib.Topology.UniformSpace.Closeds (12s)
✔ [3551/3557] Built Mathlib.Analysis.CStarAlgebra.ContinuousFunctionalCalculus.Unique (10s)
✔ [3552/3557] Built Mathlib.Topology.Semicontinuity.Hemicontinuity (3.6s)
✔ [3553/3559] Built Mathlib.Analysis.SpecialFunctions.Sqrt (2.8s)
✔ [3554/3560] Built Mathlib.Analysis.Normed.Algebra.Spectrum (12s)
✔ [3555/3560] Built Mathlib.Topology.OpenPartialHomeomorph.Composition (2.4s)
✔ [3556/3562] Built Mathlib.Analysis.CStarAlgebra.ContinuousFunctionalCalculus.Instances (18s)
✔ [3557/3562] Built Mathlib.Analysis.Calculus.ContDiff.WithLp (2.6s)
✔ [3558/3562] Built Mathlib.Analysis.InnerProductSpace.Adjoint (43s)
✔ [3559/3567] Built Mathlib.Analysis.Normed.Module.Ball.Homeomorph (2.7s)
✔ [3560/3567] Built Mathlib.Analysis.Calculus.FDeriv.WithLp (3.1s)
✔ [3561/3569] Built Mathlib.Analysis.Calculus.InverseFunctionTheorem.ApproximatesLinearOn (8.8s)
✔ [3562/3570] Built Mathlib.LinearAlgebra.Eigenspace.Basic (12s)
✔ [3563/3570] Built Mathlib.Analysis.Calculus.InverseFunctionTheorem.FDeriv (3.6s)
✔ [3564/3570] Built Mathlib.Analysis.InnerProductSpace.Calculus (8.9s)
✔ [3565/3573] Built Mathlib.Analysis.Calculus.LagrangeMultipliers (3.2s)
✔ [3566/3575] Built Mathlib.Analysis.Normed.Operator.Compact.Basic (4.8s)
✔ [3567/3576] Built Mathlib.LinearAlgebra.Charpoly.Basic (3.3s)
✔ [3568/3576] Built Mathlib.Analysis.Normed.Operator.Compact.FiniteDimension (1.9s)
✔ [3569/3576] Built Mathlib.Analysis.InnerProductSpace.Rayleigh (11s)
✔ [3570/3577] Built Mathlib.Analysis.Normed.Operator.Compact.FredholmAlternative (6.8s)
✔ [3571/3577] Built Mathlib.LinearAlgebra.Matrix.Charpoly.Eigs (2.1s)
✔ [3572/3579] Built Mathlib.LinearAlgebra.Eigenspace.ContinuousLinearMap (1.6s)
✔ [3573/3580] Built Mathlib.LinearAlgebra.Charpoly.ToMatrix (2.3s)
✔ [3574/3580] Built Mathlib.LinearAlgebra.Eigenspace.Minpoly (2.6s)
✔ [3575/3580] Built Mathlib.Data.Fin.Tuple.Sort (1.0s)
✔ [3576/3584] Built Mathlib.LinearAlgebra.Charpoly.BaseChange (1.0s)
✔ [3577/3585] Built Mathlib.Analysis.Matrix.Hermitian (2.4s)
✔ [3578/3585] Built Mathlib.LinearAlgebra.Eigenspace.Charpoly (2.1s)
✔ [3579/3586] Built Mathlib.LinearAlgebra.Eigenspace.Matrix (2.0s)
✔ [3580/3586] Built Mathlib.Topology.ContinuousMap.Units (2.0s)
✔ [3581/3587] Built Mathlib.Analysis.RCLike.Sqrt (6.0s)
✔ [3582/3590] Built Mathlib.Analysis.InnerProductSpace.Spectrum (8.0s)
✔ [3583/3590] Built Mathlib.Algebra.Order.Star.Prod (1.3s)
✔ [3584/3594] Built Mathlib.Algebra.Group.Pi.Units (804ms)
✔ [3585/3595] Built Mathlib.Algebra.Algebra.Spectrum.Pi (1.8s)
✔ [3586/3596] Built Mathlib.Algebra.Order.Star.Real (1.8s)
✔ [3587/3596] Built Mathlib.Analysis.Matrix.Spectrum (5.7s)
✔ [3588/3596] Built Mathlib.Analysis.CStarAlgebra.ContinuousFunctionalCalculus.Pi (3.2s)
✔ [3589/3596] Built Mathlib.Topology.ContinuousMap.ContinuousSqrt (2.3s)
✔ [3590/3596] Built Mathlib.Analysis.CStarAlgebra.ContinuousFunctionalCalculus.Commute (4.6s)
✔ [3591/3596] Built Mathlib.Analysis.Matrix.PosDef (3.5s)
✔ [3592/3596] Built Mathlib.Analysis.CStarAlgebra.ContinuousFunctionalCalculus.Isometric (15s)
✔ [3593/3601] Built Mathlib.Analysis.Matrix.HermitianFunctionalCalculus (4.2s)
✔ [3594/3602] Built Mathlib.Order.CompleteLattice.Group (908ms)
✔ [3595/3606] Built Mathlib.Topology.MetricSpace.UniformConvergence (6.6s)
✔ [3596/3610] Built Mathlib.Analysis.SpecialFunctions.ContinuousFunctionalCalculus.PosPart.Basic (11s)
✔ [3597/3610] Built Mathlib.Analysis.Matrix.Normed (7.6s)
✔ [3598/3617] Built Mathlib.Topology.UniformSpace.Matrix (1.9s)
✔ [3599/3617] Built Mathlib.Analysis.CStarAlgebra.ContinuousFunctionalCalculus.Continuity (21s)
✔ [3600/3617] Built Mathlib.MeasureTheory.Function.StronglyMeasurable.Inner (1.0s)
✔ [3601/3617] Built Mathlib.Analysis.SpecialFunctions.ContinuousFunctionalCalculus.Rpow.Basic (23s)
✔ [3602/3617] Built Mathlib.MeasureTheory.Function.LpSpace.InfiniteSum (3.7s)
✔ [3603/3619] Built Mathlib.Analysis.CStarAlgebra.Matrix (13s)
✔ [3604/3619] Built Mathlib.Analysis.SpecialFunctions.ContinuousFunctionalCalculus.Rpow.Isometric (3.8s)
✔ [3605/3625] Built Mathlib.MeasureTheory.Constructions.Cylinders (2.8s)
✔ [3606/3625] Built Mathlib.MeasureTheory.Constructions.Projective (2.2s)
✔ [3607/3625] Built Mathlib.Data.Finset.Pairwise (1.3s)
✔ [3608/3625] Built Mathlib.Analysis.SpecialFunctions.ContinuousFunctionalCalculus.Abs (10s)
✔ [3609/3626] Built Mathlib.Order.Partition.Finpartition (6.3s)
✔ [3610/3626] Built Mathlib.MeasureTheory.SetSemiring (4.6s)
✔ [3611/3626] Built Mathlib.MeasureTheory.SetAlgebra (1.0s)
✔ [3612/3628] Built Mathlib.Analysis.Matrix.Order (8.4s)
✔ [3613/3628] Built Mathlib.Analysis.InnerProductSpace.GramMatrix (4.8s)
✔ [3614/3633] Built Mathlib.MeasureTheory.Measure.AddContent (6.3s)
✔ [3615/3633] Built Mathlib.MeasureTheory.Function.L2Space (5.3s)
✔ [3616/3633] Built Mathlib.MeasureTheory.Constructions.ProjectiveFamilyContent (1.0s)
✔ [3617/3633] Built Mathlib.MeasureTheory.VectorMeasure.Basic (9.9s)
✔ [3618/3635] Built Mathlib.MeasureTheory.VectorMeasure.WithDensity (3.8s)
✔ [3619/3635] Built Mathlib.MeasureTheory.Function.ConditionalExpectation.CondexpL2 (9.7s)
✔ [3620/3635] Built Mathlib.MeasureTheory.VectorMeasure.Decomposition.Hahn (4.2s)
✔ [3621/3635] Built Mathlib.Topology.Semicontinuity.Lindelof (1.8s)
✔ [3622/3635] Built Mathlib.MeasureTheory.Measure.Complex (2.3s)
✔ [3623/3635] Built Mathlib.MeasureTheory.VectorMeasure.Decomposition.Jordan (3.0s)
✔ [3624/3635] Built Mathlib.MeasureTheory.Function.ConditionalExpectation.CondexpL1 (8.5s)
✔ [3625/3636] Built Mathlib.MeasureTheory.VectorMeasure.Decomposition.Lebesgue (4.0s)
✔ [3626/3636] Built Mathlib.Analysis.Convex.Approximation (9.5s)
✔ [3627/3636] Built Mathlib.MeasureTheory.VectorMeasure.Decomposition.RadonNikodym (1.8s)
✔ [3628/3643] Built Mathlib.MeasureTheory.Function.ConditionalExpectation.Basic (5.1s)
✔ [3629/3645] Built Mathlib.LinearAlgebra.Matrix.FiniteDimensional (1.8s)
✔ [3630/3645] Built Mathlib.LinearAlgebra.AffineSpace.Simplex.Centroid (6.9s)
✔ [3631/3645] Built Mathlib.MeasureTheory.Function.ConditionalExpectation.Indicator (2.7s)
✔ [3632/3649] Built Mathlib.Probability.Notation (2.1s)
✔ [3633/3650] Built Mathlib.MeasureTheory.Function.LpSeminorm.LpNorm (5.8s)
✔ [3634/3650] Built Mathlib.LinearAlgebra.AffineSpace.FiniteDimensional (6.0s)
✔ [3635/3650] Built Mathlib.Order.Restriction (1.2s)
✔ [3636/3651] Built Mathlib.MeasureTheory.OuterMeasure.OfAddContent (1.9s)
✔ [3637/3651] Built Mathlib.Probability.Independence.Integration (6.8s)
✔ [3638/3651] Built Mathlib.Analysis.Normed.Affine.AddTorsorBases (2.7s)
✔ [3639/3651] Built Mathlib.MeasureTheory.MeasurableSpace.PreorderRestrict (1.1s)
✔ [3640/3651] Built Mathlib.Probability.Kernel.Composition.Lemmas (2.4s)
✔ [3641/3651] Built Mathlib.Probability.Moments.Covariance (4.7s)
✔ [3642/3653] Built Mathlib.Analysis.Convex.Between (10s)
✔ [3643/3653] Built Mathlib.Analysis.Normed.Affine.Convex (3.6s)
✔ [3644/3654] Built Mathlib.Probability.Moments.Variance (6.6s)
✔ [3645/3654] Built Mathlib.Probability.Kernel.MeasurableIntegral (3.6s)
✔ [3646/3654] Built Mathlib.Probability.HasLaw (3.3s)
✔ [3647/3657] Built Mathlib.Analysis.Convex.Continuous (5.6s)
✔ [3648/3657] Built Mathlib.Probability.Kernel.Disintegration.Basic (2.6s)
✔ [3649/3657] Built Mathlib.Probability.Kernel.Composition.IntegralCompProd (5.3s)
✔ [3650/3657] Built Mathlib.MeasureTheory.Function.ConditionalExpectation.CondJensen (6.5s)
✔ [3651/3657] Built Mathlib.Probability.Kernel.Disintegration.MeasurableStieltjes (3.3s)
✔ [3652/3657] Built Mathlib.MeasureTheory.Function.ConditionalExpectation.Real (5.9s)
✔ [3653/3657] Built Mathlib.Probability.Kernel.Disintegration.CDFToKernel (5.5s)
✔ [3654/3663] Built Mathlib.Probability.Kernel.Disintegration.CondCDF (2.9s)
✔ [3655/3664] Built Mathlib.Data.Fintype.WithTopBot (872ms)
✔ [3656/3664] Built Mathlib.Probability.Process.Filtration (4.6s)
✔ [3657/3670] Built Mathlib.Topology.Order.WithTop (7.3s)
✔ [3658/3670] Built Mathlib.MeasureTheory.Function.ConditionalExpectation.PullOut (6.3s)
✔ [3659/3670] Built Mathlib.MeasureTheory.Function.FactorsThrough (1.8s)
✔ [3660/3670] Built Mathlib.Probability.Process.Adapted (3.1s)
✔ [3661/3670] Built Mathlib.Probability.Process.PartitionFiltration (1.7s)
✔ [3662/3670] Built Mathlib.MeasureTheory.Constructions.BorelSpace.WithTop (1.3s)
✔ [3663/3671] Built Mathlib.Probability.Process.Predictable (5.5s)
✔ [3664/3679] Built Mathlib.SetTheory.Cardinal.Continuum (1.6s)
✔ [3665/3681] Built Mathlib.Algebra.CharZero.Infinite (1.1s)
✔ [3666/3681] Built Mathlib.SetTheory.Cardinal.Rat (1.2s)
✔ [3667/3688] Built Mathlib.Probability.Process.Stopping (10s)
✔ [3668/3690] Built Mathlib.Probability.Kernel.IonescuTulcea.Maps (2.8s)
✔ [3669/3690] Built Mathlib.Analysis.Real.Cardinality (2.4s)
✔ [3670/3690] Built Mathlib.Probability.Martingale.Basic (6.1s)
✔ [3671/3690] Built Mathlib.Probability.Kernel.Integral (2.2s)
✔ [3672/3690] Built Mathlib.Probability.Process.HittingTime (6.3s)
⚠ [3673/3690] Built SierpinskiFormal.OneBoundaryMixture (2.7s)
warning: SierpinskiFormal/OneBoundaryMixture.lean:14:0: automatically included section variable(s) unused in theorem `IndependentZeroBlocks.hasSum_markerGapWeight_one`:
  [Nonempty A]
  [TopologicalSpace A]
  [DiscreteTopology A]
consider restructuring your `variable` declarations so that the variables are not in scope or explicitly omit them:
  omit [Nonempty A] [TopologicalSpace A] [DiscreteTopology A] in theorem ...

Note: This linter can be disabled with `set_option linter.unusedSectionVars false`
warning: SierpinskiFormal/OneBoundaryMixture.lean:72:13: This simp argument is unused:
  b

Hint: Omit it from the simp argument list.
  [apply] simp only [mul_assoc, tsum_mul_left]

Note: This linter can be disabled with `set_option linter.unusedSimpArgs false`
✔ [3674/3690] Built Mathlib.Probability.Kernel.IonescuTulcea.PartialTraj (4.1s)
✔ [3675/3690] Built Mathlib.MeasureTheory.Constructions.Polish.EmbeddingReal (1.4s)
✔ [3676/3696] Built Mathlib.Probability.Kernel.SetIntegral (1.5s)
✔ [3677/3697] Built Mathlib.Probability.ConditionalExpectation (2.9s)
✔ [3678/3697] Built Mathlib.Probability.Martingale.Upcrossing (5.6s)
⚠ [3679/3697] Built SierpinskiFormal.FiniteConditionalParameter (2.3s)
warning: SierpinskiFormal/FiniteConditionalParameter.lean:15:0: automatically included section variable(s) unused in theorem `IndependentZeroBlocks.condExp_finite_parameter`:
  [IsProbabilityMeasure μ]
consider restructuring your `variable` declarations so that the variables are not in scope or explicitly omit them:
  omit [IsProbabilityMeasure μ] in theorem ...

Note: This linter can be disabled with `set_option linter.unusedSectionVars false`
⚠ [3680/3699] Built SierpinskiFormal.CesaroPrefixShift (2.2s)
warning: SierpinskiFormal/CesaroPrefixShift.lean:34:2: Used `tac1 <;> tac2` where `(tac1; tac2)` would suffice

Note: This linter can be disabled with `set_option linter.unnecessarySeqFocus false`
✔ [3681/3699] Built Mathlib.Probability.Martingale.Convergence (3.1s)
⚠ [3682/3702] Built SierpinskiFormal.StationaryBooleanDuality (2.6s)
warning: SierpinskiFormal/StationaryBooleanDuality.lean:27:2: Try this: 
  letI̵

The goal is a proposition, so `let` is preferred over `letI`.
The difference between `let` and `letI` is that `letI` inlines the value.
But this is not relevant for proofs because of proof irrelevance.

Note: This linter can be disabled with `set_option linter.style.haveILetI false`
✔ [3683/3702] Built SierpinskiFormal.ConditionalLimitIdentification (2.1s)
✔ [3684/3705] Built Mathlib.Probability.Kernel.Disintegration.Density (6.5s)
⚠ [3685/3709] Built SierpinskiFormal.StationaryMaximal (6.1s)
warning: SierpinskiFormal/StationaryMaximal.lean:63:8: automatically included section variable(s) unused in theorem `IndependentZeroBlocks.hopfPartialMax_zero`:
  [MeasurableSpace Ω]
consider restructuring your `variable` declarations so that the variables are not in scope or explicitly omit them:
  omit [MeasurableSpace Ω] in theorem ...

Note: This linter can be disabled with `set_option linter.unusedSectionVars false`
warning: SierpinskiFormal/StationaryMaximal.lean:66:8: automatically included section variable(s) unused in theorem `IndependentZeroBlocks.hopfPartialMax_succ`:
  [MeasurableSpace Ω]
consider restructuring your `variable` declarations so that the variables are not in scope or explicitly omit them:
  omit [MeasurableSpace Ω] in theorem ...

Note: This linter can be disabled with `set_option linter.unusedSectionVars false`
warning: SierpinskiFormal/StationaryMaximal.lean:71:0: automatically included section variable(s) unused in theorem `IndependentZeroBlocks.hopfPartialMax_nonneg`:
  [MeasurableSpace Ω]
consider restructuring your `variable` declarations so that the variables are not in scope or explicitly omit them:
  omit [MeasurableSpace Ω] in theorem ...

Note: This linter can be disabled with `set_option linter.unusedSectionVars false`
warning: SierpinskiFormal/StationaryMaximal.lean:89:0: automatically included section variable(s) unused in theorem `IndependentZeroBlocks.birkhoffSum_le_hopfPartialMax`:
  [MeasurableSpace Ω]
consider restructuring your `variable` declarations so that the variables are not in scope or explicitly omit them:
  omit [MeasurableSpace Ω] in theorem ...

Note: This linter can be disabled with `set_option linter.unusedSectionVars false`
warning: SierpinskiFormal/StationaryMaximal.lean:99:0: automatically included section variable(s) unused in theorem `IndependentZeroBlocks.birkhoffSum_sub_const`:
  [MeasurableSpace Ω]
consider restructuring your `variable` declarations so that the variables are not in scope or explicitly omit them:
  omit [MeasurableSpace Ω] in theorem ...

Note: This linter can be disabled with `set_option linter.unusedSectionVars false`
warning: SierpinskiFormal/StationaryMaximal.lean:139:0: automatically included section variable(s) unused in theorem `IndependentZeroBlocks.monotone_finiteBirkhoffMaxSet`:
  [MeasurableSpace Ω]
consider restructuring your `variable` declarations so that the variables are not in scope or explicitly omit them:
  omit [MeasurableSpace Ω] in theorem ...

Note: This linter can be disabled with `set_option linter.unusedSectionVars false`
warning: SierpinskiFormal/StationaryMaximal.lean:152:51: `Set.mem_setOf_eq` has been deprecated: Use `Set.mem_ofPred_eq` instead
warning: SierpinskiFormal/StationaryMaximal.lean:149:0: automatically included section variable(s) unused in theorem `IndependentZeroBlocks.iUnion_finiteBirkhoffMaxSet`:
  [MeasurableSpace Ω]
consider restructuring your `variable` declarations so that the variables are not in scope or explicitly omit them:
  omit [MeasurableSpace Ω] in theorem ...

Note: This linter can be disabled with `set_option linter.unusedSectionVars false`
warning: SierpinskiFormal/StationaryMaximal.lean:237:33: `Set.mem_setOf_eq` has been deprecated: Use `Set.mem_ofPred_eq` instead
warning: SierpinskiFormal/StationaryMaximal.lean:242:56: `Set.mem_setOf_eq` has been deprecated: Use `Set.mem_ofPred_eq` instead
warning: SierpinskiFormal/StationaryMaximal.lean:396:0: automatically included section variable(s) unused in theorem `IndependentZeroBlocks.stationarySkewApply_sub`:
  [MeasurableSpace Ω]
consider restructuring your `variable` declarations so that the variables are not in scope or explicitly omit them:
  omit [MeasurableSpace Ω] in theorem ...

Note: This linter can be disabled with `set_option linter.unusedSectionVars false`
warning: SierpinskiFormal/StationaryMaximal.lean:420:50: This simp argument is unused:
  ← Finset.smul_sum

Hint: Omit it from the simp argument list.
  [apply] simp only [birkhoffAverage, birkhoffSum, id_eq, iterate_stationarySkewApply_sub, Finset.sum_sub_distrib,
    smul_sub]

Note: Simp arguments with `←` have the additional effect of removing the other direction from the simp set, even if the simp argument itself is unused. If the hint above does not work, try replacing `←` with `-` to only get that effect and silence this warning.

Note: This linter can be disabled with `set_option linter.unusedSimpArgs false`
warning: SierpinskiFormal/StationaryMaximal.lean:423:0: automatically included section variable(s) unused in theorem `IndependentZeroBlocks.iterate_stationarySkewApply_add`:
  [MeasurableSpace Ω]
consider restructuring your `variable` declarations so that the variables are not in scope or explicitly omit them:
  omit [MeasurableSpace Ω] in theorem ...

Note: This linter can be disabled with `set_option linter.unusedSectionVars false`
warning: SierpinskiFormal/StationaryMaximal.lean:440:50: This simp argument is unused:
  ← Finset.smul_sum

Hint: Omit it from the simp argument list.
  [apply] simp only [birkhoffAverage, birkhoffSum, id_eq, iterate_stationarySkewApply_add, Finset.sum_add_distrib,
    smul_add]

Note: Simp arguments with `←` have the additional effect of removing the other direction from the simp set, even if the simp argument itself is unused. If the hint above does not work, try replacing `←` with `-` to only get that effect and silence this warning.

Note: This linter can be disabled with `set_option linter.unusedSimpArgs false`
✔ [3686/3709] Built SierpinskiFormal.PrefixFiltration (2.1s)
⚠ [3687/3709] Built SierpinskiFormal.StationaryBooleanWeakCluster (4.0s)
warning: SierpinskiFormal/StationaryBooleanWeakCluster.lean:43:2: Try this: 
  letI̵

The goal is a proposition, so `let` is preferred over `letI`.
The difference between `let` and `letI` is that `letI` inlines the value.
But this is not relevant for proofs because of proof irrelevance.

Note: This linter can be disabled with `set_option linter.style.haveILetI false`
✔ [3688/3711] Built Mathlib.Probability.Kernel.Disintegration.StandardBorel (2.8s)
⚠ [3689/3711] Built SierpinskiFormal.PaddedStableLogDensity (2.6s)
warning: SierpinskiFormal/PaddedStableLogDensity.lean:47:2: Try this: 
  letI̵

The goal is a proposition, so `let` is preferred over `letI`.
The difference between `let` and `letI` is that `letI` inlines the value.
But this is not relevant for proofs because of proof irrelevance.

Note: This linter can be disabled with `set_option linter.style.haveILetI false`
warning: SierpinskiFormal/PaddedStableLogDensity.lean:76:2: Try this: 
  letI̵

The goal is a proposition, so `let` is preferred over `letI`.
The difference between `let` and `letI` is that `letI` inlines the value.
But this is not relevant for proofs because of proof irrelevance.

Note: This linter can be disabled with `set_option linter.style.haveILetI false`
✔ [3690/3711] Built SierpinskiFormal.StationaryMeanConvergence (3.1s)
⚠ [3691/3711] Built SierpinskiFormal.StationaryPointwise (4.4s)
warning: SierpinskiFormal/StationaryPointwise.lean:35:0: automatically included section variable(s) unused in theorem `IndependentZeroBlocks.exists_simple_coboundary_approx_of_mem_closure_range`:
  [CompleteSpace E]
  [IsFiniteMeasure μ]
consider restructuring your `variable` declarations so that the variables are not in scope or explicitly omit them:
  omit [CompleteSpace E] [IsFiniteMeasure μ] in theorem ...

Note: This linter can be disabled with `set_option linter.unusedSectionVars false`
warning: SierpinskiFormal/StationaryPointwise.lean:58:0: automatically included section variable(s) unused in theorem `IndependentZeroBlocks.fixed_and_sub_mem_closure_range_of_tendsto_birkhoffAverage`:
  [CompleteSpace E]
  [IsFiniteMeasure μ]
consider restructuring your `variable` declarations so that the variables are not in scope or explicitly omit them:
  omit [CompleteSpace E] [IsFiniteMeasure μ] in theorem ...

Note: This linter can be disabled with `set_option linter.unusedSectionVars false`
warning: SierpinskiFormal/StationaryPointwise.lean:122:14: `ContinuousLinearMap.sub_apply` has been deprecated: Use `sub_apply` instead

Note: The updated constant is in a different namespace. Dot notation may need to be changed (e.g., from `x.sub_apply` to `sub_apply x`).
warning: SierpinskiFormal/StationaryPointwise.lean:122:45: `ContinuousLinearMap.one_apply` has been deprecated: Use `one_apply_eq_self` instead

Note: The updated constant is in a different namespace. Dot notation may need to be changed (e.g., from `x.one_apply` to `one_apply_eq_self x`).
✔ [3692/3711] Built SierpinskiFormal.CountableBoundaryLaw (1.5s)
✔ [3693/3711] Built Mathlib.Probability.Kernel.Disintegration.Integral (2.9s)
✔ [3694/3711] Built SierpinskiFormal.BooleanRegularLogDensity (2.5s)
⚠ [3695/3717] Built SierpinskiFormal.StationaryBooleanConvergence (2.3s)
warning: SierpinskiFormal/StationaryBooleanConvergence.lean:67:2: Try this: 
  haveI̵

The goal is a proposition, so `have` is preferred over `haveI`.
The difference between `have` and `haveI` is that `haveI` inlines the value.
But this is not relevant for proofs because of proof irrelevance.

Note: This linter can be disabled with `set_option linter.style.haveILetI false`
✔ [3696/3717] Built Mathlib.Probability.Kernel.Disintegration.Unique (2.2s)
⚠ [3697/3717] Built SierpinskiFormal.StationaryAlgebraicApplications (2.4s)
warning: SierpinskiFormal/StationaryAlgebraicApplications.lean:39:2: Try this: 
  letI̵

The goal is a proposition, so `let` is preferred over `letI`.
The difference between `let` and `letI` is that `letI` inlines the value.
But this is not relevant for proofs because of proof irrelevance.

Note: This linter can be disabled with `set_option linter.style.haveILetI false`
warning: SierpinskiFormal/StationaryAlgebraicApplications.lean:63:2: Try this: 
  letI̵

The goal is a proposition, so `let` is preferred over `letI`.
The difference between `let` and `letI` is that `letI` inlines the value.
But this is not relevant for proofs because of proof irrelevance.

Note: This linter can be disabled with `set_option linter.style.haveILetI false`
warning: SierpinskiFormal/StationaryAlgebraicApplications.lean:64:2: Try this: 
  letI̵

The goal is a proposition, so `let` is preferred over `letI`.
The difference between `let` and `letI` is that `letI` inlines the value.
But this is not relevant for proofs because of proof irrelevance.

Note: This linter can be disabled with `set_option linter.style.haveILetI false`
⚠ [3698/3721] Built SierpinskiFormal.ModuleBooleanReturnMean (3.8s)
warning: SierpinskiFormal/ModuleBooleanReturnMean.lean:73:0: automatically included section variable(s) unused in theorem `IndependentZeroBlocks.moduleBooleanCentralReturnGroupPredicate_hasBooleanDoubleLimitProperty`:
  [Fintype C]
  [Nonempty C]
  [DecidableEq C]
  [TopologicalSpace C]
  [DiscreteTopology C]
consider restructuring your `variable` declarations so that the variables are not in scope or explicitly omit them:
  omit [Fintype C] [Nonempty C] [DecidableEq C] [TopologicalSpace C] [DiscreteTopology C] in theorem ...

Note: This linter can be disabled with `set_option linter.unusedSectionVars false`
warning: SierpinskiFormal/ModuleBooleanReturnMean.lean:137:0: automatically included section variable(s) unused in theorem `IndependentZeroBlocks.moduleBooleanCentralReturnExactAverage_mem_Icc`:
  [IsNoetherian R X]
  [IsNoetherian R (Module.Dual R X)]
  [IsNoetherian R B]
  [IsNoetherian R (Module.Dual R B)]
consider restructuring your `variable` declarations so that the variables are not in scope or explicitly omit them:
  omit [IsNoetherian R
  X] [IsNoetherian R (Module.Dual R X)] [IsNoetherian R B] [IsNoetherian R (Module.Dual R B)] in theorem ...

Note: This linter can be disabled with `set_option linter.unusedSectionVars false`
warning: SierpinskiFormal/ModuleBooleanReturnMean.lean:212:2: Try this: 
  letI̵

The goal is a proposition, so `let` is preferred over `letI`.
The difference between `let` and `letI` is that `letI` inlines the value.
But this is not relevant for proofs because of proof irrelevance.

Note: This linter can be disabled with `set_option linter.style.haveILetI false`
warning: SierpinskiFormal/ModuleBooleanReturnMean.lean:213:2: Try this: 
  letI̵

The goal is a proposition, so `let` is preferred over `letI`.
The difference between `let` and `letI` is that `letI` inlines the value.
But this is not relevant for proofs because of proof irrelevance.

Note: This linter can be disabled with `set_option linter.style.haveILetI false`
warning: SierpinskiFormal/ModuleBooleanReturnMean.lean:245:2: Try this: 
  letI̵

The goal is a proposition, so `let` is preferred over `letI`.
The difference between `let` and `letI` is that `letI` inlines the value.
But this is not relevant for proofs because of proof irrelevance.

Note: This linter can be disabled with `set_option linter.style.haveILetI false`
warning: SierpinskiFormal/ModuleBooleanReturnMean.lean:246:2: Try this: 
  letI̵

The goal is a proposition, so `let` is preferred over `letI`.
The difference between `let` and `letI` is that `letI` inlines the value.
But this is not relevant for proofs because of proof irrelevance.

Note: This linter can be disabled with `set_option linter.style.haveILetI false`
warning: SierpinskiFormal/ModuleBooleanReturnMean.lean:247:2: Try this: 
  letI̵

The goal is a proposition, so `let` is preferred over `letI`.
The difference between `let` and `letI` is that `letI` inlines the value.
But this is not relevant for proofs because of proof irrelevance.

Note: This linter can be disabled with `set_option linter.style.haveILetI false`
warning: SierpinskiFormal/ModuleBooleanReturnMean.lean:248:2: Try this: 
  letI̵

The goal is a proposition, so `let` is preferred over `letI`.
The difference between `let` and `letI` is that `letI` inlines the value.
But this is not relevant for proofs because of proof irrelevance.

Note: This linter can be disabled with `set_option linter.style.haveILetI false`
✔ [3699/3721] Built Mathlib.Probability.Kernel.CondDistrib (4.3s)
✔ [3700/3721] Built SierpinskiFormal.StationaryBooleanMean (2.4s)
⚠ [3701/3722] Built SierpinskiFormal.BooleanResetArtinianDensity (3.4s)
warning: SierpinskiFormal/BooleanResetArtinianDensity.lean:70:0: automatically included section variable(s) unused in theorem `IndependentZeroBlocks.moduleBooleanBoundaryCentralSequence_eq_centralReturnExactAverage`:
  [Nonempty A]
  [DecidableEq A]
consider restructuring your `variable` declarations so that the variables are not in scope or explicitly omit them:
  omit [Nonempty A] [DecidableEq A] in theorem ...

Note: This linter can be disabled with `set_option linter.unusedSectionVars false`
warning: SierpinskiFormal/BooleanResetArtinianDensity.lean:140:8: automatically included section variable(s) unused in theorem `IndependentZeroBlocks.moduleBoolean_block_suffix`:
  [TopologicalSpace A]
  [DiscreteTopology A]
  [Fintype A]
  [Nonempty A]
  [DecidableEq A]
consider restructuring your `variable` declarations so that the variables are not in scope or explicitly omit them:
  omit [TopologicalSpace A] [DiscreteTopology A] [Fintype A] [Nonempty A] [DecidableEq A] in theorem ...

Note: This linter can be disabled with `set_option linter.unusedSectionVars false`
warning: SierpinskiFormal/BooleanResetArtinianDensity.lean:220:10: `tendsto_finset_sum` has been deprecated: Use `tendsto_finsetSum` instead
⚠ [3702/3727] Built SierpinskiFormal.ModuleTranslatedReturnMean (3.1s)
warning: SierpinskiFormal/ModuleTranslatedReturnMean.lean:30:8: automatically included section variable(s) unused in theorem `IndependentZeroBlocks.moduleTranslatedReturnGroup_predicate`:
  [IsNoetherian R B]
  [IsNoetherian R (Module.Dual R B)]
  [Fintype C]
  [Nonempty C]
  [DecidableEq C]
  [TopologicalSpace C]
  [DiscreteTopology C]
consider restructuring your `variable` declarations so that the variables are not in scope or explicitly omit them:
  omit [IsNoetherian R
  B] [IsNoetherian R
  (Module.Dual R B)] [Fintype C] [Nonempty C] [DecidableEq C] [TopologicalSpace C] [DiscreteTopology C] in theorem ...

Note: This linter can be disabled with `set_option linter.unusedSectionVars false`
warning: SierpinskiFormal/ModuleTranslatedReturnMean.lean:75:2: Try this: 
  letI̵

The goal is a proposition, so `let` is preferred over `letI`.
The difference between `let` and `letI` is that `letI` inlines the value.
But this is not relevant for proofs because of proof irrelevance.

Note: This linter can be disabled with `set_option linter.style.haveILetI false`
warning: SierpinskiFormal/ModuleTranslatedReturnMean.lean:76:2: Try this: 
  letI̵

The goal is a proposition, so `let` is preferred over `letI`.
The difference between `let` and `letI` is that `letI` inlines the value.
But this is not relevant for proofs because of proof irrelevance.

Note: This linter can be disabled with `set_option linter.style.haveILetI false`
warning: SierpinskiFormal/ModuleTranslatedReturnMean.lean:77:2: Try this: 
  letI̵

The goal is a proposition, so `let` is preferred over `letI`.
The difference between `let` and `letI` is that `letI` inlines the value.
But this is not relevant for proofs because of proof irrelevance.

Note: This linter can be disabled with `set_option linter.style.haveILetI false`
warning: SierpinskiFormal/ModuleTranslatedReturnMean.lean:78:2: Try this: 
  letI̵

The goal is a proposition, so `let` is preferred over `letI`.
The difference between `let` and `letI` is that `letI` inlines the value.
But this is not relevant for proofs because of proof irrelevance.

Note: This linter can be disabled with `set_option linter.style.haveILetI false`
⚠ [3703/3727] Built SierpinskiFormal.StationaryBooleanFrequency (3.4s)
warning: SierpinskiFormal/StationaryBooleanFrequency.lean:50:0: automatically included section variable(s) unused in theorem `IndependentZeroBlocks.stationaryBooleanFrequency_aestronglyMeasurable`:
  [Nonempty A]
  [BorelSpace A]
consider restructuring your `variable` declarations so that the variables are not in scope or explicitly omit them:
  omit [Nonempty A] [BorelSpace A] in theorem ...

Note: This linter can be disabled with `set_option linter.unusedSectionVars false`
✔ [3704/3727] Built SierpinskiFormal.BernoulliWeightNormalization (2.6s)
✔ [3705/3727] Built Mathlib.Probability.Kernel.IonescuTulcea.Traj (6.9s)
⚠ [3706/3728] Built SierpinskiFormal.ResetPrefixMean (2.0s)
warning: SierpinskiFormal/ResetPrefixMean.lean:51:0: automatically included section variable(s) unused in theorem `IndependentZeroBlocks.compressedBoundaryLeft_after_reset`:
  [DecidableEq C]
  [Fintype C]
  [Nonempty C]
  [TopologicalSpace C]
  [DiscreteTopology C]
consider restructuring your `variable` declarations so that the variables are not in scope or explicitly omit them:
  omit [DecidableEq C] [Fintype C] [Nonempty C] [TopologicalSpace C] [DiscreteTopology C] in theorem ...

Note: This linter can be disabled with `set_option linter.unusedSectionVars false`
⚠ [3707/3728] Built SierpinskiFormal.RationalBoundaryDensityAnalytic (2.7s)
warning: SierpinskiFormal/RationalBoundaryDensityAnalytic.lean:18:0: automatically included section variable(s) unused in theorem `IndependentZeroBlocks.norm_rationalBoundarySeriesCoefficient_le`:
  [Fintype A]
  [DecidableEq A]
consider restructuring your `variable` declarations so that the variables are not in scope or explicitly omit them:
  omit [Fintype A] [DecidableEq A] in theorem ...

Note: This linter can be disabled with `set_option linter.unusedSectionVars false`
warning: SierpinskiFormal/RationalBoundaryDensityAnalytic.lean:31:0: automatically included section variable(s) unused in theorem `IndependentZeroBlocks.analyticAt_complexBlockWeight`:
  [DecidableEq A]
consider restructuring your `variable` declarations so that the variables are not in scope or explicitly omit them:
  omit [DecidableEq A] in theorem ...

Note: This linter can be disabled with `set_option linter.unusedSectionVars false`
✔ [3708/3728] Built SierpinskiFormal.ResetOneBoundaryMean (2.4s)
⚠ [3709/3730] Built SierpinskiFormal.MatrixFamilyArtinianRealization (3.9s)
warning: SierpinskiFormal/MatrixFamilyArtinianRealization.lean:195:2: Try this: 
  letI̵

The goal is a proposition, so `let` is preferred over `letI`.
The difference between `let` and `letI` is that `letI` inlines the value.
But this is not relevant for proofs because of proof irrelevance.

Note: This linter can be disabled with `set_option linter.style.haveILetI false`
✔ [3710/3733] Built Mathlib.Probability.ProductMeasure (6.6s)
⚠ [3711/3733] Built SierpinskiFormal.AnalyticWordMeanClosure (2.6s)
warning: SierpinskiFormal/AnalyticWordMeanClosure.lean:24:0: automatically included section variable(s) unused in theorem `IndependentZeroBlocks.weightedWordExtensionAverage_add_linear`:
  [DecidableEq A]
  [Nonempty A]
  [DiscreteTopology A]
consider restructuring your `variable` declarations so that the variables are not in scope or explicitly omit them:
  omit [DecidableEq A] [Nonempty A] [DiscreteTopology A] in theorem ...

Note: This linter can be disabled with `set_option linter.unusedSectionVars false`
warning: SierpinskiFormal/AnalyticWordMeanClosure.lean:32:0: automatically included section variable(s) unused in theorem `IndependentZeroBlocks.weightedWordExtensionAverage_smul_linear`:
  [DecidableEq A]
  [Nonempty A]
  [DiscreteTopology A]
consider restructuring your `variable` declarations so that the variables are not in scope or explicitly omit them:
  omit [DecidableEq A] [Nonempty A] [DiscreteTopology A] in theorem ...

Note: This linter can be disabled with `set_option linter.unusedSectionVars false`
warning: SierpinskiFormal/AnalyticWordMeanClosure.lean:44:0: automatically included section variable(s) unused in theorem `IndependentZeroBlocks.weightedWordExtensionAverage_const_linear`:
  [DecidableEq A]
  [Nonempty A]
  [DiscreteTopology A]
consider restructuring your `variable` declarations so that the variables are not in scope or explicitly omit them:
  omit [DecidableEq A] [Nonempty A] [DiscreteTopology A] in theorem ...

Note: This linter can be disabled with `set_option linter.unusedSectionVars false`
⚠ [3712/3733] Built SierpinskiFormal.MatrixUnionAnalytic (2.6s)
warning: SierpinskiFormal/MatrixUnionAnalytic.lean:55:0: automatically included section variable(s) unused in theorem `IndependentZeroBlocks.matrixUnionProduct_word_apply`:
  [DecidableEq A]
  [TopologicalSpace A]
  [DiscreteTopology A]
  [Nonempty A]
  [Fintype J]
  [DecidableEq J]
consider restructuring your `variable` declarations so that the variables are not in scope or explicitly omit them:
  omit [DecidableEq A] [TopologicalSpace A] [DiscreteTopology A] [Nonempty A] [Fintype J] [DecidableEq J] in theorem ...

Note: This linter can be disabled with `set_option linter.unusedSectionVars false`
warning: SierpinskiFormal/MatrixUnionAnalytic.lean:73:0: automatically included section variable(s) unused in theorem `IndependentZeroBlocks.matrixUnionProduct_coefficient_apply`:
  [DecidableEq A]
  [TopologicalSpace A]
  [DiscreteTopology A]
  [Nonempty A]
  [Fintype J]
  [DecidableEq J]
consider restructuring your `variable` declarations so that the variables are not in scope or explicitly omit them:
  omit [DecidableEq A] [TopologicalSpace A] [DiscreteTopology A] [Nonempty A] [Fintype J] [DecidableEq J] in theorem ...

Note: This linter can be disabled with `set_option linter.unusedSectionVars false`
warning: SierpinskiFormal/MatrixUnionAnalytic.lean:110:4: `push_neg` has been deprecated. Prefer using `push Not` instead.
If you'd rather continue using `push_neg` in your project, you can implement it as follows:
```
open Lean.Parser.Tactic in
macro "push_neg" cfg:optConfig loc:(location)? : tactic =>
  `(tactic| push $cfg:optConfig Not $[$loc]?)
```
✔ [3713/3733] Built Mathlib.Probability.Independence.InfinitePi (2.5s)
⚠ [3714/3737] Built SierpinskiFormal.BooleanUnionExpansion (3.1s)
warning: SierpinskiFormal/BooleanUnionExpansion.lean:91:26: This simp argument is unused:
  h

Hint: Omit it from the simp argument list.
  [apply] simp

Note: This linter can be disabled with `set_option linter.unusedSimpArgs false`
warning: SierpinskiFormal/BooleanUnionExpansion.lean:118:13: This simp argument is unused:
  hz

Hint: Omit it from the simp argument list.
  [apply] simp [h, boolIndicator]

Note: This linter can be disabled with `set_option linter.unusedSimpArgs false`
warning: SierpinskiFormal/BooleanUnionExpansion.lean:144:12: This simp argument is unused:
  C

Hint: Omit it from the simp argument list.
  [apply] simp

Note: This linter can be disabled with `set_option linter.unusedSimpArgs false`
✔ [3715/3737] Built SierpinskiFormal.FiniteIIDMeasure (2.5s)
⚠ [3716/3737] Built SierpinskiFormal.MatrixBooleanAnalytic (2.4s)
warning: SierpinskiFormal/MatrixBooleanAnalytic.lean:33:0: automatically included section variable(s) unused in theorem `IndependentZeroBlocks.booleanUnionIndicator_matrixCoefficient`:
  [Fintype A]
  [DecidableEq A]
  [Nonempty A]
  [Fintype J]
  [DecidableEq J]
consider restructuring your `variable` declarations so that the variables are not in scope or explicitly omit them:
  omit [Fintype A] [DecidableEq A] [Nonempty A] [Fintype J] [DecidableEq J] in theorem ...

Note: This linter can be disabled with `set_option linter.unusedSectionVars false`
✔ [3717/3742] Built Mathlib.Algebra.LinearRecurrence (2.4s)
✔ [3718/3742] Built SierpinskiFormal.FiniteIIDWordLaw (2.7s)
⚠ [3719/3742] Built SierpinskiFormal.MatrixBooleanBoundaryDensity (2.8s)
warning: SierpinskiFormal/MatrixBooleanBoundaryDensity.lean:88:0: automatically included section variable(s) unused in theorem `IndependentZeroBlocks.matrixBooleanWordProbability_eq_weightedAverage`:
  [DecidableEq A]
  [Fintype J]
consider restructuring your `variable` declarations so that the variables are not in scope or explicitly omit them:
  omit [DecidableEq A] [Fintype J] in theorem ...

Note: This linter can be disabled with `set_option linter.unusedSectionVars false`
warning: SierpinskiFormal/MatrixBooleanBoundaryDensity.lean:114:2: Try this: 
  letI̵

The goal is a proposition, so `let` is preferred over `letI`.
The difference between `let` and `letI` is that `letI` inlines the value.
But this is not relevant for proofs because of proof irrelevance.

Note: This linter can be disabled with `set_option linter.style.haveILetI false`
warning: SierpinskiFormal/MatrixBooleanBoundaryDensity.lean:159:2: Try this: 
  letI̵

The goal is a proposition, so `let` is preferred over `letI`.
The difference between `let` and `letI` is that `letI` inlines the value.
But this is not relevant for proofs because of proof irrelevance.

Note: This linter can be disabled with `set_option linter.style.haveILetI false`
warning: SierpinskiFormal/MatrixBooleanBoundaryDensity.lean:160:2: Try this: 
  letI̵

The goal is a proposition, so `let` is preferred over `letI`.
The difference between `let` and `letI` is that `letI` inlines the value.
But this is not relevant for proofs because of proof irrelevance.

Note: This linter can be disabled with `set_option linter.style.haveILetI false`
✔ [3720/3742] Built SierpinskiFormal.FiniteStateTransducer (1.4s)
⚠ [3721/3742] Built SierpinskiFormal.PolynomialRecurrenceRepresentation (4.2s)
warning: SierpinskiFormal/PolynomialRecurrenceRepresentation.lean:215:2: Try this: 
  letI̵

The goal is a proposition, so `let` is preferred over `letI`.
The difference between `let` and `letI` is that `letI` inlines the value.
But this is not relevant for proofs because of proof irrelevance.

Note: This linter can be disabled with `set_option linter.style.haveILetI false`
warning: SierpinskiFormal/PolynomialRecurrenceRepresentation.lean:216:2: Try this: 
  letI̵

The goal is a proposition, so `let` is preferred over `letI`.
The difference between `let` and `letI` is that `letI` inlines the value.
But this is not relevant for proofs because of proof irrelevance.

Note: This linter can be disabled with `set_option linter.style.haveILetI false`
warning: SierpinskiFormal/PolynomialRecurrenceRepresentation.lean:255:2: Try this: 
  letI̵

The goal is a proposition, so `let` is preferred over `letI`.
The difference between `let` and `letI` is that `letI` inlines the value.
But this is not relevant for proofs because of proof irrelevance.

Note: This linter can be disabled with `set_option linter.style.haveILetI false`
warning: SierpinskiFormal/PolynomialRecurrenceRepresentation.lean:276:2: Try this: 
  letI̵

The goal is a proposition, so `let` is preferred over `letI`.
The difference between `let` and `letI` is that `letI` inlines the value.
But this is not relevant for proofs because of proof irrelevance.

Note: This linter can be disabled with `set_option linter.style.haveILetI false`
warning: SierpinskiFormal/PolynomialRecurrenceRepresentation.lean:277:2: Try this: 
  letI̵

The goal is a proposition, so `let` is preferred over `letI`.
The difference between `let` and `letI` is that `letI` inlines the value.
But this is not relevant for proofs because of proof irrelevance.

Note: This linter can be disabled with `set_option linter.style.haveILetI false`
warning: SierpinskiFormal/PolynomialRecurrenceRepresentation.lean:291:2: Try this: 
  letI̵

The goal is a proposition, so `let` is preferred over `letI`.
The difference between `let` and `letI` is that `letI` inlines the value.
But this is not relevant for proofs because of proof irrelevance.

Note: This linter can be disabled with `set_option linter.style.haveILetI false`
warning: SierpinskiFormal/PolynomialRecurrenceRepresentation.lean:340:12: This simp argument is unused:
  Nat.add_assoc

Hint: Omit it from the simp argument list.
  [apply] simp [Nat.add_comm, Nat.add_left_comm]

Note: This linter can be disabled with `set_option linter.unusedSimpArgs false`
warning: SierpinskiFormal/PolynomialRecurrenceRepresentation.lean:372:46: Used `tac1 <;> tac2` where `(tac1; tac2)` would suffice

Note: This linter can be disabled with `set_option linter.unnecessarySeqFocus false`
⚠ [3722/3745] Built SierpinskiFormal.IIDConditionalPrefix (2.7s)
warning: SierpinskiFormal/IIDConditionalPrefix.lean:44:2: Try this: 
  letI̵

The goal is a proposition, so `let` is preferred over `letI`.
The difference between `let` and `letI` is that `letI` inlines the value.
But this is not relevant for proofs because of proof irrelevance.

Note: This linter can be disabled with `set_option linter.style.haveILetI false`
⚠ [3723/3745] Built SierpinskiFormal.InitialMarkerGap (3.4s)
warning: SierpinskiFormal/InitialMarkerGap.lean:39:0: automatically included section variable(s) unused in theorem `IndependentZeroBlocks.mem_wordCylinder_iff`:
  [DecidableEq A]
consider restructuring your `variable` declarations so that the variables are not in scope or explicitly omit them:
  omit [DecidableEq A] in theorem ...

Note: This linter can be disabled with `set_option linter.unusedSectionVars false`
warning: SierpinskiFormal/InitialMarkerGap.lean:115:0: automatically included section variable(s) unused in theorem `IndependentZeroBlocks.measurableSet_wordCylinder`:
  [DecidableEq A]
  [Fintype A]
consider restructuring your `variable` declarations so that the variables are not in scope or explicitly omit them:
  omit [DecidableEq A] [Fintype A] in theorem ...

Note: This linter can be disabled with `set_option linter.unusedSectionVars false`
warning: SierpinskiFormal/InitialMarkerGap.lean:132:41: This simp argument is unused:
  ← List.map_ofFn

Hint: Omit it from the simp argument list.
  [apply] simp [wordWeight, v, ← List.prod_ofFn]

Note: Simp arguments with `←` have the additional effect of removing the other direction from the simp set, even if the simp argument itself is unused. If the hint above does not work, try replacing `←` with `-` to only get that effect and silence this warning.

Note: This linter can be disabled with `set_option linter.unusedSimpArgs false`
warning: SierpinskiFormal/InitialMarkerGap.lean:136:13: `Set.setOf_exists` has been deprecated: Use `Set.ofPred_exists` instead
warning: SierpinskiFormal/InitialMarkerGap.lean:134:0: automatically included section variable(s) unused in theorem `IndependentZeroBlocks.measurableSet_hasMarker`:
  [DecidableEq A]
consider restructuring your `variable` declarations so that the variables are not in scope or explicitly omit them:
  omit [DecidableEq A] in theorem ...

Note: This linter can be disabled with `set_option linter.unusedSectionVars false`
warning: SierpinskiFormal/InitialMarkerGap.lean:139:0: automatically included section variable(s) unused in theorem `IndependentZeroBlocks.hasMarker_eq_union_cylinders`:
  [MeasurableSpace A]
  [MeasurableSingletonClass A]
  [Fintype A]
consider restructuring your `variable` declarations so that the variables are not in scope or explicitly omit them:
  omit [MeasurableSpace A] [MeasurableSingletonClass A] [Fintype A] in theorem ...

Note: This linter can be disabled with `set_option linter.unusedSectionVars false`
✔ [3724/3745] Built SierpinskiFormal.FiniteStateMatrixObservation (2.6s)
⚠ [3725/3745] Built SierpinskiFormal.ScalarWordRepresentation (3.3s)
warning: SierpinskiFormal/ScalarWordRepresentation.lean:296:2: Try this: 
  letI̵

The goal is a proposition, so `let` is preferred over `letI`.
The difference between `let` and `letI` is that `letI` inlines the value.
But this is not relevant for proofs because of proof irrelevance.

Note: This linter can be disabled with `set_option linter.style.haveILetI false`
warning: SierpinskiFormal/ScalarWordRepresentation.lean:318:2: Try this: 
  letI̵

The goal is a proposition, so `let` is preferred over `letI`.
The difference between `let` and `letI` is that `letI` inlines the value.
But this is not relevant for proofs because of proof irrelevance.

Note: This linter can be disabled with `set_option linter.style.haveILetI false`
warning: SierpinskiFormal/ScalarWordRepresentation.lean:319:2: Try this: 
  letI̵

The goal is a proposition, so `let` is preferred over `letI`.
The difference between `let` and `letI` is that `letI` inlines the value.
But this is not relevant for proofs because of proof irrelevance.

Note: This linter can be disabled with `set_option linter.style.haveILetI false`
warning: SierpinskiFormal/ScalarWordRepresentation.lean:344:2: Try this: 
  letI̵

The goal is a proposition, so `let` is preferred over `letI`.
The difference between `let` and `letI` is that `letI` inlines the value.
But this is not relevant for proofs because of proof irrelevance.

Note: This linter can be disabled with `set_option linter.style.haveILetI false`
⚠ [3726/3745] Built SierpinskiFormal.IIDConditionalWord (2.6s)
warning: SierpinskiFormal/IIDConditionalWord.lean:22:4: Try this: 
  letI̵

The goal is a proposition, so `let` is preferred over `letI`.
The difference between `let` and `letI` is that `letI` inlines the value.
But this is not relevant for proofs because of proof irrelevance.

Note: This linter can be disabled with `set_option linter.style.haveILetI false`
⚠ [3728/3753] Built SierpinskiFormal.FiniteSourceAnalyticWeights (2.0s)
warning: SierpinskiFormal/FiniteSourceAnalyticWeights.lean:43:0: automatically included section variable(s) unused in theorem `IndependentZeroBlocks.normalizedSourceWeights_pos`:
  [Fintype Q]
consider restructuring your `variable` declarations so that the variables are not in scope or explicitly omit them:
  omit [Fintype Q] in theorem ...

Note: This linter can be disabled with `set_option linter.unusedSectionVars false`
warning: SierpinskiFormal/FiniteSourceAnalyticWeights.lean:48:0: automatically included section variable(s) unused in theorem `IndependentZeroBlocks.sum_normalizedSourceWeights`:
  [Fintype Q]
consider restructuring your `variable` declarations so that the variables are not in scope or explicitly omit them:
  omit [Fintype Q] in theorem ...

Note: This linter can be disabled with `set_option linter.unusedSectionVars false`
warning: SierpinskiFormal/FiniteSourceAnalyticWeights.lean:53:0: automatically included section variable(s) unused in theorem `IndependentZeroBlocks.normalizedSourceWeights_eq_self`:
  [Fintype Q]
  [∀ (q : Q), Nonempty (E q)]
consider restructuring your `variable` declarations so that the variables are not in scope or explicitly omit them:
  omit [Fintype Q] [∀ (q : Q), Nonempty (E q)] in theorem ...

Note: This linter can be disabled with `set_option linter.unusedSectionVars false`
warning: SierpinskiFormal/FiniteSourceAnalyticWeights.lean:71:0: automatically included section variable(s) unused in theorem `IndependentZeroBlocks.analyticAt_sourceSelectorWeights`:
  [∀ (q : Q), Nonempty (E q)]
consider restructuring your `variable` declarations so that the variables are not in scope or explicitly omit them:
  omit [∀ (q : Q), Nonempty (E q)] in theorem ...

Note: This linter can be disabled with `set_option linter.unusedSectionVars false`
⚠ [3729/3753] Built SierpinskiFormal.IIDBlockPath (2.5s)
warning: SierpinskiFormal/IIDBlockPath.lean:17:0: automatically included section variable(s) unused in theorem `IndependentZeroBlocks.measurable_iidBlockPath`:
  [Fintype A]
  [MeasurableSingletonClass A]
  [DecidableEq A]
consider restructuring your `variable` declarations so that the variables are not in scope or explicitly omit them:
  omit [Fintype A] [MeasurableSingletonClass A] [DecidableEq A] in theorem ...

Note: This linter can be disabled with `set_option linter.unusedSectionVars false`
warning: SierpinskiFormal/IIDBlockPath.lean:42:2: Try this: 
  letI̵

The goal is a proposition, so `let` is preferred over `letI`.
The difference between `let` and `letI` is that `letI` inlines the value.
But this is not relevant for proofs because of proof irrelevance.

Note: This linter can be disabled with `set_option linter.style.haveILetI false`
warning: SierpinskiFormal/IIDBlockPath.lean:60:0: automatically included section variable(s) unused in theorem `IndependentZeroBlocks.flatten_iidBlockPath_prefix`:
  [MeasurableSpace A]
  [Fintype A]
  [MeasurableSingletonClass A]
  [DecidableEq A]
consider restructuring your `variable` declarations so that the variables are not in scope or explicitly omit them:
  omit [MeasurableSpace A] [Fintype A] [MeasurableSingletonClass A] [DecidableEq A] in theorem ...

Note: This linter can be disabled with `set_option linter.unusedSectionVars false`
warning: SierpinskiFormal/IIDBlockPath.lean:65:57: This simp argument is unused:
  iidBlockPath

Hint: Omit it from the simp argument list.
  [apply] simp [flattenBlocks, List.map_ofFn, Function.comp_def]

Note: This linter can be disabled with `set_option linter.unusedSimpArgs false`
warning: SierpinskiFormal/IIDBlockPath.lean:68:0: automatically included section variable(s) unused in theorem `IndependentZeroBlocks.blockLaw_weight_pos`:
  [MeasurableSpace A]
  [MeasurableSingletonClass A]
  [DecidableEq A]
consider restructuring your `variable` declarations so that the variables are not in scope or explicitly omit them:
  omit [MeasurableSpace A] [MeasurableSingletonClass A] [DecidableEq A] in theorem ...

Note: This linter can be disabled with `set_option linter.unusedSectionVars false`
✔ [3730/3753] Built SierpinskiFormal.FiniteStateDensity (2.4s)
⚠ [3731/3753] Built SierpinskiFormal.ScalarWordStability (2.4s)
warning: SierpinskiFormal/ScalarWordStability.lean:34:2: Try this: 
  letI̵

The goal is a proposition, so `let` is preferred over `letI`.
The difference between `let` and `letI` is that `letI` inlines the value.
But this is not relevant for proofs because of proof irrelevance.

Note: This linter can be disabled with `set_option linter.style.haveILetI false`
warning: SierpinskiFormal/ScalarWordStability.lean:35:2: Try this: 
  letI̵

The goal is a proposition, so `let` is preferred over `letI`.
The difference between `let` and `letI` is that `letI` inlines the value.
But this is not relevant for proofs because of proof irrelevance.

Note: This linter can be disabled with `set_option linter.style.haveILetI false`
⚠ [3732/3753] Built SierpinskiFormal.IIDConditionalFrequency (2.6s)
warning: SierpinskiFormal/IIDConditionalFrequency.lean:20:0: automatically included section variable(s) unused in theorem `IndependentZeroBlocks.integrable_shiftedPrefixFrequency`:
  [DecidableEq A]
  [Nonempty A]
  [TopologicalSpace A]
  [DiscreteTopology A]
consider restructuring your `variable` declarations so that the variables are not in scope or explicitly omit them:
  omit [DecidableEq A] [Nonempty A] [TopologicalSpace A] [DiscreteTopology A] in theorem ...

Note: This linter can be disabled with `set_option linter.unusedSectionVars false`
warning: SierpinskiFormal/IIDConditionalFrequency.lean:29:0: automatically included section variable(s) unused in theorem `IndependentZeroBlocks.shiftedPrefixFrequency_norm_le_one`:
  [MeasurableSpace A]
  [MeasurableSingletonClass A]
  [Fintype A]
  [DecidableEq A]
  [Nonempty A]
  [TopologicalSpace A]
  [DiscreteTopology A]
consider restructuring your `variable` declarations so that the variables are not in scope or explicitly omit them:
  omit [MeasurableSpace
  A] [MeasurableSingletonClass
  A] [Fintype A] [DecidableEq A] [Nonempty A] [TopologicalSpace A] [DiscreteTopology A] in theorem ...

Note: This linter can be disabled with `set_option linter.unusedSectionVars false`
warning: SierpinskiFormal/IIDConditionalFrequency.lean:66:2: Try this: 
  letI̵

The goal is a proposition, so `let` is preferred over `letI`.
The difference between `let` and `letI` is that `letI` inlines the value.
But this is not relevant for proofs because of proof irrelevance.

Note: This linter can be disabled with `set_option linter.style.haveILetI false`
warning: SierpinskiFormal/IIDConditionalFrequency.lean:63:0: automatically included section variable(s) unused in theorem `IndependentZeroBlocks.measurable_prefix_real_observation`:
  [DecidableEq A]
  [Nonempty A]
  [TopologicalSpace A]
  [DiscreteTopology A]
consider restructuring your `variable` declarations so that the variables are not in scope or explicitly omit them:
  omit [DecidableEq A] [Nonempty A] [TopologicalSpace A] [DiscreteTopology A] in theorem ...

Note: This linter can be disabled with `set_option linter.unusedSectionVars false`
✔ [3733/3753] Built SierpinskiFormal.ScalarWordTransduction (2.2s)
✔ [3734/3753] Built SierpinskiFormal.StationaryScalarWordObservation (2.3s)
✔ [3735/3753] Built SierpinskiFormal.FiniteStateSourceLaw (2.6s)
✔ [3736/3753] Built SierpinskiFormal.FiniteStateReindex (2.3s)
⚠ [3737/3753] Built SierpinskiFormal.IIDResetAtomicLaw (2.7s)
warning: SierpinskiFormal/IIDResetAtomicLaw.lean:17:0: automatically included section variable(s) unused in theorem `IndependentZeroBlocks.exists_all_context_annealed_means`:
  [MeasurableSpace A]
  [MeasurableSingletonClass A]
  [DecidableEq A]
  [BorelSpace A]
consider restructuring your `variable` declarations so that the variables are not in scope or explicitly omit them:
  omit [MeasurableSpace A] [MeasurableSingletonClass A] [DecidableEq A] [BorelSpace A] in theorem ...

Note: This linter can be disabled with `set_option linter.unusedSectionVars false`
warning: SierpinskiFormal/IIDResetAtomicLaw.lean:39:0: automatically included section variable(s) unused in theorem `IndependentZeroBlocks.iid_frequency_limit_eq_initialGap`:
  [BorelSpace A]
consider restructuring your `variable` declarations so that the variables are not in scope or explicitly omit them:
  omit [BorelSpace A] in theorem ...

Note: This linter can be disabled with `set_option linter.unusedSectionVars false`
✔ [3738/3753] Built SierpinskiFormal.FiniteStateSourceProbability (2.5s)
⚠ [3739/3753] Built SierpinskiFormal.IIDBlockResetAtomicLaw (2.6s)
warning: SierpinskiFormal/IIDBlockResetAtomicLaw.lean:16:0: automatically included section variable(s) unused in theorem `IndependentZeroBlocks.ae_tendsto_annealed_prefixMeans`:
  [BorelSpace A]
consider restructuring your `variable` declarations so that the variables are not in scope or explicitly omit them:
  omit [BorelSpace A] in theorem ...

Note: This linter can be disabled with `set_option linter.unusedSectionVars false`
⚠ [3740/3753] Built SierpinskiFormal.ModuleOneMarkerAtomicLaw (1.9s)
warning: SierpinskiFormal/ModuleOneMarkerAtomicLaw.lean:20:0: automatically included section variable(s) unused in theorem `IndependentZeroBlocks.moduleBooleanCoefficientNonzero_hasBooleanDoubleLimitProperty`:
  [Fintype A]
  [Nonempty A]
  [DecidableEq A]
  [TopologicalSpace A]
  [DiscreteTopology A]
  [MeasurableSpace A]
  [MeasurableSingletonClass A]
  [BorelSpace A]
consider restructuring your `variable` declarations so that the variables are not in scope or explicitly omit them:
  omit [Fintype
  A] [Nonempty
  A] [DecidableEq
  A] [TopologicalSpace
  A] [DiscreteTopology A] [MeasurableSpace A] [MeasurableSingletonClass A] [BorelSpace A] in theorem ...

Note: This linter can be disabled with `set_option linter.unusedSectionVars false`
⚠ [3741/3753] Built SierpinskiFormal.ModuleBlockResetBranch (1.9s)
warning: SierpinskiFormal/ModuleBlockResetBranch.lean:20:0: automatically included section variable(s) unused in theorem `IndependentZeroBlocks.moduleBoolean_contextAverage`:
  [IsNoetherian R X]
  [IsNoetherian R (Module.Dual R X)]
  [DecidableEq A]
  [MeasurableSpace A]
  [MeasurableSingletonClass A]
  [BorelSpace A]
consider restructuring your `variable` declarations so that the variables are not in scope or explicitly omit them:
  omit [IsNoetherian R
  X] [IsNoetherian R
  (Module.Dual R X)] [DecidableEq A] [MeasurableSpace A] [MeasurableSingletonClass A] [BorelSpace A] in theorem ...

Note: This linter can be disabled with `set_option linter.unusedSectionVars false`
✔ [3742/3753] Built SierpinskiFormal.ModuleBlockAtomicLaw (1.8s)
⚠ [3743/3753] Built SierpinskiFormal.BlockGapExpectation (2.6s)
warning: SierpinskiFormal/BlockGapExpectation.lean:16:0: automatically included section variable(s) unused in theorem `IndependentZeroBlocks.iid_initialBlockGap_law`:
  [BorelSpace A]
consider restructuring your `variable` declarations so that the variables are not in scope or explicitly omit them:
  omit [BorelSpace A] in theorem ...

Note: This linter can be disabled with `set_option linter.unusedSectionVars false`
⚠ [3744/3753] Built SierpinskiFormal.ScalarWordAtomicLaw (2.6s)
warning: SierpinskiFormal/ScalarWordAtomicLaw.lean:32:2: Try this: 
  letI̵

The goal is a proposition, so `let` is preferred over `letI`.
The difference between `let` and `letI` is that `letI` inlines the value.
But this is not relevant for proofs because of proof irrelevance.

Note: This linter can be disabled with `set_option linter.style.haveILetI false`
warning: SierpinskiFormal/ScalarWordAtomicLaw.lean:62:2: Try this: 
  letI̵

The goal is a proposition, so `let` is preferred over `letI`.
The difference between `let` and `letI` is that `letI` inlines the value.
But this is not relevant for proofs because of proof irrelevance.

Note: This linter can be disabled with `set_option linter.style.haveILetI false`
warning: SierpinskiFormal/ScalarWordAtomicLaw.lean:63:2: Try this: 
  letI̵

The goal is a proposition, so `let` is preferred over `letI`.
The difference between `let` and `letI` is that `letI` inlines the value.
But this is not relevant for proofs because of proof irrelevance.

Note: This linter can be disabled with `set_option linter.style.haveILetI false`
⚠ [3745/3753] Built SierpinskiFormal.SourceScalarWordAtomicLaw (2.5s)
warning: SierpinskiFormal/SourceScalarWordAtomicLaw.lean:21:0: automatically included section variable(s) unused in theorem `IndependentZeroBlocks.FiniteStateSource.exists_commonReset_source_scalarWord_atomic_law`:
  [DecidableEq Q]
consider restructuring your `variable` declarations so that the variables are not in scope or explicitly omit them:
  omit [DecidableEq Q] in theorem ...

Note: This linter can be disabled with `set_option linter.unusedSectionVars false`
warning: SierpinskiFormal/SourceScalarWordAtomicLaw.lean:52:0: automatically included section variable(s) unused in theorem `IndependentZeroBlocks.FiniteStateSource.source_atomicLaw_pathwise`:
  [DecidableEq Q]
consider restructuring your `variable` declarations so that the variables are not in scope or explicitly omit them:
  omit [DecidableEq Q] in theorem ...

Note: This linter can be disabled with `set_option linter.unusedSectionVars false`
⚠ [3746/3753] Built SierpinskiFormal.UniformBlockBranchAnalytic (2.7s)
warning: SierpinskiFormal/UniformBlockBranchAnalytic.lean:25:0: automatically included section variable(s) unused in theorem `IndependentZeroBlocks.norm_blockBranchComplexCoefficient`:
  [Fintype A]
  [DecidableEq A]
  [TopologicalSpace A]
  [DiscreteTopology A]
consider restructuring your `variable` declarations so that the variables are not in scope or explicitly omit them:
  omit [Fintype A] [DecidableEq A] [TopologicalSpace A] [DiscreteTopology A] in theorem ...

Note: This linter can be disabled with `set_option linter.unusedSectionVars false`
warning: SierpinskiFormal/UniformBlockBranchAnalytic.lean:69:0: automatically included section variable(s) unused in theorem `IndependentZeroBlocks.uniformWordBranch_block_ofReal`:
  [Nonempty A]
consider restructuring your `variable` declarations so that the variables are not in scope or explicitly omit them:
  omit [Nonempty A] in theorem ...

Note: This linter can be disabled with `set_option linter.unusedSectionVars false`
warning: SierpinskiFormal/UniformBlockBranchAnalytic.lean:95:13: This simp argument is unused:
  complexBlockWeight_ofReal

Hint: Omit it from the simp argument list.
  [apply] simp only [complexWordWeight_ofReal, Complex.ofReal_mul, blockBranchComplexCoefficient,
    Complex.ofReal_ratCast]

Note: This linter can be disabled with `set_option linter.unusedSimpArgs false`
warning: SierpinskiFormal/UniformBlockBranchAnalytic.lean:95:40: This simp argument is unused:
  complexWordWeight_ofReal

Hint: Omit it from the simp argument list.
  [apply] simp only [complexBlockWeight_ofReal, Complex.ofReal_mul, blockBranchComplexCoefficient,
    Complex.ofReal_ratCast]

Note: This linter can be disabled with `set_option linter.unusedSimpArgs false`
warning: SierpinskiFormal/UniformBlockBranchAnalytic.lean:108:23: This simp argument is unused:
  Complex.ofReal_div

Hint: Omit it from the simp argument list.
  [apply] simp only [uniformBlockBranch, BoundedContinuousFunction.smul_apply, BoundedContinuousFunction.sum_apply,
    smul_eq_mul, uniformWordBranch_block_ofReal h m hm p hp hp1, finWordMonomial_ofReal, blockMarkerBranch,
    Complex.ofReal_sum, Complex.ofReal_mul, Complex.ofReal_natCast, div_eq_mul_inv, mul_comm]

Note: This linter can be disabled with `set_option linter.unusedSimpArgs false`
warning: SierpinskiFormal/UniformBlockBranchAnalytic.lean:109:4: This simp argument is unused:
  Complex.ofReal_natCast

Hint: Omit it from the simp argument list.
  [apply] simp only [uniformBlockBranch, BoundedContinuousFunction.smul_apply, BoundedContinuousFunction.sum_apply,
    smul_eq_mul, uniformWordBranch_block_ofReal h m hm p hp hp1, finWordMonomial_ofReal, blockMarkerBranch,
    Complex.ofReal_div, Complex.ofReal_sum, Complex.ofReal_mul, div_eq_mul_inv, mul_comm]

Note: This linter can be disabled with `set_option linter.unusedSimpArgs false`
✔ [3747/3753] Built SierpinskiFormal.BlockAnalyticTransforms (2.4s)
✔ [3748/3753] Built SierpinskiFormal.BlockTransformExpectations (1.0s)
⚠ [3749/3753] Built SierpinskiFormal.SourceAtomicAnalytic (1.8s)
warning: SierpinskiFormal/SourceAtomicAnalytic.lean:28:0: automatically included section variable(s) unused in theorem `IndependentZeroBlocks.FiniteStateSource.normalizedSelectorLaw_pos`:
  [DecidableEq Q]
consider restructuring your `variable` declarations so that the variables are not in scope or explicitly omit them:
  omit [DecidableEq Q] in theorem ...

Note: This linter can be disabled with `set_option linter.unusedSectionVars false`
⚠ [3750/3753] Built SierpinskiFormal.SourceAtomicTransform (2.6s)
warning: SierpinskiFormal/SourceAtomicTransform.lean:23:0: automatically included section variable(s) unused in theorem `IndependentZeroBlocks.FiniteStateSource.complexSourceSelectorWeights_ofReal`:
  [DecidableEq Q]
consider restructuring your `variable` declarations so that the variables are not in scope or explicitly omit them:
  omit [DecidableEq Q] in theorem ...

Note: This linter can be disabled with `set_option linter.unusedSectionVars false`
warning: SierpinskiFormal/SourceAtomicTransform.lean:32:0: automatically included section variable(s) unused in theorem `IndependentZeroBlocks.FiniteStateSource.analyticAt_complexSourceSelectorWeights`:
  [DecidableEq Q]
consider restructuring your `variable` declarations so that the variables are not in scope or explicitly omit them:
  omit [DecidableEq Q] in theorem ...

Note: This linter can be disabled with `set_option linter.unusedSectionVars false`
✔ [3751/3753] Built SierpinskiFormal.SourceFullAtomicLaw (1.7s)
ℹ [3752/3753] Built ReportProof (1.5s)
info: ReportProof.lean:3:0: IndependentZeroBlocks.FiniteStateSource.exists_commonReset_source_polynomialWord_analytic_atomic_law.{u_1, u_2, u_3,
    u_4, u_5, u_6}
  {R : Type u_1} {A : Type u_2} {Q : Type u_3} {J : Type u_4} [CommRing R] [Fintype Q] [DecidableEq Q] [Fintype J]
  (S : IndependentZeroBlocks.FiniteStateSource Q A) {I : Type u_5} {f : I → List A → R}
  (D : (i : I) → IndependentZeroBlocks.ScalarWordRepresentation R A (f i)) (P : J → MvPolynomial I R) :
  ∃ h,
    h ≠ [] ∧
      ∀ (op : (J → Bool) → Bool),
        ∃ m,
          ∃ (hm :
            ∀ (q : Q) (s : Fin h.length) (ξ : Fin ↑s → S.Selector) (u v : List (Fin h.length → S.Selector)),
              ↑(m q s ξ u v) ∈ Set.Icc 0 1),
            ∀ (q : Q) (p : (r : Q) → S.Edge r → ℝ) (hp : ∀ (r : Q) (e : S.Edge r), 0 < p r e),
              (∀ (u : IndependentZeroBlocks.GapWords (IndependentZeroBlocks.endoMarkerBlock h)),
                  AnalyticAt ℝ (fun z => S.sourceBlockBranch h (m q) ⋯ z u) p) ∧
                IndependentZeroBlocks.IIDBlockAtomicLaw (S.normalizedSelectorLaw p hp) h.length
                  (IndependentZeroBlocks.endoMarkerBlock h)
                  (fun w =>
                    IndependentZeroBlocks.scalarWordBooleanPredicate op
                      (fun j w => (MvPolynomial.eval fun i => f i w) (P j)) (S.transducer.outputWord q w))
                  (S.sourceBlockBranch h (m q) ⋯ p)
info: ReportProof.lean:4:0: IndependentZeroBlocks.FiniteStateSource.source_atomic_family_simultaneous.{u_2, u_3, u_5, u_6} {A : Type u_2}
  {Q : Type u_3} [Fintype Q] [DecidableEq Q] {K : Type u_5} [Fintype K]
  (S : IndependentZeroBlocks.FiniteStateSource Q A) (p : (r : Q) → S.Edge r → ℝ)
  (hp : ∀ (r : Q) (e : S.Edge r), 0 < p r e) (ell : ℕ) (e : Fin ell → S.Selector) (q : K → Q)
  (event : K → List A → Bool) (B : K → IndependentZeroBlocks.GapWords e → ℝ)
  (h :
    ∀ (k : K),
      IndependentZeroBlocks.IIDBlockAtomicLaw (S.normalizedSelectorLaw p hp) ell e
        (fun w => event k (S.transducer.outputWord (q k) w)) (B k)) :
  ∀ᵐ (ω : ℕ → S.Selector) ∂(S.normalizedSelectorLaw p hp).iidMeasure,
    ∀ (k : K),
      Filter.Tendsto (fun N => S.pathFrequency (q k) (event k) N ω) Filter.atTop
        (nhds (B k (IndependentZeroBlocks.initialMarkerGap e (IndependentZeroBlocks.iidBlockPath ell ω))))
info: ReportProof.lean:5:0: IndependentZeroBlocks.FiniteStateSource.source_atomicLaw_pathwise.{u_2, u_3, u_5} {A : Type u_2} {Q : Type u_3}
  [Fintype Q] [DecidableEq Q] (S : IndependentZeroBlocks.FiniteStateSource Q A) (p : (r : Q) → S.Edge r → ℝ)
  (hp : ∀ (r : Q) (e : S.Edge r), 0 < p r e) (ell : ℕ) (e : Fin ell → S.Selector) (q : Q) (event : List A → Bool)
  (D : IndependentZeroBlocks.GapWords e → ℝ)
  (h :
    IndependentZeroBlocks.IIDBlockAtomicLaw (S.normalizedSelectorLaw p hp) ell e
      (fun w => event (S.transducer.outputWord q w)) D) :
  (∀ᵐ (ω : ℕ → S.Selector) ∂(S.normalizedSelectorLaw p hp).iidMeasure,
      Filter.Tendsto (fun N => S.pathFrequency q event N ω) Filter.atTop
        (nhds (D (IndependentZeroBlocks.initialMarkerGap e (IndependentZeroBlocks.iidBlockPath ell ω))))) ∧
    Filter.Tendsto
      (fun N =>
        ∫ (ω : ℕ → S.Selector),
          ‖S.pathFrequency q event N ω -
              D
                (IndependentZeroBlocks.initialMarkerGap e
                  (IndependentZeroBlocks.iidBlockPath ell ω))‖ ∂(S.normalizedSelectorLaw p hp).iidMeasure)
      Filter.atTop (nhds 0)
info: ReportProof.lean:6:0: IndependentZeroBlocks.FiniteStateSource.analyticAt_sourceBlockMixedMoment.{u_1, u_2, u_3, u_4} {Q : Type u_1}
  {A : Type u_2} {J : Type u_3} [Fintype Q] [DecidableEq Q] [Fintype J]
  (S : IndependentZeroBlocks.FiniteStateSource Q A) (h : List S.Selector)
  (m : J → IndependentZeroBlocks.BlockBranchCoefficients h)
  (hm :
    ∀ (j : J) (s : Fin h.length) (ξ : Fin ↑s → S.Selector) (u v : List (Fin h.length → S.Selector)),
      ↑(m j s ξ u v) ∈ Set.Icc 0 1)
  (k : J → ℕ) (p : (r : Q) → S.Edge r → ℝ) (hp : ∀ (r : Q) (e : S.Edge r), 0 < p r e) :
  AnalyticAt ℝ (S.sourceBlockMixedMoment h m hm k) p
info: ReportProof.lean:7:0: IndependentZeroBlocks.FiniteStateSource.sourceBlockMixedMoment_eq_integral.{u_1, u_2, u_3, u_4} {Q : Type u_1}
  {A : Type u_2} {J : Type u_3} [Fintype Q] [DecidableEq Q] [Fintype J]
  (S : IndependentZeroBlocks.FiniteStateSource Q A) (h : List S.Selector) (hh : h ≠ [])
  (m : J → IndependentZeroBlocks.BlockBranchCoefficients h)
  (hm :
    ∀ (j : J) (s : Fin h.length) (ξ : Fin ↑s → S.Selector) (u v : List (Fin h.length → S.Selector)),
      ↑(m j s ξ u v) ∈ Set.Icc 0 1)
  (k : J → ℕ) (p : (r : Q) → S.Edge r → ℝ) (hp : ∀ (r : Q) (e : S.Edge r), 0 < p r e) :
  S.sourceBlockMixedMoment h m hm k p =
    ∫ (ω : ℕ → S.Selector),
      ∏ j,
        S.sourceBlockBranch h (m j) ⋯ p
            (IndependentZeroBlocks.initialMarkerGap (IndependentZeroBlocks.endoMarkerBlock h)
              (IndependentZeroBlocks.iidBlockPath h.length ω)) ^
          k j ∂(S.normalizedSelectorLaw p hp).iidMeasure
info: ReportProof.lean:8:0: IndependentZeroBlocks.FiniteStateSource.analyticAt_sourceComplexExpTransform.{u_1, u_2, u_3, u_4} {Q : Type u_1}
  {A : Type u_2} {J : Type u_3} [Fintype Q] [DecidableEq Q] [Fintype J]
  (S : IndependentZeroBlocks.FiniteStateSource Q A) (h : List S.Selector)
  (m : J → IndependentZeroBlocks.BlockBranchCoefficients h)
  (hm :
    ∀ (j : J) (s : Fin h.length) (ξ : Fin ↑s → S.Selector) (u v : List (Fin h.length → S.Selector)),
      ↑(m j s ξ u v) ∈ Set.Icc 0 1)
  (p : (r : Q) → S.Edge r → ℝ) (hp : ∀ (r : Q) (e : S.Edge r), 0 < p r e) (t : J → ℂ) :
  AnalyticAt ℂ (fun zt => S.sourceComplexExpTransform h m hm zt.1 zt.2) (S.complexifySourceWeights p, t)
info: ReportProof.lean:9:0: IndependentZeroBlocks.FiniteStateSource.sourceComplexExpTransform_entire.{u_1, u_2, u_3, u_4} {Q : Type u_1}
  {A : Type u_2} {J : Type u_3} [Fintype Q] [DecidableEq Q] [Fintype J]
  (S : IndependentZeroBlocks.FiniteStateSource Q A) (h : List S.Selector)
  (m : J → IndependentZeroBlocks.BlockBranchCoefficients h)
  (hm :
    ∀ (j : J) (s : Fin h.length) (ξ : Fin ↑s → S.Selector) (u v : List (Fin h.length → S.Selector)),
      ↑(m j s ξ u v) ∈ Set.Icc 0 1)
  (p : (r : Q) → S.Edge r → ℝ) (hp : ∀ (r : Q) (e : S.Edge r), 0 < p r e) (t : J → ℂ) :
  AnalyticAt ℂ (S.sourceComplexExpTransform h m hm (S.complexifySourceWeights p)) t
info: ReportProof.lean:10:0: IndependentZeroBlocks.FiniteStateSource.sourceComplexExpTransform_eq_integral.{u_1, u_2, u_3, u_4} {Q : Type u_1}
  {A : Type u_2} {J : Type u_3} [Fintype Q] [DecidableEq Q] [Fintype J]
  (S : IndependentZeroBlocks.FiniteStateSource Q A) (h : List S.Selector) (hh : h ≠ [])
  (m : J → IndependentZeroBlocks.BlockBranchCoefficients h)
  (hm :
    ∀ (j : J) (s : Fin h.length) (ξ : Fin ↑s → S.Selector) (u v : List (Fin h.length → S.Selector)),
      ↑(m j s ξ u v) ∈ Set.Icc 0 1)
  (p : (r : Q) → S.Edge r → ℝ) (hp : ∀ (r : Q) (e : S.Edge r), 0 < p r e) (t : J → ℂ) :
  S.sourceComplexExpTransform h m hm (S.complexifySourceWeights p) t =
    ∫ (ω : ℕ → S.Selector),
      Complex.exp
        (∑ j,
          t j *
            ↑(S.sourceBlockBranch h (m j) ⋯ p
                (IndependentZeroBlocks.initialMarkerGap (IndependentZeroBlocks.endoMarkerBlock h)
                  (IndependentZeroBlocks.iidBlockPath h.length ω)))) ∂(S.normalizedSelectorLaw p hp).iidMeasure
info: ReportProof.lean:12:0: 'IndependentZeroBlocks.FiniteStateSource.exists_commonReset_source_polynomialWord_analytic_atomic_law' depends on axioms: [propext,
 Classical.choice,
 Quot.sound]
info: ReportProof.lean:13:0: 'IndependentZeroBlocks.FiniteStateSource.source_atomic_family_simultaneous' depends on axioms: [propext,
 Classical.choice,
 Quot.sound]
info: ReportProof.lean:14:0: 'IndependentZeroBlocks.FiniteStateSource.source_atomicLaw_pathwise' depends on axioms: [propext,
 Classical.choice,
 Quot.sound]
info: ReportProof.lean:15:0: 'IndependentZeroBlocks.FiniteStateSource.analyticAt_sourceBlockMixedMoment' depends on axioms: [propext,
 Classical.choice,
 Quot.sound]
info: ReportProof.lean:16:0: 'IndependentZeroBlocks.FiniteStateSource.sourceBlockMixedMoment_eq_integral' depends on axioms: [propext,
 Classical.choice,
 Quot.sound]
info: ReportProof.lean:17:0: 'IndependentZeroBlocks.FiniteStateSource.analyticAt_sourceComplexExpTransform' depends on axioms: [propext,
 Classical.choice,
 Quot.sound]
info: ReportProof.lean:18:0: 'IndependentZeroBlocks.FiniteStateSource.sourceComplexExpTransform_entire' depends on axioms: [propext,
 Classical.choice,
 Quot.sound]
info: ReportProof.lean:19:0: 'IndependentZeroBlocks.FiniteStateSource.sourceComplexExpTransform_eq_integral' depends on axioms: [propext,
 Classical.choice,
 Quot.sound]
Build completed successfully (3753 jobs).
